transaction_id,date,time,amount_kes,customer_id_hash,source_statement_year,source_pdf_page
a56addb00305b51f,2024-01-01,14:37:57,397.8,26fffb43361eca9e,2024,125
98c8612871daa6e4,2024-01-01,15:53:22,397.8,7e66cbb9145ed424,2024,125
69e6bc093ea89e3e,2024-01-01,17:06:36,200.0,463c283a838fb1e7,2024,125
ae2906856a03e524,2024-01-01,18:15:39,397.8,2e8484c0f09da0eb,2024,125
a8c3713bb6c9ec51,2024-01-02,13:26:48,397.8,56ae2849ccf76990,2024,125
a892a15c9933c47a,2024-01-02,14:16:56,397.8,1473794f0edc60f3,2024,125
cf4e0b506d1ac940,2024-01-02,14:27:27,497.25,4ded70ab3eeb62af,2024,125
d895477e60d4600c,2024-01-02,14:42:29,397.8,28b46581bf7cc394,2024,125
fcad2cb74d045b2d,2024-01-02,17:47:23,397.8,c65a099600b2e571,2024,125
bd187cd245a2b952,2024-01-02,19:26:36,1193.4,2fb4ce54de63a2d7,2024,124
6b61c23ca6092d88,2024-01-02,19:29:33,994.5,5c429f69804e1557,2024,124
8829c5ce485330fe,2024-01-03,12:35:03,696.15,e620ffa0cef961ee,2024,124
3bab934237f540a1,2024-01-03,13:47:17,895.05,f999441cdb10deed,2024,124
220228e591e0d564,2024-01-03,13:49:03,397.8,44cb168e4ea5e181,2024,124
bdbd60f875700bdb,2024-01-03,15:42:36,397.8,db5fc557760004c7,2024,124
83e7cdc9a47dbef6,2024-01-03,16:00:24,1591.2,83871716145a4f81,2024,124
b71e0c95f14c7499,2024-01-03,17:18:11,497.25,235102044e9caecb,2024,124
7d6ac3b96e142ae2,2024-01-03,18:19:25,397.8,0ce9f693a74c2b04,2024,124
91d5968fddd01cd2,2024-01-03,18:53:37,895.05,dfa7591e194c63f2,2024,124
11d12fc0c54be68b,2024-01-04,14:53:21,397.8,fcbcbc0bf3c1bf7a,2024,124
4743b9a7fca0d926,2024-01-04,17:36:20,397.8,f4d85b1b3b91c7bf,2024,124
12f9b4970cd7e4ba,2024-01-04,18:46:21,200.0,463c283a838fb1e7,2024,124
6fb1c4ce3bab4e25,2024-01-04,19:25:17,397.8,00e345c67289a5e7,2024,124
2ae76af6136b672f,2024-01-05,12:18:50,397.8,a881fbdb6fa651e9,2024,124
174761a264ac2a09,2024-01-05,12:35:22,200.0,61d397ad006467fb,2024,124
22262f09ff955b0e,2024-01-05,12:45:26,397.8,e3016a4ee79d383d,2024,123
d8ff5a846d31f9b8,2024-01-05,13:24:00,397.8,f94533bb14d724e4,2024,123
400f4bcfa6b56d34,2024-01-05,13:38:40,397.8,1037136caddf29d0,2024,123
f882aa77b6605e00,2024-01-05,14:32:36,497.25,3e5471f3808e1bc8,2024,123
2bcce95063e0c6da,2024-01-05,14:42:30,397.8,58fbd71919bbafba,2024,123
dc4c5e6feb535d04,2024-01-05,17:23:07,200.0,56ae2849ccf76990,2024,123
db576908aeac8a72,2024-01-05,18:32:25,397.8,186ce96da4727481,2024,123
698d66d4753ee634,2024-01-05,19:44:27,397.8,c897b09d0d744b67,2024,123
5ea254cafea03445,2024-01-06,10:23:49,397.8,04679a7c334756b6,2024,123
c3af590eac0f0e4d,2024-01-06,13:23:33,696.15,2f935479304d1e22,2024,123
ed8baba76f29ee72,2024-01-06,13:52:08,994.5,1829d995cb0956f8,2024,123
e6d20a735e7261c6,2024-01-06,15:54:24,100.0,2e8484c0f09da0eb,2024,123
e82d53b63b18aa79,2024-01-06,16:42:37,200.0,a7b97e66b8270398,2024,123
04e9ef3c08be99d6,2024-01-06,16:47:43,994.5,e3016a4ee79d383d,2024,123
89a5ac605db12505,2024-01-06,17:10:24,1989.0,c075b676bff66f62,2024,123
83458583ef54a994,2024-01-06,19:27:27,397.8,7961f22b41728bdb,2024,123
9b1f496072b16750,2024-01-06,21:31:55,397.8,388714140d80e76c,2024,123
c44ae609c093683d,2024-01-07,11:19:53,200.0,7334565f9040a95d,2024,123
3244f8443971832d,2024-01-07,12:07:29,397.8,0766508142b7c53f,2024,123
99d73229a87dfd8b,2024-01-07,12:44:48,200.0,faa9fee2266394c4,2024,123
ed4d5e7faa49b84d,2024-01-07,12:52:24,1193.4,af4be46a346f44a7,2024,123
b876f470bf590f77,2024-01-07,14:53:05,200.0,2327eecca46e6ad2,2024,123
397ae2951c0c207d,2024-01-07,16:12:58,298.35,59c8b84e949ef694,2024,123
89b58f4765de868f,2024-01-07,16:20:19,298.35,d7b41f355192792e,2024,123
38e303edf2b94d5f,2024-01-07,16:42:34,994.5,1865ca4e1168c1f1,2024,123
1a008bbf702cfee7,2024-01-07,17:05:59,994.5,f630ac990b6cce51,2024,123
f31b859f576aac76,2024-01-07,17:08:10,200.0,153e3699884836fc,2024,123
e75c46bf234724e7,2024-01-07,17:54:35,397.8,880ccb58a66d5355,2024,122
4940b66c16ff5246,2024-01-07,18:09:16,397.8,54662fb85f170172,2024,122
de1d398afbced3f5,2024-01-07,19:40:50,397.8,101eb4e2e7ba33d4,2024,122
2e5ef850f8492c92,2024-01-07,19:53:13,397.8,d9f8c2d5b6737159,2024,122
a6be3eed2dee5310,2024-01-07,21:23:17,1889.55,c810858fac9b8087,2024,122
1b1fc9ebf196ff93,2024-01-08,11:01:34,397.8,7bba2cea93235b45,2024,122
af0ec93b09163a8d,2024-01-08,11:18:21,200.0,d87164cf11ac2fcd,2024,122
6ca1252dd0541e8e,2024-01-08,14:57:06,397.8,9682ce13ad5e7f33,2024,122
dd1b220a6dd2cdcd,2024-01-08,15:57:55,397.8,116b01f086aec1ca,2024,122
6383ed9ce3bb6364,2024-01-08,16:33:32,397.8,bd1373b8185d442c,2024,122
2e9b8f698dd5d4ce,2024-01-08,16:57:14,397.8,b7b3a6ae2c34ab9c,2024,122
0552ee5dc8c18796,2024-01-08,17:56:28,397.8,7dfe7c0fcd6b2412,2024,122
68b3939c0780ce52,2024-01-08,18:20:12,200.0,6a4e82eafdc1279e,2024,122
312acf7661046c42,2024-01-08,19:07:19,596.7,cdb865c33975dd35,2024,122
aa872a47874a1b6d,2024-01-08,19:14:10,397.8,5d4ebccad598e0da,2024,122
7978cf668197e690,2024-01-08,19:35:28,298.35,c810858fac9b8087,2024,122
9ecd99ca794880a6,2024-01-08,19:41:16,397.8,7e66cbb9145ed424,2024,122
8cc688e605fb8708,2024-01-08,20:16:38,994.5,dd1bdd7fcbb7b771,2024,122
41c976decbe4e44b,2024-01-08,20:20:58,397.8,26fffb43361eca9e,2024,122
c5adc35d83d38435,2024-01-08,20:42:39,397.8,e12a81cce1fd490c,2024,122
bcf49b08a70b946e,2024-01-09,10:31:57,200.0,612ab83927ddcd3d,2024,122
4050d86fddecea0a,2024-01-09,10:50:14,200.0,53fcbbd8ba6f25b5,2024,122
d4197fa51eab3118,2024-01-09,14:23:16,919.91,71eb095fb3603465,2024,122
7f404f407f9f6d1c,2024-01-09,14:55:11,200.0,6e03d8368b2b3673,2024,122
825b32c1f33ca998,2024-01-09,17:19:53,1193.4,d11836664c5bed90,2024,122
0e296ac4f7c1ad90,2024-01-09,19:26:28,397.8,1f15477a212e5156,2024,122
9b916fa818bfa01b,2024-01-09,19:29:06,1093.95,31caab83991e0f22,2024,121
7448c66d64278a4c,2024-01-09,20:50:16,200.0,f92d9835a0f976ca,2024,121
4d9500ca1178d23b,2024-01-10,11:04:46,1193.4,959d0893c955cc22,2024,121
0ea2a6ba318d2dd8,2024-01-10,14:51:18,497.25,79fe3ceb26ef5bb5,2024,121
7f26561376ffa812,2024-01-10,16:12:09,397.8,ef948e13078d5ea5,2024,121
9abcb65fa1ad575f,2024-01-10,17:16:26,397.8,af4be46a346f44a7,2024,121
f7690bdb33cd42bb,2024-01-10,18:00:07,497.25,89c9fff4d6813780,2024,121
ef2287b15ab31f61,2024-01-10,18:20:28,397.8,56106773ae475cc2,2024,121
eef3433663189320,2024-01-10,20:10:18,994.5,161789a3d4af79e6,2024,121
88376d748ac45f0b,2024-01-11,17:12:40,397.8,36db84479e1e5a70,2024,121
c96c94044057d64c,2024-01-11,19:02:52,497.25,1a9251c377769348,2024,121
d5c17a93816c0395,2024-01-12,12:58:26,397.8,463c283a838fb1e7,2024,121
8bdc5820479d5395,2024-01-12,15:15:21,298.35,20870be95122990a,2024,121
c34a174e62963a56,2024-01-12,15:38:02,1193.4,2943c121a4aee4fc,2024,121
a112f2b680b1d905,2024-01-12,15:55:28,397.8,388714140d80e76c,2024,121
7850ec7731f9e1d1,2024-01-12,17:40:45,397.8,7d593b3048ab564e,2024,121
3673097f1d2c861d,2024-01-12,19:12:20,397.8,61d397ad006467fb,2024,121
0bdd4ad008797cc4,2024-01-12,19:32:49,397.8,7f7341e2036f51a4,2024,121
527fa67c6e784c70,2024-01-12,20:27:58,397.8,186ce96da4727481,2024,121
2b708682e69c106c,2024-01-13,11:53:11,1093.95,40755ce06f7c1cd9,2024,121
80574e005cf18d92,2024-01-13,12:25:26,397.8,56ae2849ccf76990,2024,121
9f0b007964e2c65b,2024-01-13,12:38:15,696.15,1037136caddf29d0,2024,121
5272f2043ad1aa81,2024-01-13,15:47:20,200.0,df9455265088ef74,2024,121
ae815f4e21671360,2024-01-13,15:58:07,795.6,8121e111a5f8a3d3,2024,120
1765f4d270daa2d0,2024-01-13,17:43:15,397.8,fe5cd88fdca72071,2024,120
670546c089e2986a,2024-01-13,18:33:45,397.8,5bb343dcf7cce5df,2024,120
b8a4aad88285015a,2024-01-13,19:39:41,397.8,56f8bd5f7e216dea,2024,120
64b6738fa29899be,2024-01-13,20:17:41,298.35,db5fc557760004c7,2024,120
4c88301376dd26de,2024-01-13,20:55:54,1093.95,03dbccbc57561932,2024,120
2564ea1d63d46c1f,2024-01-14,13:50:31,2088.45,1f991676f7025900,2024,120
c3092ef455171bd9,2024-01-14,14:27:37,994.5,bb9a10f8b92ebb49,2024,120
93cfa2514b4094d5,2024-01-14,15:32:08,497.25,003bbd623472eed2,2024,120
e7f47dd76fd347ca,2024-01-14,16:04:54,596.7,125ba5f458199ade,2024,120
7c522bb842f5d113,2024-01-15,12:21:24,298.35,05420a686b514643,2024,120
f165b83f130bc980,2024-01-15,13:49:33,1491.75,d4a9e0479ee5f88a,2024,120
56b0410e16cf41e7,2024-01-15,15:06:29,1093.95,e2282204748429b2,2024,120
38ea011abb3a0adf,2024-01-15,16:49:58,397.8,0ce9f693a74c2b04,2024,120
e4c5f81a89a83e70,2024-01-15,17:23:59,397.8,6519750c13e80275,2024,120
25f34d9e1e8f330c,2024-01-15,18:01:38,298.35,f630ac990b6cce51,2024,120
5132739f2cc174cc,2024-01-15,18:32:39,200.0,853bfa6ae7f758d8,2024,120
fa66dadee1903582,2024-01-15,19:00:49,200.0,d87164cf11ac2fcd,2024,120
d96310f5cf9859b7,2024-01-15,20:19:11,1093.95,d4d4fe6cbc67af98,2024,120
618f4c439faeb0af,2024-01-15,20:53:30,994.5,7794e99418af87d5,2024,120
a6ff81ff8b975ab2,2024-01-16,10:29:08,895.05,9b6f7ba2a281fdac,2024,120
b7fadca81ff29b62,2024-01-16,13:20:25,200.0,463c283a838fb1e7,2024,120
04e5dd850d835b33,2024-01-16,15:24:49,397.8,f27db6e19e5aca12,2024,120
9fbc1d7e81347b1b,2024-01-16,15:57:13,397.8,58d9f23ccf84feb0,2024,120
164e633beed7d982,2024-01-16,18:11:06,397.8,2327eecca46e6ad2,2024,119
2e42eff893cd1dde,2024-01-16,18:45:45,397.8,bd1373b8185d442c,2024,119
7b631963ba4d7f69,2024-01-16,18:58:32,397.8,a881fbdb6fa651e9,2024,119
718f1991acb2bb48,2024-01-16,19:03:04,397.8,e3016a4ee79d383d,2024,119
ebeede8a85c647c7,2024-01-16,20:04:12,994.5,c86e42c096caf974,2024,119
82cf7ad86a08668e,2024-01-16,20:06:37,397.8,db5fc557760004c7,2024,119
e389fa9df89c5b36,2024-01-17,14:12:36,497.25,e2f0c1dadda44619,2024,119
7203c5668d05611b,2024-01-17,17:55:58,397.8,44cb168e4ea5e181,2024,119
885bbde6bc07e421,2024-01-17,20:05:56,1690.65,5c1b4f48b9ebe9e0,2024,119
de112c8f4edaab64,2024-01-17,20:16:34,397.8,7e66cbb9145ed424,2024,119
8973195f3adbdadb,2024-01-18,15:35:10,200.0,56ae2849ccf76990,2024,119
7caf67fba101ebdb,2024-01-18,15:59:57,1491.75,ad88ba5bb3448aea,2024,119
8863d378e7f268e9,2024-01-18,16:25:05,397.8,d9f8c2d5b6737159,2024,119
ddb1040a4556b328,2024-01-18,17:44:11,397.8,4d6285651dcb1f5d,2024,119
7d7775701f9aaa85,2024-01-18,18:56:51,397.8,1e7229b251e50a16,2024,119
5e26c92ec7c7e679,2024-01-19,13:11:29,397.8,388714140d80e76c,2024,119
ea278e959b2a62e2,2024-01-19,15:12:58,200.0,1037136caddf29d0,2024,119
59da9e34dc979882,2024-01-19,15:36:25,397.8,04679a7c334756b6,2024,119
3d837414b4c9fb1f,2024-01-19,17:19:22,397.8,b3383aeafb45efbc,2024,118
626215ae7cc0af80,2024-01-19,17:30:42,397.8,2fac578042cc018b,2024,118
a1670fa93b1133e0,2024-01-19,18:08:26,397.8,96e1904d49006a7c,2024,118
7f769aafc977b3d3,2024-01-19,19:40:32,200.0,1f991676f7025900,2024,118
f6901b2935185b66,2024-01-20,14:01:38,200.0,6a4e82eafdc1279e,2024,118
614f84f24d6b805e,2024-01-20,14:39:49,397.8,64a12d9ee6195531,2024,118
0b713a43f4fbf116,2024-01-20,15:34:00,397.8,56ae2849ccf76990,2024,118
8b5eb7dd74e6b2dd,2024-01-20,19:51:57,397.8,e3016a4ee79d383d,2024,118
f88317565668d721,2024-01-20,20:24:45,397.8,26fffb43361eca9e,2024,118
ef18d03d130214fb,2024-01-20,20:55:23,397.8,61d397ad006467fb,2024,118
4ba5eb363c767869,2024-01-21,13:54:11,200.0,a7b97e66b8270398,2024,118
e67a2cccef9933f5,2024-01-21,15:08:50,497.25,5c429f69804e1557,2024,118
b4047f4bb7a3b8c8,2024-01-21,15:24:26,1093.95,d4d4fe6cbc67af98,2024,118
25034c23cfeb0870,2024-01-21,15:46:14,397.8,c61531689535e06e,2024,118
7c2309da6d2531a8,2024-01-21,16:47:41,397.8,36836ec9ac7bb507,2024,118
b3a331cf65b69da1,2024-01-21,17:01:19,397.8,9682ce13ad5e7f33,2024,118
563238758a7880bd,2024-01-21,17:27:38,397.8,87a65af5f4f571d7,2024,118
135efba785d748b1,2024-01-21,17:58:11,397.8,d6582b8a76a86c65,2024,118
5d075aa7a8cd65ff,2024-01-21,18:11:30,397.8,b7b3a6ae2c34ab9c,2024,118
f01cd601c5c44c83,2024-01-21,19:26:38,397.8,661986fc840c8ad2,2024,118
9a0a92c500f83fc3,2024-01-21,20:03:36,994.5,766757c853d8d335,2024,118
ce35636aa629e507,2024-01-22,10:00:09,397.8,385b772b6f27a162,2024,118
9e78d87d44987d34,2024-01-22,12:41:27,397.8,85b4948c570033d2,2024,118
57620e6f97821f15,2024-01-22,13:49:57,994.5,f630ac990b6cce51,2024,118
bcf0b514e2319b2c,2024-01-22,17:46:33,596.7,83871716145a4f81,2024,117
de44d94525428e87,2024-01-22,18:53:12,200.0,1473794f0edc60f3,2024,117
1c2224d94f6dabfe,2024-01-22,19:28:28,397.8,42daeeb2a2eb6cfc,2024,117
fd26831e33315978,2024-01-23,13:11:20,397.8,4ed04bf1a17f9c63,2024,117
7e6fe06ea92eae45,2024-01-23,13:22:37,397.8,7e66cbb9145ed424,2024,117
bd57019db5b895c4,2024-01-23,14:21:57,895.05,101776dc0e70bac1,2024,117
79a29cf91de55ccf,2024-01-23,15:24:04,200.0,6a4e82eafdc1279e,2024,117
17799976358c873c,2024-01-23,19:48:50,397.8,5adf440e75459654,2024,117
2ea6dd2799377d18,2024-01-23,20:37:46,397.8,8d8dbf05c25c33e2,2024,117
fd19f2c73bae60a4,2024-01-23,20:41:06,1093.95,b011961439624cfd,2024,117
046181540f28125a,2024-01-24,10:15:38,200.0,7aacbf73a69cc8eb,2024,117
3c7b82760b9cc73a,2024-01-24,14:06:30,994.5,96ef7b6a9e0698ce,2024,117
6d5933810534601b,2024-01-24,17:13:20,397.8,71088b2e82a080ba,2024,117
03f6e0b09dffaf25,2024-01-24,20:20:29,397.8,e12a81cce1fd490c,2024,116
e9065a66004ce796,2024-01-24,21:00:15,497.25,f8fc5c9afb7ae389,2024,116
298336b7e3b12a71,2024-01-25,17:49:45,200.0,56ae2849ccf76990,2024,116
1ac9e5ff408b3db9,2024-01-25,18:08:18,397.8,36db84479e1e5a70,2024,116
4bf6e58cf3c12306,2024-01-25,18:17:03,397.8,61d397ad006467fb,2024,116
9afd05a9be0a5e6c,2024-01-25,18:56:03,397.8,1e7229b251e50a16,2024,116
bb90a0501c6acb33,2024-01-25,19:36:14,397.8,4dac6785a29581f7,2024,116
28170ce2e2d6039c,2024-01-25,20:02:25,397.8,c897b09d0d744b67,2024,116
c5d50fbf68beab75,2024-01-25,20:21:59,397.8,1ff454667790622f,2024,116
37e8658e9f4d317c,2024-01-26,11:44:34,200.0,6a4e82eafdc1279e,2024,116
b349d1f0648e7bcd,2024-01-26,15:12:44,397.8,fcbcbc0bf3c1bf7a,2024,116
34088edf7c75496a,2024-01-26,16:05:51,795.6,0ce9f693a74c2b04,2024,116
3fdffd81418000d9,2024-01-26,16:19:48,397.8,7d593b3048ab564e,2024,116
065b15420ee061bb,2024-01-26,16:35:51,397.8,424aa970b147f7be,2024,116
a7162538ee73d6f5,2024-01-26,17:28:42,397.8,af4be46a346f44a7,2024,116
7f3d74f259d083a7,2024-01-26,19:53:25,397.8,a881fbdb6fa651e9,2024,116
7c6100a54460c7b5,2024-01-26,21:45:31,298.35,e3016a4ee79d383d,2024,116
c0f85b1c32beb4fd,2024-01-27,10:28:58,497.25,959d0893c955cc22,2024,116
1cd3ac9d47904bbd,2024-01-27,10:47:12,397.8,30fb3ede6bfd0417,2024,116
99fa54e4514b473b,2024-01-27,11:44:40,397.8,86515642e95c4570,2024,116
9c51a8ddd09aad8d,2024-01-27,15:02:39,397.8,db5fc557760004c7,2024,116
d52f6876f846acb8,2024-01-27,15:42:28,397.8,6a4992bdd8f23ded,2024,116
5914aa9a9bde9c84,2024-01-27,15:45:38,397.8,0ae85303a5f4d2ac,2024,116
c0c7780548a2df2d,2024-01-27,17:34:04,397.8,ba20692fab0756b5,2024,116
1f5107ae49bc288f,2024-01-27,17:37:12,397.8,3501debb3c579faa,2024,115
33f6bca150730e80,2024-01-27,18:50:12,1093.95,3f47349418c97a65,2024,115
cdbcce2ac2b614e3,2024-01-27,20:51:40,1093.95,d4d4fe6cbc67af98,2024,115
3a54c871456b89ea,2024-01-28,11:50:48,397.8,7bba2cea93235b45,2024,115
5bf6b82999534817,2024-01-28,13:21:44,596.7,9618197415632b4f,2024,115
5a92571794318e53,2024-01-28,15:38:17,298.35,,2024,115
1c01943a1da1c7d1,2024-01-28,15:48:05,298.35,301b808f92ce4bd8,2024,115
640d7e700a56f0c4,2024-01-28,15:48:08,397.8,ab6cc6c89a759257,2024,115
879097548e0674ae,2024-01-28,16:10:38,497.25,b5519b6e10855405,2024,115
7af59776dd1047b7,2024-01-28,16:43:55,397.8,56ae2849ccf76990,2024,115
95a07494b1b7c819,2024-01-28,17:07:27,397.8,38ba69e8511fd6bd,2024,115
58519b682457927b,2024-01-28,17:38:29,200.0,2277437a9b487ea6,2024,115
66173f6b6eaba7e0,2024-01-28,18:53:54,397.8,1e02b9da3801cdec,2024,115
18823044d3c01503,2024-01-28,19:24:16,397.8,c810858fac9b8087,2024,115
56e3e79d70067607,2024-01-28,19:53:29,397.8,26fffb43361eca9e,2024,115
c67232f5766ee6e0,2024-01-28,20:39:36,397.8,266306f9263d575e,2024,115
13540dfd33104094,2024-01-29,10:34:35,397.8,5cfb32421ede5068,2024,115
94f97a740a5c4330,2024-01-29,11:40:18,596.7,1037136caddf29d0,2024,115
177dcc2a83e427f5,2024-01-29,16:22:49,397.8,1933054b92df99da,2024,115
e75a84cc0def7706,2024-01-29,16:33:25,397.8,d115a01bde1e6ac0,2024,115
91ea9727ebd4b4b7,2024-01-29,16:58:15,397.8,7dfe7c0fcd6b2412,2024,115
6598df287a2a301f,2024-01-29,17:34:59,397.8,d7fc4fdd5c3e9f66,2024,115
a84335267ca09cde,2024-01-29,17:36:17,397.8,c65a099600b2e571,2024,115
71457f6860d56930,2024-01-29,17:48:32,397.8,d02b796930cddff5,2024,115
44a37476fa8bdb29,2024-01-29,18:24:45,1292.85,ce6e576f7934ab13,2024,115
fcafc0e516fab73a,2024-01-30,13:52:43,397.8,125ba5f458199ade,2024,114
98c19d741e942f2f,2024-01-30,18:20:10,397.8,2f935479304d1e22,2024,114
3a0aefe9af9c5eb0,2024-01-30,18:51:26,397.8,58fbd71919bbafba,2024,114
9f73d25471f7b788,2024-01-30,19:55:35,397.8,7e66cbb9145ed424,2024,114
e8c49ef9761d5ae3,2024-01-31,11:33:42,696.15,2196e1694be2f1a6,2024,114
837cb77d1693a264,2024-01-31,12:22:02,397.8,55632175da0b5678,2024,114
023106a99bc5f708,2024-01-31,13:20:31,397.8,f94533bb14d724e4,2024,114
a237e2b7bb582336,2024-01-31,14:29:32,994.5,0ce9f693a74c2b04,2024,114
642ec8eeda89bbfa,2024-01-31,15:06:57,397.8,d3677ae69659998d,2024,114
90455855fe9332d0,2024-01-31,15:51:30,397.8,2fac578042cc018b,2024,114
2aa130538775bb70,2024-01-31,16:09:50,397.8,388714140d80e76c,2024,114
9b8a5d130be39b04,2024-01-31,16:21:33,397.8,58d9f23ccf84feb0,2024,114
2909cbac5e2a0b66,2024-01-31,17:19:33,200.0,4d6285651dcb1f5d,2024,114
dcfb48575cbfe14a,2024-01-31,19:22:29,397.8,ed38253efb7b3222,2024,114
5f4a1bd8b2a7d8c8,2024-01-31,19:51:07,200.0,00e345c67289a5e7,2024,114
d00c262135dbdadd,2024-02-01,10:52:58,397.8,2bff7c6bddba6c6c,2024,114
caf328c8792f2b8e,2024-02-01,13:56:33,397.8,edc766c92dfe0546,2024,114
77e9ae423b9b811a,2024-02-01,14:49:09,596.7,61d397ad006467fb,2024,114
521932cd08399b4c,2024-02-01,15:03:04,348.07,ec1d33ae5c344e2e,2024,114
44e71087529e233a,2024-02-01,15:52:02,497.25,26fffb43361eca9e,2024,113
29733e719062d460,2024-02-01,17:25:44,397.8,acba30af2c62386b,2024,113
00e98cb1abfd9b1a,2024-02-01,18:18:10,397.8,1e7229b251e50a16,2024,113
a105865ebdb06a4c,2024-02-01,18:57:07,397.8,1f15477a212e5156,2024,113
6b8ff020729eb7c3,2024-02-01,19:10:46,298.35,db9a7894f7a2f59e,2024,113
22f8b2aac491263c,2024-02-01,19:27:06,795.6,a881fbdb6fa651e9,2024,113
052dc6e9f4620de1,2024-02-01,19:28:21,397.8,92b83d69686e453d,2024,113
8671fd72259ec895,2024-02-01,20:10:41,397.8,f4d85b1b3b91c7bf,2024,113
215b31fc6e7e7acb,2024-02-01,20:53:59,397.8,6a4e82eafdc1279e,2024,113
f69a595fa6fa3b99,2024-02-02,08:59:12,1193.4,d11836664c5bed90,2024,113
3b42eafdda7669bd,2024-02-02,10:56:01,397.8,28b46581bf7cc394,2024,113
fb64526a33cdfff1,2024-02-02,11:36:03,397.8,04679a7c334756b6,2024,113
58c3eda83b9397cb,2024-02-02,13:03:57,596.7,56207710f85602f5,2024,113
a7444993b8b1e5b3,2024-02-02,13:20:40,397.8,b011961439624cfd,2024,113
37ae6794825ef033,2024-02-02,13:58:59,397.8,7ed3c86db0b72bb0,2024,113
2e7dcfb0087d9412,2024-02-02,14:21:58,200.0,1037136caddf29d0,2024,113
db2fbb656f2c2e50,2024-02-02,16:39:20,397.8,b7b3a6ae2c34ab9c,2024,113
f4794f75defa28c1,2024-02-02,18:03:41,497.25,806b8c2d8114a9fe,2024,113
a06ffd127028175d,2024-02-02,18:11:37,298.35,09f8700bd224f562,2024,113
bc66d985655f6d40,2024-02-02,19:47:50,298.35,f630ac990b6cce51,2024,113
bfb21f494bada52e,2024-02-03,10:16:46,397.8,d29676defcef93e9,2024,113
a28518a848e5a61f,2024-02-03,11:16:36,397.8,9682ce13ad5e7f33,2024,113
7f2f94a81cc61b5d,2024-02-03,11:31:28,397.8,5ebd6aba82bddc89,2024,113
39bfb76d0ba5e1fe,2024-02-03,12:59:48,397.8,c538d9e2c7c7c690,2024,113
1fb88536188861df,2024-02-03,14:15:30,397.8,bd1373b8185d442c,2024,113
b0f25e6413e099ee,2024-02-03,14:37:02,397.8,b9b9cd4822baf71b,2024,113
bd92ae6e8482fc79,2024-02-03,15:33:50,497.25,,2024,113
41aee40c4e4bd5dc,2024-02-03,15:34:41,1690.65,8c2eed6050e36831,2024,112
84768f13ef0eba1c,2024-02-03,15:53:52,397.8,73afb8d06cefa990,2024,112
2782d1834d83347e,2024-02-03,17:10:35,397.8,56ae2849ccf76990,2024,112
5ebfd9da690d6da9,2024-02-03,17:41:00,397.8,ca93ffdbae8c454f,2024,112
badc0de0fce63a8b,2024-02-03,17:49:25,397.8,ce6e576f7934ab13,2024,112
bbbdbcecd5d3b28a,2024-02-03,19:05:24,397.8,4c8191493b60cbdd,2024,112
c0a2cc15000aeb8e,2024-02-04,12:05:50,397.8,564aecd0743cdce0,2024,112
0e59d69c870f12f4,2024-02-04,17:07:19,298.35,df9455265088ef74,2024,112
a06d7bb4adb5abf4,2024-02-04,19:05:30,994.5,efb567719c2cc599,2024,112
29b22abcab03ab7a,2024-02-04,19:58:01,200.0,c0fc9322e912a6c7,2024,112
fc689f5ae56f88ed,2024-02-04,20:46:05,397.8,58386ba93ab8c0f7,2024,112
372b221e74589944,2024-02-05,15:26:52,200.0,5cfb32421ede5068,2024,112
be099f0db40e5f5a,2024-02-05,17:37:57,397.8,c65a099600b2e571,2024,112
7ddfa837dba7008b,2024-02-05,18:20:43,397.8,d9f8c2d5b6737159,2024,112
905053cd88fc1af8,2024-02-05,19:00:55,895.05,26fffb43361eca9e,2024,112
734281ce9f36eb72,2024-02-05,19:42:51,397.8,1a9251c377769348,2024,112
4b5ff805586323d6,2024-02-05,19:53:34,200.0,6a4e82eafdc1279e,2024,112
a712f2e7cd3e0e7e,2024-02-06,10:43:15,200.0,3f20953de3b746b6,2024,112
1e2d27cb1c7beb23,2024-02-06,16:18:45,200.0,56ae2849ccf76990,2024,112
30da2694be5cf7b9,2024-02-06,16:32:37,397.8,ef948e13078d5ea5,2024,112
3f4f0c2b72cf4bcf,2024-02-06,17:22:52,397.8,880ccb58a66d5355,2024,112
9bab3aeb7803e1cc,2024-02-06,19:17:24,596.7,9831ac98fd811f16,2024,112
3c162a2d1457c5db,2024-02-06,19:46:47,397.8,7e66cbb9145ed424,2024,111
2db160347b90f8c0,2024-02-07,12:27:48,397.8,19e7861497d8fb05,2024,111
f3a8b792c61f05dc,2024-02-07,14:45:27,397.8,0ce9f693a74c2b04,2024,111
420439663f1e5e60,2024-02-07,15:10:08,397.8,5a44b1b2efef3375,2024,111
d3e402fe4133e228,2024-02-07,16:26:12,397.8,4d6285651dcb1f5d,2024,111
58020bf4e9de2309,2024-02-07,18:21:42,200.0,6f158401f8cf7e5d,2024,111
e1bdd7357d9bab44,2024-02-07,20:03:54,397.8,35fc95cfdc08a809,2024,111
a63875d92d2aa777,2024-02-08,13:06:33,397.8,7d593b3048ab564e,2024,111
8af96522594770a5,2024-02-08,15:20:38,397.8,1473794f0edc60f3,2024,111
6931de94c01c8b45,2024-02-08,15:54:30,397.8,9d625967374abf46,2024,111
7fdc5a13bb0d5f6c,2024-02-08,17:21:59,397.8,d02b796930cddff5,2024,111
19ff73dd44822152,2024-02-08,18:45:15,497.25,ed38253efb7b3222,2024,111
5bb0c9810bbcd075,2024-02-08,18:57:59,895.05,90756ee910750472,2024,111
8fef7dadcb9daeb1,2024-02-08,19:21:51,397.8,56106773ae475cc2,2024,111
c8a6c219a8068875,2024-02-08,19:59:24,397.8,0ce9f693a74c2b04,2024,111
bd20ece995eb2e7a,2024-02-08,21:19:08,298.35,f92d9835a0f976ca,2024,111
a19535f3d0711b1b,2024-02-09,14:38:43,397.8,44cb168e4ea5e181,2024,111
2d8dd2eabb50323d,2024-02-09,15:27:23,200.0,db9a7894f7a2f59e,2024,111
9da7d4ae93d22e0d,2024-02-09,17:22:36,1193.4,9b6f7ba2a281fdac,2024,111
1b6d5bdde8023075,2024-02-09,19:22:14,200.0,9a05fd41525e3133,2024,111
c6cc06bbeba0c6a2,2024-02-09,19:38:45,200.0,6a4e82eafdc1279e,2024,111
a2e1225d7e4bd7c7,2024-02-09,19:44:20,397.8,c897b09d0d744b67,2024,111
8615e850be40517d,2024-02-09,20:26:42,397.8,bd1373b8185d442c,2024,111
d493f3ea1f920a31,2024-02-09,20:26:48,397.8,6b286641a8f8a73a,2024,111
b106d31a11a658c4,2024-02-10,10:27:13,200.0,f516803f65250ff4,2024,110
c78a2017a33ad590,2024-02-10,11:43:14,397.8,53fcbbd8ba6f25b5,2024,110
d358ff683cf02b72,2024-02-10,12:05:31,397.8,89437b1bc30e7d1e,2024,110
c26cd681c4ad1730,2024-02-10,12:27:37,200.0,e3016a4ee79d383d,2024,110
1a76a570b4420d10,2024-02-10,12:52:17,200.0,1d0b0891a429b787,2024,110
3e90c1a274177750,2024-02-10,13:17:50,397.8,9489e3ce4c1cd4eb,2024,110
0cb36fb4d39f99b1,2024-02-10,14:40:44,100.0,6a4992bdd8f23ded,2024,110
bb0c6c8af2f0dda8,2024-02-10,16:09:50,397.8,56ae2849ccf76990,2024,110
de614747685125eb,2024-02-10,16:38:35,200.0,7c3dd579ae4c8a7b,2024,110
4aa987590bf37a41,2024-02-10,17:54:54,895.05,ec6f167287d2e6d3,2024,110
0e7da60490ef65b3,2024-02-10,18:56:34,397.8,448f68658b6ae246,2024,110
1abbbbc7432835ac,2024-02-10,19:17:15,397.8,3aaeed0921c43978,2024,110
5482a5e57d59575e,2024-02-10,19:21:11,1392.3,5adf440e75459654,2024,110
23671d630c552005,2024-02-10,19:58:28,1093.95,d4d4fe6cbc67af98,2024,110
e319e7807fb6f7d2,2024-02-10,20:04:47,397.8,61d397ad006467fb,2024,110
13c2192bac4dda90,2024-02-10,20:12:47,397.8,e12a81cce1fd490c,2024,110
c5d210b99a323498,2024-02-11,12:26:16,397.8,00ad0083a567f708,2024,110
afac6d43146ac252,2024-02-11,13:51:55,1093.95,eaac0d5edd8ad9ff,2024,110
38a5b146d96b7c2d,2024-02-11,14:04:51,397.8,d6582b8a76a86c65,2024,110
1f980663f93f4c4b,2024-02-11,15:22:49,397.8,60e9c46a67fce230,2024,110
66cee1c5e5b5f767,2024-02-11,15:31:43,397.8,2327eecca46e6ad2,2024,110
0480dd4ca391b056,2024-02-11,15:50:00,200.0,68ba446d1ac33d74,2024,110
5c017b7219b330ef,2024-02-11,15:50:44,1491.75,670b98578ef27624,2024,110
4ddc2496f00a72ad,2024-02-11,17:19:25,397.8,ebb506523ba95de3,2024,110
5dc5372256c42a8a,2024-02-11,17:35:51,397.8,86f0cbead000fd73,2024,110
49deb9fea3e4ac34,2024-02-11,17:36:59,994.5,8121e111a5f8a3d3,2024,110
3c4161624dd9c5da,2024-02-11,17:58:48,200.0,2327eecca46e6ad2,2024,110
2313343afdc33215,2024-02-11,18:26:54,1093.95,7bba2cea93235b45,2024,109
22fa84de07e3dc42,2024-02-11,19:01:28,397.8,38ba69e8511fd6bd,2024,109
e024f0e3e994484d,2024-02-11,19:01:56,397.8,e4151b99502b7125,2024,109
dbe437bd5fd8ebea,2024-02-12,16:06:33,397.8,1933054b92df99da,2024,109
0c7f799e213a609e,2024-02-12,18:04:11,397.8,5583d4754815a72c,2024,109
955f444737a39ba4,2024-02-12,18:36:49,200.0,6a4e82eafdc1279e,2024,109
61bc84841460d96a,2024-02-13,15:20:02,397.8,f94533bb14d724e4,2024,109
5c81a372974044c0,2024-02-13,19:25:25,1093.95,d9f8c2d5b6737159,2024,109
6d01992059b13608,2024-02-13,20:04:07,497.25,26fffb43361eca9e,2024,109
6d8fcaa715b23565,2024-02-14,15:00:35,200.0,2943c121a4aee4fc,2024,109
4848fd484060a398,2024-02-14,15:18:52,397.8,ee1603547452ecf1,2024,109
119f3518fb531820,2024-02-14,17:04:01,397.8,b011961439624cfd,2024,109
7bb456ca9ebf6ab3,2024-02-14,17:49:54,397.8,36db84479e1e5a70,2024,109
8926a8d05b5bcfc3,2024-02-14,19:14:08,397.8,ccb8e8d57119f911,2024,109
ac0315c1706c3f61,2024-02-14,20:05:09,397.8,38bf01b2b31e6c64,2024,109
72079027abb70aed,2024-02-14,20:47:41,397.8,2ef889216b5958d2,2024,109
71fd9c439cbe3058,2024-02-14,21:50:27,1989.0,7dfa4b4d494e5655,2024,109
1244812725683f22,2024-02-15,09:57:29,397.8,1f15477a212e5156,2024,109
55cc11cf1448e795,2024-02-15,13:53:02,397.8,83d8fccad20e2c13,2024,108
e69f6487f896ced7,2024-02-15,14:19:21,397.8,04461b7b1457a80b,2024,108
6cf1683b829de872,2024-02-15,15:43:51,397.8,6a4e82eafdc1279e,2024,108
444ca7c954dfb88a,2024-02-15,17:33:00,397.8,7e66cbb9145ed424,2024,108
612ec3c76514972f,2024-02-15,18:15:45,397.8,3990cad1c18651b4,2024,108
47b35b790455fa48,2024-02-15,18:50:11,596.7,e22e896f3768f61b,2024,108
ddab136ac8519f16,2024-02-15,20:11:49,397.8,9d625967374abf46,2024,108
39c5f85865117b00,2024-02-16,09:42:27,397.8,d115a01bde1e6ac0,2024,108
c9f52493db7b12c6,2024-02-16,11:27:09,397.8,04679a7c334756b6,2024,108
108208b1e8f7d9dd,2024-02-16,12:06:15,397.8,ddc2006584753b3e,2024,108
46eeaa88f0e6e7c7,2024-02-16,13:10:49,397.8,85b4948c570033d2,2024,108
488c212a7691a7be,2024-02-16,15:00:07,397.8,ff8d6c6b7d3b7253,2024,108
c179ee25eb4b443c,2024-02-16,15:17:31,696.15,e3016a4ee79d383d,2024,108
ce96ac09097d6d17,2024-02-16,16:15:39,397.8,b7b3a6ae2c34ab9c,2024,108
5bea87a51c523134,2024-02-16,17:01:12,397.8,56ae2849ccf76990,2024,108
b6b6bfb80a7cde3c,2024-02-16,17:26:27,397.8,c65a099600b2e571,2024,108
d3e94fd698f9b595,2024-02-16,18:03:29,497.25,ed38253efb7b3222,2024,108
c4b93583fb3e1a47,2024-02-16,18:30:32,397.8,4d6285651dcb1f5d,2024,108
85ead50b669f1ea0,2024-02-16,18:53:10,397.8,ba20692fab0756b5,2024,107
8488e9385c202da1,2024-02-16,20:34:55,397.8,db5fc557760004c7,2024,107
86cc9ea54d64654e,2024-02-17,10:40:39,100.0,bd1373b8185d442c,2024,107
b8b38380944072a4,2024-02-17,14:18:54,397.8,19e7861497d8fb05,2024,107
188e0ec4cef13b18,2024-02-17,16:01:33,70.0,0a6ff94adf105f1d,2024,107
f5629510955aa80c,2024-02-17,16:19:48,397.8,c61531689535e06e,2024,107
4f11b25ce05dba7a,2024-02-17,16:23:56,200.0,30fb3ede6bfd0417,2024,107
06c2521d394ecafd,2024-02-17,19:49:01,1093.95,03dbccbc57561932,2024,107
74248754c6689396,2024-02-17,20:34:25,1093.95,d4d4fe6cbc67af98,2024,107
2bb308b4953a8d3a,2024-02-18,13:18:28,397.8,3de68eb7361320b7,2024,107
e36dc3eea58a5887,2024-02-18,13:47:01,994.5,5c1b4f48b9ebe9e0,2024,107
3a6666904295b6cd,2024-02-18,14:01:03,397.8,1a5cbdfc265b1a9f,2024,107
b1a20ceea031e388,2024-02-18,14:55:13,200.0,7334565f9040a95d,2024,107
6f238eb1adb321c4,2024-02-18,15:57:58,397.8,f91419483ba932db,2024,107
c1605220d8cf7fae,2024-02-18,16:15:13,397.8,b017230b4da39323,2024,107
a902861a1f92468d,2024-02-18,16:51:55,397.8,3501debb3c579faa,2024,107
0dc7e48f3b953e88,2024-02-18,19:01:49,200.0,6a4e82eafdc1279e,2024,107
0cf5ae58062cc970,2024-02-19,10:15:36,1193.4,959d0893c955cc22,2024,107
b319e244c4ba8f14,2024-02-19,11:13:03,397.8,7f7341e2036f51a4,2024,107
19d89f3d02955261,2024-02-19,13:40:16,397.8,5cfb32421ede5068,2024,107
b8cabddae58c5cdb,2024-02-19,17:11:23,596.7,d02b796930cddff5,2024,107
a7a750ae4febd839,2024-02-19,17:36:40,895.05,e3016a4ee79d383d,2024,107
5d99bc9ced932372,2024-02-19,18:50:14,397.8,58fbd71919bbafba,2024,107
82346346d84fc99a,2024-02-19,19:05:33,397.8,1ff454667790622f,2024,107
360644086b882d38,2024-02-19,19:49:03,397.8,385b772b6f27a162,2024,107
718f7ac419543f7c,2024-02-19,19:51:04,397.8,0ce9f693a74c2b04,2024,106
d513bf209d09af46,2024-02-20,12:33:58,200.0,56ae2849ccf76990,2024,106
14dc9d8921092265,2024-02-20,13:14:12,1591.2,8121e111a5f8a3d3,2024,106
de3beb436f7a022f,2024-02-20,14:05:25,397.8,00ad0083a567f708,2024,106
34e7cab1abe0a4f7,2024-02-20,16:50:25,200.0,ede2c43c89e02794,2024,106
ed96c9dc53487f17,2024-02-20,17:06:48,397.8,96e1904d49006a7c,2024,106
5533635a6b027a99,2024-02-20,18:01:38,200.0,a7b97e66b8270398,2024,106
3e96d293487bc413,2024-02-20,18:03:18,397.8,1473794f0edc60f3,2024,106
98c2dca6035c4496,2024-02-20,20:15:04,696.15,e3016a4ee79d383d,2024,106
9b9f6312984a25d1,2024-02-21,10:29:43,397.8,ab6cc6c89a759257,2024,106
3eae5eb619fcf7fa,2024-02-21,13:26:12,397.8,388714140d80e76c,2024,106
a08c3eff744c006d,2024-02-21,13:32:57,397.8,e3016a4ee79d383d,2024,106
2d9c891f8a4ef3b8,2024-02-21,17:08:15,200.0,65491b0ca5974aa1,2024,106
160462ddd11a0fb0,2024-02-21,18:34:49,200.0,ce6e576f7934ab13,2024,106
ce417265985c8dcd,2024-02-21,19:58:22,1093.95,26fffb43361eca9e,2024,106
d415491fd2a7bf2b,2024-02-21,20:03:07,100.0,677a65f40536d0c5,2024,106
ea2416d7ead31a69,2024-02-22,11:15:36,397.8,2327eecca46e6ad2,2024,106
20b570903499e490,2024-02-22,12:30:40,895.05,73afb8d06cefa990,2024,106
f4e595d1f8391b7a,2024-02-22,13:31:40,497.25,422780cf9bce1db2,2024,106
2178e02e4a09527e,2024-02-22,15:24:18,397.8,6065e9efff79c35c,2024,106
4eb155d9dcfb50c1,2024-02-22,17:34:08,397.8,c65a099600b2e571,2024,106
21a03ecca39ad7c6,2024-02-22,17:49:04,200.0,463c283a838fb1e7,2024,106
f39ed097ceae7b81,2024-02-22,18:17:18,497.25,ed38253efb7b3222,2024,106
8d4f0c8354a16274,2024-02-22,18:43:27,397.8,1e7229b251e50a16,2024,105
74fafb190eb47e4a,2024-02-22,19:05:34,397.8,9d625967374abf46,2024,105
ec42b2b817940d6d,2024-02-22,19:20:28,994.5,1037136caddf29d0,2024,105
bb54428f23151e20,2024-02-22,20:23:41,397.8,63752b4181a58448,2024,105
a4200b61408d476a,2024-02-23,13:47:05,696.15,101eb4e2e7ba33d4,2024,105
4454d282bd7fe80f,2024-02-23,15:15:46,397.8,ccb8e8d57119f911,2024,105
5c2532960d972f69,2024-02-23,15:18:42,200.0,db9a7894f7a2f59e,2024,105
2ba91f365e1dff9c,2024-02-23,18:58:42,397.8,bd1373b8185d442c,2024,105
fabbc2e459b7cd66,2024-02-23,19:40:12,795.6,e3016a4ee79d383d,2024,105
024cb897615533fc,2024-02-23,20:21:11,397.8,87aa80a9cbc5446e,2024,105
884bfdec09c50ff6,2024-02-24,10:27:54,397.8,d378b421ed3d4d70,2024,105
a4dacae57138ee38,2024-02-24,10:48:49,397.8,67f32abb061440b6,2024,105
d3b71f0643eddffc,2024-02-24,10:55:53,397.8,24dedba6d633c2c6,2024,105
7ee6562cf5332ba1,2024-02-24,13:15:08,397.8,2294d49d24ef9f4e,2024,105
d2b98fab66764de2,2024-02-24,14:44:35,2784.6,58d9f23ccf84feb0,2024,105
64c2426ade67c0a9,2024-02-24,16:54:04,397.8,56ae2849ccf76990,2024,105
f193dc3d80a546d4,2024-02-24,18:01:32,397.8,ddc2006584753b3e,2024,105
1d6ee7fec195b6ec,2024-02-24,18:25:50,200.0,1037136caddf29d0,2024,105
a278259947600194,2024-02-24,18:38:38,200.0,317a07863cb06a27,2024,105
5a13085ca274759c,2024-02-25,12:17:43,397.8,85b4948c570033d2,2024,105
2daa3769ceb9736b,2024-02-25,13:40:09,1093.95,d4d4fe6cbc67af98,2024,104
1a8944ce3286df7e,2024-02-25,14:23:42,200.0,3de68eb7361320b7,2024,104
ffdcb8652cf3ace5,2024-02-25,16:17:08,1193.4,14bef459038d4c19,2024,104
3ba674180b69e7c6,2024-02-25,17:37:35,397.8,670b98578ef27624,2024,104
194ab3110a3d96d3,2024-02-25,17:57:38,397.8,13acb4ff18b5998e,2024,104
8e0f178cd787e8c2,2024-02-25,19:07:07,1093.95,83a17ad15ac1b141,2024,104
7ccf0c1adacf6c8a,2024-02-25,19:17:10,397.8,,2024,104
ef270efbcd8dcd92,2024-02-25,19:46:21,596.7,90bb20ec365a3acf,2024,104
79e962a929956bb1,2024-02-25,20:05:33,200.0,d29676defcef93e9,2024,104
d6727acf2d5f3f07,2024-02-26,10:49:37,397.8,d115a01bde1e6ac0,2024,104
fe11d2dbd026ec1a,2024-02-26,14:26:35,397.8,f94533bb14d724e4,2024,104
b133eb27db2c98dc,2024-02-26,16:23:59,200.0,463c283a838fb1e7,2024,104
5d2b11162106803e,2024-02-26,18:56:06,397.8,880ccb58a66d5355,2024,104
593dd35abb536b13,2024-02-26,19:55:43,397.8,d9f8c2d5b6737159,2024,104
08539a1c2a3cb269,2024-02-26,20:16:26,397.8,e12a81cce1fd490c,2024,104
3f2c3e965d304e81,2024-02-27,12:41:43,397.8,0ce9f693a74c2b04,2024,104
84da04f84c3c5f30,2024-02-27,16:02:10,497.25,cdb865c33975dd35,2024,104
55fdd2e7801d1428,2024-02-27,17:20:32,397.8,370fa2d737c8887a,2024,104
95254e3f7896738b,2024-02-28,10:26:45,100.0,2943c121a4aee4fc,2024,104
5cb18508999009b9,2024-02-28,11:26:28,397.8,d7b40093899ebf5f,2024,103
b48af1c9de5f8b57,2024-02-28,13:31:08,298.35,187610efefa24a2e,2024,103
93b6b3981cf84667,2024-02-28,14:50:14,397.8,1037136caddf29d0,2024,103
df7fec857069c938,2024-02-28,15:16:34,397.8,388714140d80e76c,2024,103
1ebcaab04087e848,2024-02-28,17:05:33,397.8,0014d9cbaa2c997c,2024,103
70baa69123cc4d8f,2024-02-28,17:05:39,397.8,1933054b92df99da,2024,103
6b3ef3c417c49da1,2024-02-28,17:24:20,397.8,4c44eb5fadb95224,2024,103
ed8c815808cd5707,2024-02-29,12:34:47,397.8,4d6285651dcb1f5d,2024,103
a868d9885b672c73,2024-02-29,13:04:58,397.8,3ab0107c91cf9f53,2024,103
5e2cf3f9cb6b51b1,2024-02-29,14:23:54,397.8,1473794f0edc60f3,2024,103
a74b9bd5401ffd33,2024-02-29,15:03:00,396.8,00ad0083a567f708,2024,103
5d6977cf547630a8,2024-02-29,17:36:58,1093.95,0ce9f693a74c2b04,2024,103
9ae5d8eca84fd9ea,2024-02-29,19:01:16,1193.4,9b6f7ba2a281fdac,2024,103
4f239be221eb1443,2024-02-29,19:56:33,200.0,e3016a4ee79d383d,2024,103
0b3b87c33b49dfe9,2024-03-01,10:23:21,397.8,f999441cdb10deed,2024,103
5f4dc3a4598d7b6c,2024-03-01,11:49:48,397.8,61d397ad006467fb,2024,103
3a1cc2bf6f5dcbb6,2024-03-01,11:54:46,200.0,ece67b1ac2685f6d,2024,103
e08d2b5202ea7dbd,2024-03-01,12:39:02,497.25,4ded70ab3eeb62af,2024,103
413878f2b4cbeaa5,2024-03-01,16:14:51,994.5,8121e111a5f8a3d3,2024,103
2550cf1304976e7d,2024-03-01,16:43:33,397.8,04679a7c334756b6,2024,103
c3287a619212b752,2024-03-01,16:49:40,397.8,6a4e82eafdc1279e,2024,103
271835e31aa9078e,2024-03-01,17:38:12,298.35,ec1d33ae5c344e2e,2024,102
bb17878a28b639a9,2024-03-01,18:08:25,397.8,db5fc557760004c7,2024,102
b88aa4d8b4502d99,2024-03-01,18:55:48,1093.95,eab6a989993619a0,2024,102
7a0138840a33ad02,2024-03-02,09:32:34,397.8,e237917d204867eb,2024,102
398b8ca8e23d4000,2024-03-02,10:13:13,397.8,2294d49d24ef9f4e,2024,102
df549984b60c188a,2024-03-02,11:31:26,497.25,4ded70ab3eeb62af,2024,102
96aa68c8d98f8979,2024-03-02,11:38:31,994.5,d11836664c5bed90,2024,102
91f500e83f1f23c9,2024-03-02,13:15:24,397.8,db4f1a1bb750eda8,2024,102
a4524115d7b4d65b,2024-03-02,14:36:28,397.8,edc766c92dfe0546,2024,102
c8e23658cbfa66db,2024-03-02,15:11:08,994.5,2fbe1ea606522f6e,2024,102
f19f6f4e5f5c8c80,2024-03-02,15:42:35,397.8,33569840a5cafdd2,2024,102
448ce5ae08aef16a,2024-03-02,16:45:17,795.6,54662fb85f170172,2024,102
5a53420788020cea,2024-03-02,16:47:07,200.0,e740462b4d1b87a0,2024,102
dd4f851849122691,2024-03-02,17:14:07,397.8,7e66cbb9145ed424,2024,102
2b577d887f91a5f4,2024-03-02,17:42:33,200.0,13272d3c48d6a5a6,2024,102
a95c5367ba95c16a,2024-03-02,17:52:45,397.8,b7b3a6ae2c34ab9c,2024,102
937cbfc4bb517521,2024-03-02,17:53:27,397.8,d11836664c5bed90,2024,102
96d4a3b132f7ba49,2024-03-02,18:43:36,397.8,bd1373b8185d442c,2024,102
bf8246911d5dce3f,2024-03-02,19:17:23,1093.95,26fffb43361eca9e,2024,102
7cf86adf3a3e37d8,2024-03-02,20:07:59,397.8,e677c9a6ff2d3353,2024,102
3dd975e1ee42a7f9,2024-03-03,12:04:44,397.8,30fb3ede6bfd0417,2024,102
1118ade0b05cff3f,2024-03-03,14:28:44,298.35,b9a1baacdf2b9b66,2024,102
ba69f5e662742641,2024-03-03,14:41:44,397.8,d02b796930cddff5,2024,102
90470d536f5c016e,2024-03-03,14:52:14,200.0,7bba2cea93235b45,2024,102
89640e330042bc39,2024-03-03,14:55:07,200.0,7bba2cea93235b45,2024,101
9b97c74eeb1da1c5,2024-03-03,15:23:24,397.8,0c56e804044060f9,2024,101
1345802008ac6c19,2024-03-03,17:19:14,397.8,266306f9263d575e,2024,101
2e49648f9764a89a,2024-03-03,17:45:38,397.8,ef948e13078d5ea5,2024,101
6afcc6b5cb0cd3d8,2024-03-03,18:16:06,397.8,e4534e2b69136809,2024,101
aaf321e64d42fd36,2024-03-03,19:45:57,200.0,8f5f3316cc5fb713,2024,101
04828126ac95e31b,2024-03-03,19:55:37,1093.95,d4d4fe6cbc67af98,2024,101
38f44f3ac7c31856,2024-03-03,20:40:09,397.8,7dfe7c0fcd6b2412,2024,101
d91fa6515ee0059e,2024-03-03,21:07:50,200.0,56106773ae475cc2,2024,101
c528d1709b0d7865,2024-03-04,17:01:29,397.8,388714140d80e76c,2024,101
382e1aafd1a43a6e,2024-03-04,17:19:04,298.35,b96d23e3bc787917,2024,101
5c2a2edc6dec1d81,2024-03-04,17:27:14,397.8,36db84479e1e5a70,2024,101
a2a970c787d6ca3e,2024-03-04,17:32:12,200.0,6a4e82eafdc1279e,2024,101
d705c94b4c208dbd,2024-03-04,17:57:47,994.5,dd1bdd7fcbb7b771,2024,101
976f7c377765b85b,2024-03-04,19:07:44,397.8,ccb8e8d57119f911,2024,101
4a9b76f325c3cf76,2024-03-05,07:39:12,200.0,53fcbbd8ba6f25b5,2024,101
456695f31cf90bc4,2024-03-05,14:38:58,397.8,f94533bb14d724e4,2024,101
51d747e7574b74d5,2024-03-05,15:56:42,200.0,35e94eed9857efa8,2024,101
b1e8ffdb5aa8aeec,2024-03-05,16:59:42,397.8,2327eecca46e6ad2,2024,101
b79f511d048377ea,2024-03-05,17:56:28,397.8,5c429f69804e1557,2024,101
9f7e0f44bd51174d,2024-03-05,18:28:29,397.8,e4151b99502b7125,2024,100
2ab5bb00ebc54cc2,2024-03-05,18:59:38,397.8,35fc95cfdc08a809,2024,100
50735df70c269df7,2024-03-05,19:38:42,298.35,f92d9835a0f976ca,2024,100
72ce36b9b88e1d5a,2024-03-06,13:03:45,1093.95,b4ce8e954ff6e057,2024,100
da682d13fe5e318b,2024-03-06,13:24:10,397.8,2bb48126be530a05,2024,100
979cd748eddc5206,2024-03-06,14:23:13,397.8,1037136caddf29d0,2024,100
33e5ba3d0af33c28,2024-03-06,17:48:51,200.0,cdf21bf8bae6c397,2024,100
8cba838dabb54988,2024-03-06,18:39:20,397.8,101eb4e2e7ba33d4,2024,100
bb88dc6800894d3c,2024-03-06,19:08:36,994.5,83871716145a4f81,2024,100
e79c625141fee017,2024-03-06,20:11:11,397.8,58fbd71919bbafba,2024,100
4403f70038f408de,2024-03-07,11:17:01,397.8,28b46581bf7cc394,2024,100
6667e14e861c84e3,2024-03-07,12:32:29,298.35,9bec6e1b88bd8e8d,2024,100
5a26a34b8fc7e75a,2024-03-07,15:18:57,397.8,af4be46a346f44a7,2024,100
7f0e4211c0e86090,2024-03-07,15:45:10,397.8,a801d7b6d1b612a5,2024,100
2f419de879e39439,2024-03-07,16:23:27,397.8,,2024,100
ae24ad53590fadb6,2024-03-07,18:00:40,397.8,44cb168e4ea5e181,2024,100
8c1bffb382bba6fe,2024-03-07,18:06:30,200.0,56ae2849ccf76990,2024,100
466a1f85a8c602ab,2024-03-07,18:19:30,397.8,f92d9835a0f976ca,2024,100
cae2de671384c919,2024-03-07,18:40:29,397.8,9d625967374abf46,2024,100
1da718eb771e6fbb,2024-03-07,19:14:50,397.8,d11836664c5bed90,2024,100
15836cd8e570761b,2024-03-07,19:15:11,397.8,d9f8c2d5b6737159,2024,100
439cc4ad52ee620e,2024-03-08,10:25:11,397.8,ab6cc6c89a759257,2024,100
5b55f29ea88e0397,2024-03-08,11:36:33,200.0,6a4e82eafdc1279e,2024,100
7f277a6230a9b02d,2024-03-08,11:54:43,397.8,fcbcbc0bf3c1bf7a,2024,99
a4f4919fd7c058d6,2024-03-08,15:29:39,397.8,25be826d4e259084,2024,99
1f3b21e16308c556,2024-03-08,16:24:21,397.8,19e7861497d8fb05,2024,99
444a316443899bee,2024-03-08,18:11:45,994.5,8121e111a5f8a3d3,2024,99
14d47f5f61cf0eeb,2024-03-09,12:26:23,397.8,ede2c43c89e02794,2024,99
bd6eb6fa7771ac2c,2024-03-09,13:41:00,100.0,71a7a32e4850c8cb,2024,99
10a60c223f21462e,2024-03-09,15:00:24,1193.4,e3016a4ee79d383d,2024,99
a614e09b2187f4a1,2024-03-09,15:25:38,397.8,d7fc4fdd5c3e9f66,2024,99
118febc148ea397f,2024-03-09,16:43:45,994.5,0ce9f693a74c2b04,2024,99
e1527f89566a9fe5,2024-03-09,17:33:39,397.8,fe5cd88fdca72071,2024,99
274070677dfad9ab,2024-03-09,18:42:50,795.6,ab9019f7b85b3f26,2024,99
2ec1097b4920e924,2024-03-09,19:46:08,397.8,bd1373b8185d442c,2024,99
b65a50b5c45679bc,2024-03-09,20:19:04,397.8,ce6e576f7934ab13,2024,99
cf15f84437860476,2024-03-10,12:46:45,397.8,c61531689535e06e,2024,99
793f4ea5e1e491f4,2024-03-10,13:16:44,397.8,04679a7c334756b6,2024,99
3e143954b24bb4ab,2024-03-10,14:32:27,497.25,8eaa98ef01bafcd3,2024,99
24347c836229881b,2024-03-10,14:49:26,397.8,7e66cbb9145ed424,2024,99
584eb3c47fcf7a9f,2024-03-10,16:22:22,1889.55,14bef459038d4c19,2024,99
bfe32a3fb52e2c73,2024-03-10,17:38:33,397.8,d6582b8a76a86c65,2024,99
c9227d6a7a742060,2024-03-10,18:20:20,596.7,26fffb43361eca9e,2024,99
fcafe2e6c55f55e6,2024-03-10,18:48:48,200.0,fd48be66bbd0319d,2024,99
994c83f6c15b0d9f,2024-03-10,18:59:58,200.0,58386ba93ab8c0f7,2024,99
cdf3eb3afa854485,2024-03-10,19:11:52,397.8,60e9c46a67fce230,2024,99
0715a41f78d7ac25,2024-03-10,20:57:36,397.8,3b4fd3de65d3d677,2024,99
abde78f7d8a76167,2024-03-10,21:15:23,200.0,065aaa337051afcc,2024,98
f72781c89575e1a3,2024-03-11,10:27:20,397.8,4d6285651dcb1f5d,2024,98
a553df077fef189a,2024-03-11,11:30:13,397.8,b3383aeafb45efbc,2024,98
f5ea7a3ccae27feb,2024-03-11,14:53:16,200.0,e3016a4ee79d383d,2024,98
08da2dfaec3f1324,2024-03-11,16:21:29,200.0,1eff035f8128a778,2024,98
202fe214748b40ae,2024-03-11,17:07:36,200.0,6a4e82eafdc1279e,2024,98
5ee1bd765729e902,2024-03-12,11:37:51,397.8,5ebd6aba82bddc89,2024,98
8384e24b5b22f07a,2024-03-12,11:50:41,200.0,f57fe7a87740dbdd,2024,98
fc1a7039549fb9cb,2024-03-12,12:39:47,268.51,8488d4270f81e5ab,2024,98
27b2b2141beb4502,2024-03-12,14:30:26,994.5,cc1b6ddc21ad69f5,2024,98
25de11f2558615e9,2024-03-12,15:06:17,497.25,db9a7894f7a2f59e,2024,98
684de166753ec744,2024-03-12,15:06:33,596.7,e1f23f36fbd3ee09,2024,98
23ad7f66d7ad3b41,2024-03-12,17:35:19,397.8,9b6f7ba2a281fdac,2024,98
0bbee6a7b1f88a41,2024-03-12,17:47:50,200.0,56ae2849ccf76990,2024,98
c5b53f01d9c9116a,2024-03-12,18:48:43,397.8,56207710f85602f5,2024,98
f39c88e3456ab69d,2024-03-12,19:26:22,397.8,6e1581b7feb8f557,2024,98
c945e8e931b5ff66,2024-03-12,20:01:34,200.0,9a9aa00db2e3754c,2024,98
c326c0ca47eed104,2024-03-13,12:41:10,397.8,d70a08152c7949f0,2024,98
5baaa73ea9e4cc7b,2024-03-13,14:17:34,397.8,1473794f0edc60f3,2024,98
14035cc3662c3fe3,2024-03-13,16:05:53,397.8,ccb8e8d57119f911,2024,97
6a5baf53803bcbb8,2024-03-13,17:16:04,298.35,93a7adba8ecf1a68,2024,97
56e73938ca5561ae,2024-03-13,18:20:27,497.25,ed38253efb7b3222,2024,97
e2dd9edee4e9eda4,2024-03-13,20:00:06,397.8,1ff454667790622f,2024,97
4cce52123ebd781a,2024-03-14,12:55:27,397.8,ce6e576f7934ab13,2024,97
1297d92382e946ad,2024-03-14,13:45:11,397.8,388714140d80e76c,2024,97
41ea40491201213f,2024-03-14,15:36:39,397.8,9ee16e2958d98642,2024,97
181aa8bd077cab69,2024-03-14,15:38:59,397.8,96e1904d49006a7c,2024,97
c2d560d817c01c4e,2024-03-14,18:01:45,397.8,aa90bd2086136b95,2024,97
e6a6844867981e6b,2024-03-14,18:53:34,200.0,285c5c086fe93d01,2024,97
fbdf68fb250d6f11,2024-03-14,19:16:14,994.5,c86e42c096caf974,2024,97
48228084902e0f9b,2024-03-14,19:26:59,200.0,5174d22051ca3913,2024,97
9b80da2456962106,2024-03-14,19:30:40,397.8,92cdd8585cad7b84,2024,97
5f82beb3c0c6a920,2024-03-14,19:54:21,1093.95,58386ba93ab8c0f7,2024,97
d29dfc3b63898354,2024-03-15,12:41:47,397.8,6a4e82eafdc1279e,2024,97
605a74734f6200fe,2024-03-15,13:52:25,397.8,56ae2849ccf76990,2024,97
3d86cac440a684f4,2024-03-15,14:53:55,298.35,db4f1a1bb750eda8,2024,97
00ab12198756f434,2024-03-15,16:26:14,100.0,db4f1a1bb750eda8,2024,97
749d8d76a5e8243d,2024-03-15,19:55:36,397.8,e677c9a6ff2d3353,2024,97
584c12b76fa8c361,2024-03-15,20:14:49,397.8,6e2c988cf5665678,2024,97
98cf27041fe83f41,2024-03-16,09:58:30,397.8,2294d49d24ef9f4e,2024,97
45d922e5b066a932,2024-03-16,11:25:05,397.8,d29676defcef93e9,2024,97
c2d763fff6693fea,2024-03-16,15:27:34,397.8,3501debb3c579faa,2024,97
86431cea5921578f,2024-03-16,15:50:52,1093.95,d9f8c2d5b6737159,2024,96
ce6928679e526488,2024-03-16,16:02:21,397.8,19e7861497d8fb05,2024,96
6f82595831c158be,2024-03-16,16:24:01,397.8,05663a4f42dfe214,2024,96
53da964d54f55e5f,2024-03-16,16:50:49,397.8,43b74658756c94da,2024,96
383c3ef63ba3bf5f,2024-03-16,18:24:56,397.8,88c7e72f48eb598b,2024,96
29165c41da9a6a4c,2024-03-16,18:34:12,397.8,bd1373b8185d442c,2024,96
0756dcb467046518,2024-03-16,19:08:04,397.8,448f68658b6ae246,2024,96
af34ed2f1c68db15,2024-03-17,12:14:24,397.8,61d397ad006467fb,2024,96
b11d12a742d6a94e,2024-03-17,12:58:24,397.8,00ad0083a567f708,2024,96
53dc331ff100db69,2024-03-17,13:25:44,397.8,577656f89b0bd379,2024,96
d26bbc76216b7e19,2024-03-17,13:59:39,397.8,10ff5c9d46de0901,2024,96
6b9a05b39c5cdacd,2024-03-17,14:16:12,397.8,3e5ffe34f53def6f,2024,96
f080029b8f409ed0,2024-03-17,14:30:39,200.0,d95caa4aa15a5155,2024,96
22e45b9b062108ee,2024-03-17,17:24:30,397.8,7e66cbb9145ed424,2024,96
df73761177aca47f,2024-03-17,17:47:49,397.8,266306f9263d575e,2024,96
f6c531432ca217c9,2024-03-17,18:25:53,397.8,2327eecca46e6ad2,2024,96
872ba8d6f1e179c5,2024-03-17,19:35:46,397.8,8121e111a5f8a3d3,2024,96
323a4367fe9db748,2024-03-18,11:36:44,200.0,463c283a838fb1e7,2024,96
a6e6d662bee91f7e,2024-03-18,16:05:42,497.25,4ded70ab3eeb62af,2024,96
e37b4b5cdcc36ddf,2024-03-18,16:23:12,1491.75,7e818278af3b3dc3,2024,96
b8b676fa83667577,2024-03-18,16:52:10,200.0,ce6e576f7934ab13,2024,96
251b220c47798cdd,2024-03-18,17:02:34,596.7,8121e111a5f8a3d3,2024,96
f6aa67fbf6347a9d,2024-03-18,18:17:15,1093.95,26fffb43361eca9e,2024,96
6d44ca70a5e78273,2024-03-18,19:12:34,497.25,677a65f40536d0c5,2024,96
fb5d8269597eddcf,2024-03-19,13:44:47,200.0,1f15477a212e5156,2024,96
49dedab115dd29ee,2024-03-19,15:29:47,845.32,dd1bdd7fcbb7b771,2024,96
44cff36a9a5f28f6,2024-03-19,18:30:37,1093.95,03dbccbc57561932,2024,95
c9c056c201927b08,2024-03-19,20:33:47,397.8,c897b09d0d744b67,2024,95
96fce7ff3f6edb51,2024-03-20,14:58:32,1392.3,5c1b4f48b9ebe9e0,2024,95
ed07becdecf44542,2024-03-20,18:55:28,497.25,670b98578ef27624,2024,95
e0ccda6627c31e71,2024-03-21,11:26:08,397.8,7d593b3048ab564e,2024,95
7715537968fdbf49,2024-03-21,15:47:47,596.7,8c2eed6050e36831,2024,95
61b73e15b37fa636,2024-03-21,20:40:32,397.8,9d625967374abf46,2024,95
a660391d491e705e,2024-03-22,09:17:25,795.6,0ce9f693a74c2b04,2024,95
da00a2a64f518823,2024-03-22,11:21:38,397.8,4d6285651dcb1f5d,2024,95
ee22588d061e5e92,2024-03-22,12:50:45,497.25,c075b676bff66f62,2024,95
9eb3a4ee9661cc88,2024-03-22,14:08:56,200.0,6a4e82eafdc1279e,2024,95
6f268a2fea192366,2024-03-22,14:45:39,200.0,6a4992bdd8f23ded,2024,95
2b92dab6c8d1bbf1,2024-03-22,16:08:59,497.25,d2b2374c25927350,2024,95
b67133028d321271,2024-03-22,16:51:32,397.8,880ccb58a66d5355,2024,95
e359227fbb5d0576,2024-03-22,17:19:42,397.8,30fb3ede6bfd0417,2024,95
c7e50ccfa3a9d5ba,2024-03-23,10:24:18,551.94,2c0c6d4f927808a2,2024,94
c8e430cafb551ade,2024-03-23,12:16:26,397.8,04679a7c334756b6,2024,94
45bd31fd71304af2,2024-03-23,12:53:49,397.8,40755ce06f7c1cd9,2024,94
bcec5aa8a55d68eb,2024-03-23,16:47:00,397.8,fe5cd88fdca72071,2024,94
6f0fcba8200191e3,2024-03-23,18:26:59,200.0,eca1af89396e9dbc,2024,94
c722e78a796141a7,2024-03-23,18:32:59,200.0,ce6e576f7934ab13,2024,94
6fa490cffe716160,2024-03-23,19:16:34,397.8,93d7b93bf82929fa,2024,94
5b36a9f1ecfef6ff,2024-03-23,19:28:47,745.87,f92d9835a0f976ca,2024,94
1f4227ddc663715a,2024-03-23,19:40:24,200.0,d4ddc2d3a5b9caf1,2024,94
13dbeb6c14fb3223,2024-03-23,19:51:41,497.25,9b6f7ba2a281fdac,2024,94
2eb7db76ea9a7d80,2024-03-23,20:02:47,397.8,bd1373b8185d442c,2024,94
2108fa2cbfd935b1,2024-03-24,13:04:10,397.8,0014d9cbaa2c997c,2024,94
ded145aedd2a0033,2024-03-24,13:17:07,200.0,d6fab121e339fbab,2024,94
078b0f57d871c2c3,2024-03-24,13:44:25,200.0,abe4299fe2735277,2024,94
76799f5e00b341a9,2024-03-24,14:27:15,497.25,9489e3ce4c1cd4eb,2024,94
8e1f6305dae82c2e,2024-03-24,15:07:40,397.8,20afc4b1d2567c95,2024,94
fe18542a0519e3d0,2024-03-24,15:40:56,397.8,7e66cbb9145ed424,2024,94
2fc4f058107b6d86,2024-03-24,16:46:02,397.8,ddc2006584753b3e,2024,94
6f46a9b8ab3367a4,2024-03-24,18:18:13,200.0,56ae2849ccf76990,2024,94
3875043c6f445a18,2024-03-24,18:28:50,397.8,56106773ae475cc2,2024,94
817f73e7f1f5606e,2024-03-25,10:11:06,397.8,5e3dadbf556df93e,2024,94
745977a36ab98384,2024-03-25,12:51:13,200.0,6a4e82eafdc1279e,2024,94
390f9de159354e8e,2024-03-25,13:10:37,397.8,7f7341e2036f51a4,2024,94
0c9ecc83881e6c1d,2024-03-25,14:29:03,397.8,63752b4181a58448,2024,94
9359830117fc2028,2024-03-25,14:39:10,397.8,d11836664c5bed90,2024,94
df2836cc60283abc,2024-03-25,16:07:15,397.8,38ba69e8511fd6bd,2024,93
640266cc16e04501,2024-03-25,16:55:29,298.35,9a05fd41525e3133,2024,93
4567260f269aa82a,2024-03-25,19:11:15,1491.75,dd1bdd7fcbb7b771,2024,93
eac1ca69cfdba832,2024-03-25,19:53:09,397.8,075fa03cd2d74225,2024,93
95874b446a3248fa,2024-03-25,20:08:08,795.6,f92d9835a0f976ca,2024,93
6259b4a45190f782,2024-03-25,20:16:50,795.6,3038935ccfebe47d,2024,93
ae051545340c0c17,2024-03-26,15:39:08,200.0,92875e353a5002f1,2024,93
3ae003a803be75bf,2024-03-26,17:55:46,2088.45,a273034aabcd7172,2024,93
4719ca0cc615a44d,2024-03-26,18:51:38,497.25,ed38253efb7b3222,2024,93
4821b0dda32e8316,2024-03-27,11:13:10,397.8,388714140d80e76c,2024,93
aac4774d059eaebe,2024-03-27,15:46:32,200.0,93d7b93bf82929fa,2024,93
098e2c92eed439c2,2024-03-27,17:48:50,994.5,8121e111a5f8a3d3,2024,93
5a990e5ca328cb00,2024-03-27,20:10:33,397.8,26fffb43361eca9e,2024,93
6c2aaa7c9cc647d0,2024-03-27,20:17:49,397.8,1037136caddf29d0,2024,93
cc99e2eddf811c3e,2024-03-28,10:07:08,397.8,1e7229b251e50a16,2024,93
3e046889f5773aec,2024-03-28,11:57:41,397.8,e620ffa0cef961ee,2024,93
236dfbd8450313de,2024-03-28,12:50:11,497.25,959d0893c955cc22,2024,93
16c1a2fdd7356374,2024-03-28,12:58:00,200.0,1037136caddf29d0,2024,93
30ba87e715dbaa39,2024-03-28,15:49:13,397.8,f94533bb14d724e4,2024,93
c0cf6fa495412036,2024-03-28,16:09:05,397.8,24dedba6d633c2c6,2024,93
fcd5638a2203ccad,2024-03-28,16:27:58,200.0,ce6e576f7934ab13,2024,93
6c7ebf27abc6913c,2024-03-28,17:07:14,994.5,abe4299fe2735277,2024,93
7affe2eb0490e8ff,2024-03-28,17:26:25,596.7,83871716145a4f81,2024,93
15eacd0476890bea,2024-03-28,18:39:22,397.8,56ae2849ccf76990,2024,93
42997e756abd096b,2024-03-28,19:52:24,397.8,61d397ad006467fb,2024,92
74a80fe7f08a59b2,2024-03-28,20:35:55,397.8,58fbd71919bbafba,2024,92
ff033a24ecf930ac,2024-03-29,14:58:20,397.8,6a4e82eafdc1279e,2024,92
f41222cea12e42d2,2024-03-29,17:32:57,397.8,5a44b1b2efef3375,2024,92
30f293d518459213,2024-03-30,10:11:36,397.8,2294d49d24ef9f4e,2024,92
7f8cd13ec4c27993,2024-03-30,11:09:45,397.8,7d593b3048ab564e,2024,92
7fd6856d58868573,2024-03-30,12:36:49,200.0,f516803f65250ff4,2024,92
096b4fe25651600c,2024-03-30,13:16:25,397.8,e4151b99502b7125,2024,92
9379fa0bd364f8ee,2024-03-30,13:17:13,397.8,eab6a989993619a0,2024,92
1c571a9792d4cc4f,2024-03-30,13:45:26,596.7,0ce9f693a74c2b04,2024,92
415c6189020342c5,2024-03-30,14:46:14,397.8,b75e01938ed9b279,2024,92
db2291be763fef8d,2024-03-30,15:57:48,200.0,65491b0ca5974aa1,2024,92
fa580b5c68d514ac,2024-03-30,17:38:05,200.0,4c8191493b60cbdd,2024,92
f591db186d73c6d1,2024-03-30,19:38:00,397.8,c60594f7f699fbdc,2024,92
345a6d0d46e9d0cb,2024-03-30,19:45:43,1093.95,d4d4fe6cbc67af98,2024,92
80632b1284e94c84,2024-03-30,20:56:47,397.8,5c429f69804e1557,2024,92
8bf47ee362566e8d,2024-03-31,14:14:33,200.0,56ae2849ccf76990,2024,92
ba083c4fe24fa39b,2024-03-31,14:56:38,298.35,1e8fde6bae811161,2024,92
5fae7e8995b9602e,2024-03-31,16:24:14,397.8,7e66cbb9145ed424,2024,92
246cdace8cd9cbed,2024-03-31,16:45:49,397.8,ede2c43c89e02794,2024,92
73eb976edcea79f7,2024-03-31,16:49:26,994.5,497bb44d302ff79c,2024,92
40ee1c00110da5de,2024-03-31,18:34:52,397.8,bd1373b8185d442c,2024,92
37722a262d7b5ed8,2024-03-31,18:57:27,397.8,b7b3a6ae2c34ab9c,2024,92
36a28fbf9eb9b8b5,2024-03-31,19:03:54,397.8,ef948e13078d5ea5,2024,92
70ffc59415a859c9,2024-04-01,13:28:14,696.15,80755f5b0415edc3,2024,92
10c20971340e8395,2024-04-01,13:43:29,397.8,ab6cc6c89a759257,2024,91
9d9dd02583fa0982,2024-04-01,14:06:16,1591.2,,2024,91
db7bbdfd351466fa,2024-04-01,14:39:13,397.8,53fcbbd8ba6f25b5,2024,91
e6b8be6749dca9ec,2024-04-01,15:12:35,200.0,26fffb43361eca9e,2024,91
51ec2abdd2827e7b,2024-04-01,16:21:45,497.25,db9a7894f7a2f59e,2024,91
a1975695b6ca973c,2024-04-01,16:46:55,200.0,ce6e576f7934ab13,2024,91
21ebff4e9e710ec5,2024-04-01,17:40:04,100.0,96e1904d49006a7c,2024,91
76a31b22d3019b62,2024-04-01,17:55:35,200.0,6a4e82eafdc1279e,2024,91
385f05d73e1ed64d,2024-04-01,18:14:25,497.25,,2024,91
a5b94287adcb1bc7,2024-04-01,18:42:50,397.8,6af13c24754a0423,2024,91
079467c868748ab5,2024-04-01,18:48:36,1591.2,f0183ae704e0f975,2024,91
8beda6dafcd9358d,2024-04-01,19:02:36,200.0,92875e353a5002f1,2024,91
505b318c0f58a1d3,2024-04-01,19:10:39,895.05,b9f8b42a6cc60da8,2024,91
d7e6a449147f9d1a,2024-04-02,15:35:48,397.8,f630ac990b6cce51,2024,91
6690d503d0b5abe6,2024-04-03,10:50:16,397.8,4d6285651dcb1f5d,2024,91
078ef0542b1a3932,2024-04-03,15:22:20,497.25,0ae85303a5f4d2ac,2024,91
5caac3c581df4b82,2024-04-03,15:39:06,397.8,6876219b2b58b957,2024,91
37304f2fd6eabc9a,2024-04-03,16:29:22,795.6,d6ae6eb08b38b89a,2024,91
8d1b8f98685fca52,2024-04-03,18:02:40,397.8,9edd13959f04ad5a,2024,91
94ecfe8055daa50c,2024-04-03,19:16:40,1093.95,26fffb43361eca9e,2024,91
0c4df908e829f58e,2024-04-03,19:49:18,298.35,61bd8f0214911102,2024,91
a95dff923ebc10ce,2024-04-04,10:09:19,1193.4,d11836664c5bed90,2024,91
f55df497a88bef01,2024-04-04,12:55:37,100.0,2943c121a4aee4fc,2024,90
d2d0f7cd0f9fc465,2024-04-04,14:39:33,397.8,589367b2f17daaae,2024,90
49ae898438ba74c4,2024-04-04,15:13:15,200.0,d87164cf11ac2fcd,2024,90
225fa8329f951126,2024-04-04,16:53:43,397.8,388714140d80e76c,2024,90
a3e26c9eadda3314,2024-04-04,18:29:39,397.8,1e7229b251e50a16,2024,90
42db5f1901959ee8,2024-04-04,18:43:55,397.8,0ce9f693a74c2b04,2024,90
82a62cb33dab2ee8,2024-04-04,19:10:26,497.25,ed38253efb7b3222,2024,90
d3d8e12b5b88a739,2024-04-04,19:45:05,397.8,d2c5f9655cc81637,2024,90
3c223ad4062f79e9,2024-04-05,10:05:46,397.8,28b46581bf7cc394,2024,90
99bcc2d68c21bb26,2024-04-05,12:48:10,200.0,,2024,90
764777c4281d20ef,2024-04-05,13:10:08,397.8,e0c8e48eddfc579b,2024,90
095a2998bccd6cff,2024-04-05,14:20:04,596.7,d02b796930cddff5,2024,90
37f040b775dab05c,2024-04-05,15:44:14,895.05,1feda2a4ac09600e,2024,90
b4778e8120999197,2024-04-05,17:07:47,696.15,ce6e576f7934ab13,2024,90
bd4e55802e280d27,2024-04-05,18:47:44,397.8,7715b91f954cece7,2024,90
6bc98ee274e6e92b,2024-04-05,19:36:09,397.8,0ce9f693a74c2b04,2024,90
04b3d2524b5f1f50,2024-04-05,19:39:29,200.0,463c283a838fb1e7,2024,90
3f0b5014fc025fbf,2024-04-06,13:09:55,397.8,56ae2849ccf76990,2024,90
55ea792c2871d94d,2024-04-06,14:03:29,397.8,2294d49d24ef9f4e,2024,90
ea712f1cc194c30a,2024-04-06,14:27:29,397.8,f92d9835a0f976ca,2024,90
e9d0069ebb5013c1,2024-04-06,15:31:56,200.0,1fa709fd0a00dbe5,2024,90
6875c4fc778ff4cb,2024-04-06,15:32:38,1093.95,e4151b99502b7125,2024,90
c9b33146da75f6da,2024-04-06,16:40:06,397.8,c61531689535e06e,2024,90
d8daf87ddd3460a7,2024-04-06,18:15:58,397.8,bd1373b8185d442c,2024,90
96644297acdbc60b,2024-04-06,19:10:56,397.8,c897b09d0d744b67,2024,89
8a5ad51736e8f4e5,2024-04-06,19:57:39,397.8,f92d9835a0f976ca,2024,89
21ff5dc5223ee647,2024-04-06,20:27:40,397.8,58386ba93ab8c0f7,2024,89
33807d4a08d9b188,2024-04-06,21:37:43,1093.95,d4d4fe6cbc67af98,2024,89
8eacee5e3f8308cd,2024-04-07,12:13:37,397.8,04679a7c334756b6,2024,89
4f735028bda83c28,2024-04-07,12:29:14,397.8,,2024,89
e2dc0cc254ebdc2a,2024-04-07,15:43:32,994.5,8121e111a5f8a3d3,2024,89
682074ff8a8e2c78,2024-04-07,16:50:52,397.8,7e66cbb9145ed424,2024,89
6ed2bd9e09926b39,2024-04-07,17:25:16,397.8,58d9f23ccf84feb0,2024,89
d8682acbe10e454e,2024-04-07,17:40:19,994.5,146ab97034364efd,2024,89
4387259fe4e609df,2024-04-07,18:42:48,397.8,5d4ebccad598e0da,2024,89
1929a8840e7e2af1,2024-04-07,19:34:30,397.8,8e7de0424b6e48b5,2024,89
5897ef4d1dab1bae,2024-04-07,20:42:22,397.8,266306f9263d575e,2024,89
b62573cffc7b9540,2024-04-08,11:04:25,200.0,459d19ea1cec07d7,2024,89
aea4ef3ffe12e8db,2024-04-08,12:03:36,795.6,1037136caddf29d0,2024,89
ff04907c51d3fd69,2024-04-08,14:52:26,200.0,463c283a838fb1e7,2024,89
dbac2e0ae33a7ea3,2024-04-08,20:00:55,994.5,dfa7591e194c63f2,2024,89
248d6ff720e6772d,2024-04-09,11:48:30,298.35,959d0893c955cc22,2024,89
7b128cae53c965a4,2024-04-09,12:57:15,397.8,23497db4cebf5872,2024,89
4df6885060d65d8a,2024-04-09,14:58:21,397.8,1f4f6f4c88b132f1,2024,89
1550d0ced145eb5e,2024-04-09,16:15:54,200.0,d2c5f9655cc81637,2024,89
9afb069941f49150,2024-04-09,16:57:59,298.35,f92d9835a0f976ca,2024,89
c1041ca1fa9be78c,2024-04-10,13:09:52,397.8,9a05fd41525e3133,2024,89
5eeb3e4dbce01f1e,2024-04-10,13:21:50,298.35,db0bdf1ca0ceb749,2024,89
7fb314dd27e8e1de,2024-04-10,14:11:24,298.35,72c749a151559660,2024,88
bd569103455307cf,2024-04-10,16:20:21,1093.95,e4151b99502b7125,2024,88
6c38df05feeee380,2024-04-10,17:52:28,397.8,3cd6178d79301f52,2024,88
cb8ca2e89151d967,2024-04-10,18:01:01,200.0,ece67b1ac2685f6d,2024,88
5a1462b4ef61b60c,2024-04-10,18:25:05,397.8,35fc95cfdc08a809,2024,88
2f273680471a0d89,2024-04-10,19:09:07,200.0,ca93ffdbae8c454f,2024,88
a91a59a860651027,2024-04-11,10:49:27,397.8,ba20692fab0756b5,2024,88
9414e14ae9f09459,2024-04-11,15:01:25,596.7,5da5ee5f5d1f97e8,2024,88
ebbbfafdfe9cad87,2024-04-11,18:04:58,200.0,ce6e576f7934ab13,2024,88
e333b570c97aa9f2,2024-04-11,19:52:10,397.8,56ae2849ccf76990,2024,88
bec444685ebe484d,2024-04-12,15:17:32,397.8,dd1bdd7fcbb7b771,2024,88
87c55d6a304438f6,2024-04-12,17:01:03,397.8,d6ae6eb08b38b89a,2024,88
786ef08f932824b2,2024-04-12,18:17:43,397.8,2294d49d24ef9f4e,2024,88
8445871285b63c03,2024-04-12,18:51:54,397.8,0014d9cbaa2c997c,2024,88
dbab703e74f6504b,2024-04-12,18:54:15,397.8,1933054b92df99da,2024,88
8a924f85c0a0044c,2024-04-13,12:03:34,795.6,1e28926da39ba37a,2024,88
f6b2a2672bcad8fa,2024-04-13,13:23:45,397.8,d7fc4fdd5c3e9f66,2024,88
1c8abb66936b9a5e,2024-04-13,13:32:11,397.8,7d593b3048ab564e,2024,88
1e88ae1411acdac8,2024-04-13,14:26:19,397.8,b017230b4da39323,2024,88
03ec9b906a3d449d,2024-04-13,15:44:47,397.8,e0167d9252253391,2024,88
9428fdca959a3282,2024-04-13,17:07:02,596.7,1f15477a212e5156,2024,88
aac24cead6d3bcff,2024-04-13,17:19:15,1392.3,,2024,88
a7427fd6d16ce248,2024-04-13,17:23:21,200.0,af4be46a346f44a7,2024,88
61ade20e04db3cec,2024-04-13,18:03:36,200.0,d87164cf11ac2fcd,2024,87
9a36196b6d01824e,2024-04-13,18:12:47,397.8,4c30cd878c34df3b,2024,87
ad7e5febd8e16527,2024-04-13,18:43:55,397.8,5bb343dcf7cce5df,2024,87
d5709d946065ea90,2024-04-13,19:55:49,397.8,d9f8c2d5b6737159,2024,87
296c7fa215f1e6a4,2024-04-13,20:24:46,397.8,1ff454667790622f,2024,87
537326788c88b4e9,2024-04-13,20:25:08,1093.95,d4d4fe6cbc67af98,2024,87
33e4ec6060da1132,2024-04-13,22:47:05,994.5,9b6f7ba2a281fdac,2024,87
7ed7b405aafb9139,2024-04-14,11:56:58,397.8,04679a7c334756b6,2024,87
9d280e701855c777,2024-04-14,13:34:18,397.8,,2024,87
264dc83d17c0a382,2024-04-14,15:34:35,696.15,0ce9f693a74c2b04,2024,87
aba026439bcd019c,2024-04-14,15:35:57,397.8,ccb8e8d57119f911,2024,87
7d0a075385c956c0,2024-04-14,16:31:11,397.8,8af3ade2c8187b03,2024,87
35662a33e91ccecc,2024-04-14,17:10:24,397.8,d02b796930cddff5,2024,87
5c19f617d5e78fab,2024-04-14,17:24:13,994.5,8121e111a5f8a3d3,2024,87
22d652f1b9e63f78,2024-04-14,18:34:57,397.8,5adf440e75459654,2024,87
6f4f7d71a4d6a128,2024-04-14,19:08:18,1093.95,03dbccbc57561932,2024,87
6dec0be0b56607ea,2024-04-14,19:24:39,397.8,f516803f65250ff4,2024,87
04b780f193652541,2024-04-15,11:32:29,397.8,7e66cbb9145ed424,2024,87
f82216ccf4061603,2024-04-15,13:42:47,397.8,58fbd71919bbafba,2024,87
83706a309796800c,2024-04-15,14:51:19,397.8,ad382c341326cc02,2024,87
5a5af093841af973,2024-04-15,15:35:54,397.8,f6733b54f610bda1,2024,87
3119ddd4d995d0d0,2024-04-15,17:39:16,200.0,56ae2849ccf76990,2024,87
2698931b5e5838b8,2024-04-17,17:11:48,100.0,ce6e576f7934ab13,2024,86
0b6182d596a5a2b8,2024-04-17,18:05:41,397.8,105c76770e106e24,2024,86
e978afe9fae69f85,2024-04-17,18:18:21,397.8,0ce9f693a74c2b04,2024,86
790128f572289d93,2024-04-17,18:44:55,200.0,6a4e82eafdc1279e,2024,86
b3a1d762a2b2c2d7,2024-04-18,11:58:57,397.8,e677c9a6ff2d3353,2024,86
bc3f21b886b89a88,2024-04-18,12:35:40,298.35,f92d9835a0f976ca,2024,86
406a3a7d5691bfe1,2024-04-18,14:32:52,397.8,d6ae6eb08b38b89a,2024,86
42d032bffe8cfeb5,2024-04-18,15:44:49,397.8,56ae2849ccf76990,2024,86
e42db03010cb8ba2,2024-04-19,11:45:34,397.8,44cb168e4ea5e181,2024,86
393f4b65f02ae706,2024-04-19,12:19:06,397.8,edc766c92dfe0546,2024,86
09430ba0abd94637,2024-04-19,12:43:00,397.8,e620ffa0cef961ee,2024,86
54b37a1e7a270ed7,2024-04-19,14:45:30,397.8,9edef0a9aa1990a3,2024,86
b8322b6e9fe304ea,2024-04-19,15:00:16,397.8,d29676defcef93e9,2024,86
489ff668079a7810,2024-04-19,15:04:31,397.8,5d56a4e946e8a214,2024,86
b0d3ee1f572ac342,2024-04-19,15:58:37,397.8,3618b90bb6f0c6be,2024,86
fcfc9d3a6b2a064b,2024-04-19,18:40:46,1093.95,d9f8c2d5b6737159,2024,86
bdc906f8eb5ad0b6,2024-04-19,18:57:03,397.8,448f68658b6ae246,2024,86
94fcfdd4c3ffda15,2024-04-20,11:05:08,397.8,2294d49d24ef9f4e,2024,86
433c208182b7835f,2024-04-21,13:20:02,397.8,00ad0083a567f708,2024,85
c2062eee10430c4f,2024-04-21,14:48:43,200.0,670b98578ef27624,2024,85
644bc30ce6a492eb,2024-04-21,15:01:37,397.8,f999441cdb10deed,2024,85
9bbadef19f70e36b,2024-04-21,16:35:43,397.8,7e66cbb9145ed424,2024,85
89292a2fbfb90c52,2024-04-21,17:27:30,397.8,bd1373b8185d442c,2024,85
9a312c39fcefef3a,2024-04-21,17:50:15,397.8,38ba69e8511fd6bd,2024,85
463593d343eb33e2,2024-04-21,18:32:16,397.8,e4151b99502b7125,2024,85
9175cf6d6cda6e78,2024-04-21,19:46:39,397.8,ede2c43c89e02794,2024,85
b218cf92efe82c4f,2024-04-21,20:01:21,397.8,279035727150cf23,2024,85
dc3cf2502ccec087,2024-04-21,20:16:32,1491.75,d11836664c5bed90,2024,85
ce5fdc90ac5b9246,2024-04-22,10:59:53,397.8,b011961439624cfd,2024,85
b0959f35c05ff365,2024-04-22,11:31:02,397.8,58d9f23ccf84feb0,2024,85
8e3db61b0dc52f37,2024-04-22,12:48:28,994.5,8121e111a5f8a3d3,2024,85
f09d573b3e2dfdfc,2024-04-23,09:42:11,397.8,8351e34601338382,2024,85
e0b42f9cb4f37e27,2024-04-23,12:47:19,1193.4,d11836664c5bed90,2024,84
f96ee5b0869d3d6f,2024-04-23,14:31:37,397.8,2327eecca46e6ad2,2024,84
5fbac141527a2e81,2024-04-24,16:04:18,994.5,5c1b4f48b9ebe9e0,2024,84
4a152b38db9f50ef,2024-04-24,16:53:56,397.8,4c0073b13fc57fef,2024,84
ec34133a61d1188d,2024-04-24,19:42:28,397.8,4d6285651dcb1f5d,2024,84
d84d88a5767e196d,2024-04-24,20:04:43,497.25,e3016a4ee79d383d,2024,84
7a680d3ee1402c8d,2024-04-25,12:40:39,200.0,a7b97e66b8270398,2024,84
d4a946a9efb9a9f2,2024-04-25,14:31:30,298.35,1037136caddf29d0,2024,84
cead3af1211a7d66,2024-04-25,14:54:44,200.0,7334565f9040a95d,2024,84
23f6f85a87f08c1e,2024-04-25,14:57:28,845.32,dd1bdd7fcbb7b771,2024,84
b0bc957e82b22a0f,2024-04-25,18:27:59,397.8,1e7229b251e50a16,2024,84
af87feeb5aec6b82,2024-04-25,18:54:44,497.25,ed38253efb7b3222,2024,84
324ae2894b44ddd7,2024-04-25,18:58:22,397.8,0ce9f693a74c2b04,2024,84
89b4bb80707bc2f9,2024-04-25,19:07:53,397.8,58386ba93ab8c0f7,2024,84
9ffbac6fc0385098,2024-04-25,19:28:52,397.8,c897b09d0d744b67,2024,84
6315f364a176a4db,2024-04-26,10:16:50,397.8,388714140d80e76c,2024,84
8396ea32995cca7d,2024-04-26,11:02:56,397.8,186ce96da4727481,2024,84
cb38ce210e59f842,2024-04-26,13:01:14,994.5,61bd8f0214911102,2024,84
f4c234ee9f6a0939,2024-04-26,14:11:03,397.8,6065e9efff79c35c,2024,84
adf5c6d45a501d3f,2024-04-26,14:29:33,200.0,b4911468f4256991,2024,84
2f647c41fa1a3dfd,2024-04-26,14:41:31,397.8,625b89161a44371c,2024,84
c565feb8588a375f,2024-04-26,15:35:23,397.8,5dc9a9775bc2ae3c,2024,84
dc2d0f48e926fcd8,2024-04-26,15:59:27,397.8,1567b3b53eed290d,2024,84
3df02091f3aa7dd6,2024-04-26,17:30:32,397.8,af4be46a346f44a7,2024,83
8b83b931de0b7069,2024-04-26,17:41:41,397.8,d02b796930cddff5,2024,83
ba519fc22b8c4226,2024-04-27,10:28:26,397.8,2294d49d24ef9f4e,2024,83
eca349cf172a2389,2024-04-27,11:54:59,696.15,52279702d43d9f5b,2024,83
74d3a51c67c692c0,2024-04-27,12:07:16,298.35,ec6f167287d2e6d3,2024,83
e8b1e8d4747625d4,2024-04-27,13:55:57,895.05,d2c5f9655cc81637,2024,83
bd5c7601c82d43fa,2024-04-27,15:26:02,397.8,56ae2849ccf76990,2024,83
4e92cf6594cde29a,2024-04-27,16:25:20,745.87,67a9b2734b4888d4,2024,83
9b36b0d888ad94d5,2024-04-27,16:42:05,397.8,04679a7c334756b6,2024,83
8f3d966fa2c64cdb,2024-04-27,17:57:11,696.15,e4151b99502b7125,2024,83
ba08644ebf894502,2024-04-27,18:05:40,397.8,cad706b69f5c6ac2,2024,83
a468682da42c35ea,2024-04-27,18:07:06,397.8,fe5cd88fdca72071,2024,83
affab344c4365eea,2024-04-27,18:44:56,397.8,612ab83927ddcd3d,2024,83
9b081c2937b08b68,2024-04-28,13:42:57,596.7,38bf01b2b31e6c64,2024,83
553593a3b4f8ddfd,2024-04-28,14:12:53,397.8,fd48be66bbd0319d,2024,83
f248b521a553bf8c,2024-04-28,14:54:45,200.0,d02b796930cddff5,2024,83
659eeedbd1af217c,2024-04-28,15:20:25,200.0,2327eecca46e6ad2,2024,82
a801e625e1bd78d5,2024-04-28,15:27:24,994.5,8121e111a5f8a3d3,2024,82
80aae68ba491ce71,2024-04-28,16:01:03,1093.95,e67b548a32e322bc,2024,82
838cabe2ccf342ed,2024-04-28,18:45:52,397.8,bd1373b8185d442c,2024,82
934fc2c410113e3f,2024-04-28,19:11:26,397.8,5adf440e75459654,2024,82
fd5b33cd322447ea,2024-04-29,17:45:34,397.8,d9f8c2d5b6737159,2024,82
363d234876e04ef4,2024-04-29,19:17:34,200.0,6a4e82eafdc1279e,2024,82
4f8966067da81daf,2024-04-29,20:13:13,397.8,f516803f65250ff4,2024,82
f8a5b7d244377b23,2024-04-30,14:25:49,994.5,1a598d69ed4bd27b,2024,82
8bcb91ec5921d93e,2024-04-30,16:40:09,397.8,5583d4754815a72c,2024,82
1c92d243a062c442,2024-04-30,17:32:22,397.8,c66ff8d3cc5f9cb1,2024,82
25a9844638375d1e,2024-04-30,17:44:44,200.0,ce6e576f7934ab13,2024,82
e1be0755da3a9884,2024-04-30,18:08:59,397.8,96e1904d49006a7c,2024,82
a217cb186badba0c,2024-04-30,19:40:33,200.0,e3016a4ee79d383d,2024,82
e8c2d4ebf15dc090,2024-05-01,12:42:59,397.8,b21b0a05302dadc2,2024,82
a3b0ad1ce8eb99ba,2024-05-01,13:22:03,397.8,0766508142b7c53f,2024,82
171d5108f10f1f1a,2024-05-01,14:10:17,397.8,ef948e13078d5ea5,2024,82
18b0ea23cd0702d9,2024-05-01,15:02:53,397.8,b9b9cd4822baf71b,2024,82
00e68f4de4d9a973,2024-05-01,17:14:39,1093.95,6735fa30eef1776a,2024,81
7ffd7bff82ce95a8,2024-05-01,17:54:17,397.8,ddc2006584753b3e,2024,81
4388e8f46cc62c88,2024-05-01,19:02:24,397.8,58d9f23ccf84feb0,2024,81
0418927bb5b17c54,2024-05-02,11:32:45,397.8,4b885df3774ad95f,2024,81
120f17913f9d0c1f,2024-05-02,11:40:29,596.7,884b9e3d9f54a9d3,2024,81
2b0908392cb6c3cb,2024-05-02,12:18:10,397.8,b011961439624cfd,2024,81
20d56640805b43f7,2024-05-02,13:20:10,200.0,56ae2849ccf76990,2024,81
6a1535e698249eed,2024-05-02,16:04:39,397.8,58fbd71919bbafba,2024,81
437973ac4a3b8610,2024-05-02,17:42:35,392.82,e0c8e48eddfc579b,2024,81
0c6a1a82c49758fc,2024-05-02,17:44:09,397.8,4b885df3774ad95f,2024,81
e8ad3e2e9836250e,2024-05-03,11:26:38,397.8,9d625967374abf46,2024,81
da4483920915528d,2024-05-03,11:50:22,397.8,2294d49d24ef9f4e,2024,81
5014530ec2f56338,2024-05-03,12:39:17,397.8,4d6285651dcb1f5d,2024,81
e1097e713893ce61,2024-05-03,13:05:06,298.35,31caab83991e0f22,2024,81
d3bbfd38d53bedc0,2024-05-03,15:08:02,397.8,8e7de0424b6e48b5,2024,81
49f3aa2a5a132c94,2024-05-03,16:16:23,397.8,5c429f69804e1557,2024,81
c3a8f3790f379475,2024-05-03,17:10:17,397.8,b7b3a6ae2c34ab9c,2024,81
88991e00049fee22,2024-05-03,17:16:14,497.25,d5685842550fda8a,2024,81
dadea1b61dd76271,2024-05-03,18:26:03,397.8,c65a099600b2e571,2024,81
1aac020f5b6adbe8,2024-05-03,19:16:17,1093.95,26fffb43361eca9e,2024,81
d82523e4ffd45953,2024-05-03,19:26:55,397.8,1933054b92df99da,2024,80
777db376f9e8b594,2024-05-03,19:47:55,994.5,e0deb97f3e70d58f,2024,80
2a908b766b487441,2024-05-03,20:23:51,397.8,e677c9a6ff2d3353,2024,80
996247fadcd7c9de,2024-05-04,12:14:12,397.8,6a4e82eafdc1279e,2024,80
c64eb5657017d46c,2024-05-04,13:25:58,994.5,8121e111a5f8a3d3,2024,80
301fec5949b6085e,2024-05-04,15:14:20,397.8,56ae2849ccf76990,2024,80
1241b74d823d4a40,2024-05-04,15:24:19,397.8,9831ac98fd811f16,2024,80
78892bb61e054828,2024-05-04,16:04:37,1193.4,d11836664c5bed90,2024,80
b2d721bf42b6938e,2024-05-04,17:54:48,397.8,f2ce9f6c8e28da2d,2024,80
e420c3b0ea091a5c,2024-05-04,18:42:34,1093.95,03dbccbc57561932,2024,80
7c7781c5c9985efd,2024-05-04,19:34:13,397.8,625b89161a44371c,2024,80
4839c253c6ad519b,2024-05-04,20:05:37,397.8,c810858fac9b8087,2024,80
e6be1ae91ac2dcec,2024-05-04,20:40:00,397.8,bd1373b8185d442c,2024,80
1ce18aded26d8a04,2024-05-04,20:54:38,397.8,1ff454667790622f,2024,80
01ca902191e8c8d1,2024-05-05,14:42:31,200.0,26fffb43361eca9e,2024,80
b8d35948e5424e47,2024-05-05,14:48:54,200.0,bb5072e0a1146110,2024,80
2f56dc4fd1fd8f5d,2024-05-05,15:16:10,397.8,,2024,80
9c33c20f6a179813,2024-05-05,15:37:42,397.8,146ab97034364efd,2024,80
2b1656ad0b406b0f,2024-05-05,15:45:40,397.8,f999441cdb10deed,2024,80
38f58813e025e1f1,2024-05-05,16:21:34,397.8,661986fc840c8ad2,2024,80
e52f208026fca9b8,2024-05-05,17:30:34,397.8,ede2c43c89e02794,2024,80
857ff0f4d4ac0d80,2024-05-05,19:24:59,397.8,60e9c46a67fce230,2024,80
440b8551abc9e4ed,2024-05-06,12:38:15,397.8,388714140d80e76c,2024,80
6d73cc9563c36d3a,2024-05-06,13:10:41,397.8,28b46581bf7cc394,2024,79
ba8d44942597f9d3,2024-05-06,15:35:02,200.0,7c3dd579ae4c8a7b,2024,79
4b7caeffdd319f85,2024-05-06,17:49:46,397.8,d02b796930cddff5,2024,79
8fa8c2216ab6d655,2024-05-06,18:02:38,1093.95,7715b91f954cece7,2024,79
b0f27bf325d2bfae,2024-05-06,19:01:56,397.8,11bd00c8bf0ca16c,2024,79
36ba989eb88c74b7,2024-05-07,10:27:03,427.63,f91419483ba932db,2024,79
ed41aa781b7a324d,2024-05-07,14:40:49,895.05,85b4948c570033d2,2024,79
35288a0577ff6029,2024-05-07,15:20:01,397.8,9ee16e2958d98642,2024,79
679a66d7846b2ce9,2024-05-07,15:36:11,596.7,83871716145a4f81,2024,79
5770f8d9930e5d3e,2024-05-07,17:42:38,200.0,ce6e576f7934ab13,2024,79
57405e800f261551,2024-05-07,18:21:05,497.25,ed38253efb7b3222,2024,79
b0f7f090b5157312,2024-05-07,18:27:15,70.0,f92d9835a0f976ca,2024,79
074e9e9aee79110d,2024-05-07,19:22:04,200.0,df9455265088ef74,2024,79
0a9270d135c906d7,2024-05-07,21:04:59,397.8,fa68f06bbd6067e8,2024,79
125e81fdbdeaacf4,2024-05-08,10:19:39,397.8,04461b7b1457a80b,2024,79
16bb29b1e9a6a3ec,2024-05-08,10:55:02,795.6,125ba5f458199ade,2024,79
dff887289ffb22c4,2024-05-08,11:15:50,397.8,04679a7c334756b6,2024,79
04c526a0cfe100d5,2024-05-08,14:40:20,2884.05,f92d9835a0f976ca,2024,79
c40ce91bc1de523d,2024-05-09,12:51:39,397.8,6065e9efff79c35c,2024,79
120607f661071748,2024-05-09,13:55:21,397.8,ad88ba5bb3448aea,2024,79
73dcf342f04c129d,2024-05-09,13:56:10,200.0,56ae2849ccf76990,2024,79
49ef16570de30c8a,2024-05-09,17:51:52,994.5,690dbb8ca8de71cd,2024,79
60aa0f26270c0870,2024-05-09,19:03:29,397.8,61bd8f0214911102,2024,78
b2b4e86520625011,2024-05-09,19:08:29,200.0,61d397ad006467fb,2024,78
4bd10366068426de,2024-05-10,11:30:52,397.8,44cb168e4ea5e181,2024,78
b03e9c67c43a6d8d,2024-05-10,11:38:32,397.8,7bba2cea93235b45,2024,78
94c3e24b01d1fe70,2024-05-10,12:29:58,200.0,6a4e82eafdc1279e,2024,78
429de3252aff5be5,2024-05-10,16:00:07,2088.45,58386ba93ab8c0f7,2024,78
7d69a2547acc7b2a,2024-05-10,16:14:18,397.8,73afb8d06cefa990,2024,78
733abc45840feddc,2024-05-10,16:26:37,200.0,f516803f65250ff4,2024,78
17ffdaf0d60ad830,2024-05-10,16:42:39,397.8,ec4cf8802e621edc,2024,78
e25efab7f6b14ca5,2024-05-10,17:56:15,298.35,f92d9835a0f976ca,2024,78
45a560fec5bd231e,2024-05-10,18:43:06,200.0,317a07863cb06a27,2024,78
83ad3c5eb274e8ca,2024-05-10,19:56:49,397.8,bd1373b8185d442c,2024,78
e86a5857025224fc,2024-05-11,12:25:52,795.6,40c8b7222f232bc5,2024,78
c61c0e65d6f287ec,2024-05-11,12:36:46,397.8,e620ffa0cef961ee,2024,78
ea44370299236872,2024-05-11,14:52:39,397.8,5adf440e75459654,2024,78
334f2955c89ef721,2024-05-11,16:38:40,1989.0,,2024,78
47cf046fbaeb70bf,2024-05-11,16:59:36,397.8,e9b17116ad78b87a,2024,78
8ab965829232aad6,2024-05-11,17:12:01,200.0,9831ac98fd811f16,2024,78
2aac6e5e925f4f2b,2024-05-11,17:20:39,200.0,ce6e576f7934ab13,2024,78
680351702d0899e6,2024-05-11,17:27:09,200.0,d11836664c5bed90,2024,78
4d0962c46361ede5,2024-05-11,18:07:55,596.7,1e28926da39ba37a,2024,78
621945fc6150c108,2024-05-11,18:48:10,397.8,d9f8c2d5b6737159,2024,78
1156de9a620fa19e,2024-05-11,18:54:41,397.8,fe5cd88fdca72071,2024,78
2367af221822170b,2024-05-11,19:00:21,298.35,05420a686b514643,2024,78
3fe168eab000ae47,2024-05-11,20:05:30,1093.95,d4d4fe6cbc67af98,2024,77
198ba7bc609833bf,2024-05-12,13:33:42,397.8,c61531689535e06e,2024,77
c9f97efd79cf9fa1,2024-05-12,13:42:00,397.8,f837cb778010e70e,2024,77
33072b43b6acb596,2024-05-12,14:33:21,50.0,af4be46a346f44a7,2024,77
a3de4bc9ace2d9a5,2024-05-12,14:51:26,200.0,abe4299fe2735277,2024,77
7cb2858f175b7955,2024-05-12,15:45:35,497.25,ac69430bf347a68d,2024,77
7dad89e0b2f39a0f,2024-05-12,15:52:45,397.8,56ae2849ccf76990,2024,77
832adce1ae7237dd,2024-05-12,16:36:35,200.0,2277437a9b487ea6,2024,77
2532769202ec86ed,2024-05-12,17:21:09,397.8,8121e111a5f8a3d3,2024,77
be1b1a6e55117826,2024-05-12,17:28:22,397.8,9a05fd41525e3133,2024,77
103297fc93088308,2024-05-12,17:43:08,200.0,7334565f9040a95d,2024,77
7d263d722f9a2d87,2024-05-12,17:50:52,447.52,5269082bcc8806cb,2024,77
c49f25e03fc85e76,2024-05-12,18:11:23,200.0,e1f23f36fbd3ee09,2024,77
be25a6c77e2cc45d,2024-05-12,18:20:28,200.0,c810858fac9b8087,2024,77
c22c6bb89447df0f,2024-05-12,19:02:34,397.8,70470d212349eceb,2024,77
be872cf284e3d6b1,2024-05-12,19:19:03,397.8,e4151b99502b7125,2024,77
33aec4c7afd5a168,2024-05-12,19:40:13,397.8,dbe9753e3d7dcd92,2024,77
4392cd44b5da111b,2024-05-13,12:20:17,200.0,4b885df3774ad95f,2024,77
e476e3887066affd,2024-05-13,12:35:40,845.32,dd1bdd7fcbb7b771,2024,77
b9b2dece7fc405cc,2024-05-13,13:19:44,298.35,59c8b84e949ef694,2024,77
f93ac1fcf926c768,2024-05-13,17:43:40,200.0,5c2402996719a4e3,2024,76
3341429f4a27afd8,2024-05-13,17:48:13,1193.4,d11836664c5bed90,2024,76
7b9da542418439a2,2024-05-13,18:03:29,200.0,53fcbbd8ba6f25b5,2024,76
a5090720a054ea3f,2024-05-13,18:59:05,2784.6,61bd8f0214911102,2024,76
4afe4d28cfe64b11,2024-05-13,19:32:33,596.7,8121e111a5f8a3d3,2024,76
61dafd8716345c5a,2024-05-13,19:52:32,200.0,93433b462a907fec,2024,76
9edbe0ac51696167,2024-05-14,10:44:23,200.0,703ad317ccc517fa,2024,76
4b1c7563c3dba471,2024-05-14,19:44:45,397.8,f516803f65250ff4,2024,76
02ce25ddf9f237a5,2024-05-15,11:22:16,397.8,d7fc4fdd5c3e9f66,2024,76
61e9971d28719162,2024-05-15,11:32:01,200.0,a5bea1d34c379dfa,2024,76
34320aa382c44042,2024-05-15,12:43:26,696.15,66994473ee13c348,2024,76
351c6b8e7c95bbf1,2024-05-15,13:11:14,397.8,85b4948c570033d2,2024,76
3552e4e057016e35,2024-05-15,13:42:10,1193.4,0ce9f693a74c2b04,2024,76
7558775d4f71593f,2024-05-16,12:03:59,596.7,de63785331702a2e,2024,76
0ef91598fe0dc66a,2024-05-16,12:35:05,397.8,ba20692fab0756b5,2024,76
326398686aa7308a,2024-05-16,12:43:37,397.8,e1cf444d361d1db5,2024,76
e5dc791cfdbc8062,2024-05-16,13:39:32,397.8,6a4e82eafdc1279e,2024,76
e616292912ba560e,2024-05-16,13:50:18,200.0,56ae2849ccf76990,2024,75
d994a88a46f69c16,2024-05-16,14:37:40,200.0,65491b0ca5974aa1,2024,75
8163a13dcdc417fa,2024-05-16,15:41:46,795.6,1037136caddf29d0,2024,75
039215d392e0d554,2024-05-16,16:30:06,200.0,1e4dde14046c53d4,2024,75
8c3d706b019ffaca,2024-05-17,13:02:10,397.8,a881fbdb6fa651e9,2024,75
3ac44b9feff0ad26,2024-05-17,17:44:39,397.8,b7b3a6ae2c34ab9c,2024,75
f2df1efaf3bc18b3,2024-05-17,18:03:42,1292.85,af4be46a346f44a7,2024,75
25b456acb85d3eeb,2024-05-18,10:29:39,397.8,bd1373b8185d442c,2024,75
b2e40f386e8f6079,2024-05-18,13:59:10,397.8,2294d49d24ef9f4e,2024,75
df5cc8067b3cc70f,2024-05-18,14:16:42,397.8,ab6cc6c89a759257,2024,75
703f4508013c063e,2024-05-18,15:13:25,200.0,f434fa6616cebf81,2024,75
3f1804edd5b42719,2024-05-18,16:52:24,397.8,186ce96da4727481,2024,75
6abedd7cdf706133,2024-05-18,17:00:02,397.8,ef948e13078d5ea5,2024,75
197b2bf2df50404d,2024-05-18,19:19:47,397.8,e3016a4ee79d383d,2024,75
1885f41fb993c05b,2024-05-18,19:58:32,696.15,fe5cd88fdca72071,2024,75
00be079a6c1b2808,2024-05-18,20:30:00,397.8,1c1b60dd7b57ecf2,2024,75
16dc75c9fc70da82,2024-05-19,11:46:08,397.8,bb4fb34ebc7582d4,2024,75
0e723c1a4d565cd0,2024-05-19,12:07:32,397.8,d02b796930cddff5,2024,75
ba4c08de66c48cab,2024-05-19,12:18:29,497.25,,2024,75
27a7376012a7a13e,2024-05-19,13:23:38,200.0,d87164cf11ac2fcd,2024,75
4e67f1bf62372f82,2024-05-19,14:45:37,397.8,56ae2849ccf76990,2024,75
72cf1aa3be148a3f,2024-05-19,18:00:34,397.8,661986fc840c8ad2,2024,75
e1a88d25a03f428e,2024-05-19,19:05:52,200.0,3dfbf66d823a9739,2024,75
82a315fe87678740,2024-05-20,09:36:13,200.0,c05a4c6a91c1f775,2024,75
31d40ef763d64870,2024-05-20,14:15:45,200.0,3cd6178d79301f52,2024,75
5316c1fbea547f93,2024-05-20,15:40:41,397.8,11bd00c8bf0ca16c,2024,75
7f30ca4eb6bc8b22,2024-05-20,17:17:35,200.0,6a4e82eafdc1279e,2024,74
63a282ff4b55d431,2024-05-20,18:33:30,397.8,35fc95cfdc08a809,2024,74
39c7e60ce4e9c2ce,2024-05-20,18:38:37,298.35,db9a7894f7a2f59e,2024,74
fec1fa4d847373ef,2024-05-20,18:48:06,1093.95,ea2b449239be3054,2024,74
4e09191aa4f38851,2024-05-21,09:45:28,497.25,959d0893c955cc22,2024,74
c4c33fa4bd12c411,2024-05-21,12:06:17,397.8,d8e7732fe1948bef,2024,74
ab216a215d60c420,2024-05-21,14:26:02,397.8,58fbd71919bbafba,2024,74
f584c10ccce030fa,2024-05-21,20:22:43,200.0,e677c9a6ff2d3353,2024,74
af1bce09ecee879d,2024-05-21,20:27:03,1093.95,d9f8c2d5b6737159,2024,74
1527f23eb0d8c3a9,2024-05-23,10:46:05,397.8,44cb168e4ea5e181,2024,74
6cd6ff03860e3b85,2024-05-23,12:19:24,2187.9,de63785331702a2e,2024,73
e2d2e2f763fadb77,2024-05-23,14:29:40,397.8,,2024,73
e409674f65d7aebe,2024-05-23,14:34:26,200.0,56ae2849ccf76990,2024,73
e02cf0babe77a27f,2024-05-23,19:22:24,200.0,e3016a4ee79d383d,2024,73
e41a8788ae116bb7,2024-05-23,19:47:24,397.8,e4bb040664595a3a,2024,73
0c18d536c3b1e76e,2024-05-24,10:06:02,1193.4,e3016a4ee79d383d,2024,73
1a9e6ff20361ee35,2024-05-24,11:36:55,397.8,c1f9191abf32233f,2024,73
7114ea45e0fa93e2,2024-05-24,13:58:33,268.51,ce6e576f7934ab13,2024,73
5a9900463ed420bd,2024-05-24,14:02:05,427.63,e3016a4ee79d383d,2024,73
42f8b5795f596aad,2024-05-24,16:30:53,397.8,04679a7c334756b6,2024,73
ca9e061abfaab8c5,2024-05-24,16:34:26,397.8,1933054b92df99da,2024,73
6b6b96a4fdeff491,2024-05-24,16:34:30,397.8,0014d9cbaa2c997c,2024,73
debfe66fa7298356,2024-05-25,11:02:59,200.0,af37755e01455126,2024,73
6a1a796ba3be8f37,2024-05-25,12:06:19,200.0,26fffb43361eca9e,2024,73
393593b5cdb2145d,2024-05-25,12:43:47,397.8,2294d49d24ef9f4e,2024,73
ecb2d467d2751cb7,2024-05-25,15:00:38,397.8,fe5cd88fdca72071,2024,73
5aba21a97832a39d,2024-05-25,15:39:21,397.8,e38999a584324f7f,2024,73
bfe37fedea131488,2024-05-26,11:27:15,298.35,3de68eb7361320b7,2024,73
1acef0f7b54c0dd7,2024-05-26,12:51:16,795.6,30fb3ede6bfd0417,2024,73
9c703bef38ae0cf8,2024-05-26,13:20:20,497.25,e1f23f36fbd3ee09,2024,73
9a622d8e7aaeda9f,2024-05-26,13:44:38,200.0,,2024,72
04a53dc491929aee,2024-05-26,15:36:06,397.8,bd1373b8185d442c,2024,72
7d102fb23d4f2f6c,2024-05-26,15:50:15,397.8,14e050eb54cad6ab,2024,72
42cc279d47761a7c,2024-05-26,17:10:41,397.8,56ae2849ccf76990,2024,72
0b1862cbdc268164,2024-05-26,18:17:20,397.8,1ff454667790622f,2024,72
3cf16094af313158,2024-05-26,18:29:37,994.5,8121e111a5f8a3d3,2024,72
538d2018c14651a3,2024-05-26,19:19:13,397.8,5ebd6aba82bddc89,2024,72
fb1d1eaa00a61e29,2024-05-27,14:46:35,397.8,388714140d80e76c,2024,72
d020f6e3320fb754,2024-05-27,14:55:32,397.8,f8853c6e38124255,2024,72
fb89050802f01a50,2024-05-27,18:00:28,397.8,d02b796930cddff5,2024,72
da0b9e0730bf5d97,2024-05-27,18:31:35,1491.75,2196e1694be2f1a6,2024,72
c908f53528954b44,2024-05-27,18:50:07,497.25,ed38253efb7b3222,2024,72
1a3d65f820bf22e0,2024-05-27,19:02:43,397.8,56207710f85602f5,2024,72
4d34dd962eb29eb1,2024-05-27,19:18:53,397.8,19e7861497d8fb05,2024,72
918d4113621dec27,2024-05-28,13:39:58,845.32,dd1bdd7fcbb7b771,2024,72
6b1e6d0bec3d9100,2024-05-28,14:22:22,50.0,e3016a4ee79d383d,2024,72
a2dd2595523642c8,2024-05-28,15:29:32,397.8,02d3187c83d3edb2,2024,72
e7ca56b591c3fbce,2024-05-28,17:51:18,200.0,6a4e82eafdc1279e,2024,72
c7bc7360b5b9cfeb,2024-05-28,18:01:01,397.8,7715b91f954cece7,2024,72
3290ffbf01698d94,2024-05-28,20:12:35,397.8,8e7de0424b6e48b5,2024,72
a3e8f3ab1c8fb110,2024-05-28,20:34:14,1093.95,2327eecca46e6ad2,2024,72
8b071aaeb906731d,2024-05-29,15:57:33,397.8,ee1603547452ecf1,2024,72
166307f0129fa980,2024-05-29,17:18:57,298.35,56106773ae475cc2,2024,72
0a6263a23544d364,2024-05-29,18:34:08,200.0,612ab83927ddcd3d,2024,72
63e31a9e8bd38bd8,2024-05-30,11:44:36,1989.0,de63785331702a2e,2024,72
7c838389b54e5d67,2024-05-30,12:07:00,397.8,f6733b54f610bda1,2024,72
a428d6a753adc247,2024-05-30,13:25:48,200.0,391c69948d4c9b96,2024,72
687dd34bb0653376,2024-05-30,14:59:39,200.0,56ae2849ccf76990,2024,71
4bac501e99eeba96,2024-05-30,18:08:31,397.8,1e7229b251e50a16,2024,71
66bfe465c9331fb9,2024-05-30,18:47:08,397.8,96e1904d49006a7c,2024,71
8a2267da37be6661,2024-05-30,19:01:09,397.8,1037136caddf29d0,2024,71
378bdea6552581bc,2024-05-30,20:03:47,497.25,58386ba93ab8c0f7,2024,71
a19c2a9cb7cf7e17,2024-05-30,20:17:39,397.8,c897b09d0d744b67,2024,71
a4e5e5a568879d9b,2024-05-31,08:34:43,1491.75,d11836664c5bed90,2024,71
8ef0d0ea5cd0aeff,2024-05-31,09:30:27,200.0,2e8484c0f09da0eb,2024,71
8cca5b19213d90cf,2024-05-31,11:00:13,397.8,b9b9cd4822baf71b,2024,71
4f6418732bbd71b5,2024-05-31,11:10:07,298.35,00ad0083a567f708,2024,71
d3da53cce9385592,2024-05-31,13:13:23,397.8,6a4e82eafdc1279e,2024,71
7a07edd135515dd3,2024-05-31,14:34:48,200.0,bb5072e0a1146110,2024,71
970691a434c0a5f2,2024-05-31,15:53:01,397.8,bb4fb34ebc7582d4,2024,71
d676a603b7f8069a,2024-05-31,16:06:25,200.0,a7b97e66b8270398,2024,71
7c9f5079b63379a5,2024-05-31,16:14:00,397.8,d9f8c2d5b6737159,2024,71
45ed4a327edd9059,2024-05-31,16:41:47,397.8,299e2a48fb753807,2024,71
86467b7dfbe2ea9a,2024-05-31,16:46:31,397.8,91eb46df5da64471,2024,71
647ca352a546ef88,2024-05-31,17:36:44,200.0,53fcbbd8ba6f25b5,2024,71
b814bd06e33f9784,2024-05-31,17:38:51,1093.95,03dbccbc57561932,2024,71
fbe2fcf59d9a0865,2024-05-31,17:52:24,1093.95,26fffb43361eca9e,2024,71
e0eff25894a20c2e,2024-05-31,18:28:10,397.8,2294d49d24ef9f4e,2024,71
05e30d58bd00f4d8,2024-05-31,20:31:59,397.8,77954be9089d558a,2024,70
d96569de0392796b,2024-05-31,20:32:35,397.8,8f7bab0bff9ea304,2024,70
a7925a53b79f92b1,2024-06-01,11:01:09,397.8,4d6285651dcb1f5d,2024,70
c248f840edaadc79,2024-06-01,11:54:16,397.8,643d2a9bb0797947,2024,70
07212c2980489bf0,2024-06-01,12:26:00,397.8,331f998120ade03c,2024,70
ef3559e2461cdd4b,2024-06-01,13:28:42,994.5,f0183ae704e0f975,2024,70
4a6d7ef79df16f9f,2024-06-01,14:29:39,397.8,2cf4e5aab48d3b1f,2024,70
d56a4b3934de9061,2024-06-01,14:55:33,200.0,c03e7ed0b37fc1aa,2024,70
307d457e6222dc08,2024-06-01,15:43:23,397.8,e3016a4ee79d383d,2024,70
5ea59df6440051a3,2024-06-01,16:13:59,696.15,,2024,70
dfdbf282421920e4,2024-06-01,16:43:40,397.8,ede2c43c89e02794,2024,70
14b703f9798569e2,2024-06-01,17:30:43,397.8,186ce96da4727481,2024,70
0903bed224ad6775,2024-06-01,17:49:11,397.8,ccb8e8d57119f911,2024,70
de926d582c04d642,2024-06-01,18:09:47,397.8,eab6a989993619a0,2024,70
8e281a98c819cad3,2024-06-01,18:31:55,397.8,f92d9835a0f976ca,2024,70
e208362a8b9bef4f,2024-06-01,19:17:16,497.25,2f88e9a4e55a4ab7,2024,70
535c467e7e2899d5,2024-06-01,20:07:06,497.25,7161bed55a6f5d0e,2024,70
356a5b82a0b2926c,2024-06-01,20:34:22,397.8,b7b3a6ae2c34ab9c,2024,70
eda523a4d0bb6c13,2024-06-02,13:26:53,397.8,3eedfe36281fa8ed,2024,70
4c5e8061aab5b69e,2024-06-02,14:08:31,397.8,7e66cbb9145ed424,2024,70
df2dcb429d60cd43,2024-06-02,15:23:57,397.8,56ae2849ccf76990,2024,70
5c670a64773405bb,2024-06-02,15:54:45,397.8,2277437a9b487ea6,2024,70
cbf2a981fae51ae1,2024-06-02,16:51:32,397.8,38ba69e8511fd6bd,2024,70
2a166e56ec539508,2024-06-02,17:58:36,397.8,ffd8fcd3635277c4,2024,70
ab0d39bd851e3a8f,2024-06-02,18:05:23,200.0,bb5072e0a1146110,2024,69
d97adaf3814d2072,2024-06-02,18:13:28,397.8,36db84479e1e5a70,2024,69
ef4b0bd18f538904,2024-06-02,18:42:49,200.0,5da5ee5f5d1f97e8,2024,69
a187b82eb3048081,2024-06-02,18:47:51,1790.1,22520c0f1dd25aed,2024,69
d09223d693a704e5,2024-06-02,18:59:31,397.8,661986fc840c8ad2,2024,69
e7234808a2ab2f92,2024-06-02,19:23:34,596.7,266306f9263d575e,2024,69
0a2bb7ef730225ad,2024-06-02,19:37:49,397.8,bd1373b8185d442c,2024,69
fcbc6a394fb9f1c4,2024-06-03,14:21:29,397.8,12223fa5f3ed2483,2024,69
e68c7c651ca87791,2024-06-03,14:43:15,200.0,f57fe7a87740dbdd,2024,69
d5d7cd0dc73dcca1,2024-06-03,15:06:15,397.8,4cd4ceb8698f8939,2024,69
99e6fecb954219b6,2024-06-03,17:49:27,397.8,58d9f23ccf84feb0,2024,69
af45af77fab95102,2024-06-03,17:52:13,397.8,d11836664c5bed90,2024,69
e3d908c752a4ce51,2024-06-03,19:46:43,397.8,0ce9f693a74c2b04,2024,69
4966adf0ebbdf8c6,2024-06-04,11:41:48,397.8,880ccb58a66d5355,2024,69
218fd01b638d219d,2024-06-04,12:06:21,200.0,463c283a838fb1e7,2024,69
89b39597707d4465,2024-06-04,12:12:48,397.8,9e17f5ad967dbb06,2024,69
40c0c2991a6cf62c,2024-06-04,12:43:09,397.8,e620ffa0cef961ee,2024,69
3037f78db38ad271,2024-06-04,13:43:39,397.8,7d593b3048ab564e,2024,69
f34860a67941a136,2024-06-04,13:48:28,1889.55,f92d9835a0f976ca,2024,69
eed0f5730c1351de,2024-06-04,13:56:18,696.15,ce6e576f7934ab13,2024,69
4c68c4e627e19227,2024-06-04,17:26:03,397.8,92875e353a5002f1,2024,69
16901c5f33aad67c,2024-06-04,18:01:56,200.0,ca93ffdbae8c454f,2024,69
ab39bf667694f97f,2024-06-04,18:45:28,397.8,577656f89b0bd379,2024,68
69ebed278a4e6429,2024-06-04,19:28:39,397.8,7e1aec8e771b1336,2024,68
f474d031188ccccf,2024-06-04,19:43:49,497.25,ed38253efb7b3222,2024,68
889a23f1bf35299a,2024-06-05,12:12:05,994.5,1d1f3acc749cb2b9,2024,68
9966043f7ceea3de,2024-06-05,16:11:13,497.25,9ed9ff08ff4403af,2024,68
1ecbe40189a43d29,2024-06-05,16:57:56,298.35,72c749a151559660,2024,68
227653224410f5b1,2024-06-05,17:42:43,397.8,8fdc7d622d3147cf,2024,68
d22d9ded51aeb725,2024-06-05,18:15:43,200.0,db9a7894f7a2f59e,2024,68
0fdd51352c24429b,2024-06-06,15:30:38,397.8,e06579ade0163957,2024,68
b64953d702127f6f,2024-06-06,15:42:20,200.0,56ae2849ccf76990,2024,68
765af39144216c3d,2024-06-06,19:25:24,397.8,04679a7c334756b6,2024,68
1c404c4483d9a5d1,2024-06-06,19:41:03,994.5,e4bb040664595a3a,2024,68
0916af330da479b2,2024-06-07,09:15:46,200.0,d11836664c5bed90,2024,68
059a01c54729ca89,2024-06-07,09:17:48,298.35,d11836664c5bed90,2024,68
d7c62d8c55f5326d,2024-06-07,11:12:34,1093.95,51471a33b53cad35,2024,68
30ccbe352ceeb59c,2024-06-07,12:03:45,397.8,85b4948c570033d2,2024,68
bb64d1ae7669485b,2024-06-07,12:06:52,397.8,ab6cc6c89a759257,2024,68
717dfba829c021de,2024-06-07,15:05:38,397.8,4f31f1901a557307,2024,68
90c647c8c3052009,2024-06-07,15:11:22,497.25,7f5218382fe9cefd,2024,68
71abc3226ea6ab9a,2024-06-07,18:13:30,397.8,5c429f69804e1557,2024,68
9fd8b177c801387d,2024-06-07,21:50:26,596.7,0ce9f693a74c2b04,2024,68
e11c7deb6523fab5,2024-06-08,10:46:16,397.8,3f47349418c97a65,2024,68
9a1febb1dea315f3,2024-06-08,13:44:33,1491.75,de63785331702a2e,2024,68
ba37ff8b05559973,2024-06-08,14:15:23,397.8,f94533bb14d724e4,2024,68
6ab7f2ead0a4b6dc,2024-06-08,14:39:51,397.8,4ff9e8fbe39f2ea9,2024,67
dca59585bf3dbd10,2024-06-08,15:15:13,397.8,5adf440e75459654,2024,67
fdb9e9c840eba0ae,2024-06-08,16:05:21,200.0,463c283a838fb1e7,2024,67
9b7d849a2d2b16a0,2024-06-08,17:05:31,397.8,4b885df3774ad95f,2024,67
68ef79e05adf0350,2024-06-08,17:25:42,200.0,7c3dd579ae4c8a7b,2024,67
075c4bad24e68fa7,2024-06-08,17:50:26,397.8,29d37f0450cd4f23,2024,67
c64c1bde27f4cc2a,2024-06-08,18:35:17,397.8,56ae2849ccf76990,2024,67
9a459a0deb7c36cf,2024-06-08,19:25:07,397.8,11bd00c8bf0ca16c,2024,67
1c7d703bc14e4be9,2024-06-08,19:38:13,397.8,d02b796930cddff5,2024,67
13a34dd2b53e8355,2024-06-09,12:55:13,397.8,fd48be66bbd0319d,2024,67
51a3d6f2bb7164b1,2024-06-09,14:50:20,397.8,ef948e13078d5ea5,2024,67
c49bc215cd1059b4,2024-06-09,15:21:04,397.8,d11836664c5bed90,2024,67
4aac4c339bfc035d,2024-06-09,16:58:06,200.0,9831ac98fd811f16,2024,67
31aedbd5d968b661,2024-06-09,17:04:14,397.8,c61531689535e06e,2024,67
fcc225a569922d31,2024-06-09,17:24:33,200.0,c7c9b02441110e6e,2024,67
f74f22155aa1add4,2024-06-09,18:40:18,397.8,bd1373b8185d442c,2024,67
c43e0124b1596af2,2024-06-09,19:20:56,397.8,5583d4754815a72c,2024,67
42db58c348cfbd5b,2024-06-09,19:27:38,397.8,26fffb43361eca9e,2024,67
dea9c105d12aebcc,2024-06-09,19:58:08,397.8,f85aab3d57388b7a,2024,67
b13e0832ccc7dd52,2024-06-09,20:11:19,397.8,d11836664c5bed90,2024,67
32faa6ffacb824b0,2024-06-09,20:20:51,994.5,8121e111a5f8a3d3,2024,67
5ed59253cfd456ba,2024-06-10,09:40:22,497.25,959d0893c955cc22,2024,67
1778bb57a572c592,2024-06-10,10:52:41,397.8,c7c9b02441110e6e,2024,67
e8721012a9908a2e,2024-06-10,11:44:40,397.8,ede2c43c89e02794,2024,67
21fee41a6338974e,2024-06-10,15:59:45,596.7,ce6e576f7934ab13,2024,67
ee627dcb006064e5,2024-06-10,17:05:26,397.8,d11836664c5bed90,2024,66
55237b60c125669d,2024-06-10,18:39:08,696.15,ae645e74bd82b5fc,2024,66
c00306a7831e5a11,2024-06-10,19:24:11,397.8,f516803f65250ff4,2024,66
d8464e864af9f34c,2024-06-10,19:35:42,397.8,d9f8c2d5b6737159,2024,66
b619b212dff26d62,2024-06-11,15:17:58,397.8,7e66cbb9145ed424,2024,66
d8d02d4069b3e57c,2024-06-11,15:34:59,200.0,56ae2849ccf76990,2024,66
8b88ba39135076fd,2024-06-11,17:56:31,397.8,1933054b92df99da,2024,66
79797a543d78f48c,2024-06-11,18:57:03,497.25,ed38253efb7b3222,2024,66
76c8b5d4404bf5a6,2024-06-11,20:18:41,696.15,58386ba93ab8c0f7,2024,66
b49b85e52b87c727,2024-06-12,11:37:41,397.8,04679a7c334756b6,2024,66
e7ae7eab1320ec96,2024-06-12,14:32:26,497.25,3e5471f3808e1bc8,2024,66
478895d991db526c,2024-06-12,15:49:16,298.35,d8b1592745f7ac87,2024,66
c97452570bcf96fd,2024-06-12,18:24:44,397.8,7715b91f954cece7,2024,66
fb5d46d9318f224e,2024-06-12,19:38:14,397.8,c85be4325c7e173c,2024,66
92157be4213c8686,2024-06-12,20:20:07,397.8,b7b2b1b0b315b1f7,2024,66
eae538c25d5bb5b1,2024-06-13,13:41:55,895.05,d2c5f9655cc81637,2024,66
f9b150f365a4f151,2024-06-13,17:00:59,200.0,1473794f0edc60f3,2024,66
21668294578eb752,2024-06-13,19:16:37,397.8,edc766c92dfe0546,2024,66
d1e6e211f73d4192,2024-06-13,19:17:56,397.8,1e7229b251e50a16,2024,66
2211d7bdaa72122c,2024-06-13,20:12:05,994.5,b02cfbd8cf408b42,2024,66
d71e6744ea903317,2024-06-13,20:16:22,200.0,1f15477a212e5156,2024,66
9086af844b52f7ff,2024-06-14,10:42:39,994.5,d11836664c5bed90,2024,65
decd6c0e689bd971,2024-06-14,12:21:26,397.8,dd1bdd7fcbb7b771,2024,65
69606c95d04d8d9a,2024-06-14,14:30:17,397.8,0014d9cbaa2c997c,2024,65
227466def23d29e5,2024-06-14,16:35:49,397.8,33569840a5cafdd2,2024,65
0a6ad7c71e4d5ac9,2024-06-14,17:05:33,200.0,5c2402996719a4e3,2024,65
312e32349454a143,2024-06-14,17:18:46,1093.95,83871716145a4f81,2024,65
dc4df313a592a54e,2024-06-14,17:22:55,397.8,7f7341e2036f51a4,2024,65
24615e51726f699a,2024-06-14,17:34:19,397.8,ddc2006584753b3e,2024,65
ab0bde42bbffd20a,2024-06-14,17:37:22,596.7,83871716145a4f81,2024,65
ef6ad9ba8f5ac718,2024-06-14,18:36:11,497.25,fcbcbc0bf3c1bf7a,2024,65
2f7a435f7a94941a,2024-06-14,18:36:33,397.8,ccb8e8d57119f911,2024,65
2aca6603cffdf828,2024-06-14,18:40:12,298.35,db9a7894f7a2f59e,2024,65
2e66ab3fb42672e2,2024-06-15,11:46:54,397.8,44cb168e4ea5e181,2024,65
eb95ba2dccf98933,2024-06-15,11:47:40,200.0,df9455265088ef74,2024,65
8b4e0519a6b89e50,2024-06-15,14:07:22,397.8,2294d49d24ef9f4e,2024,65
b0253a90ad381912,2024-06-15,15:38:01,2187.9,,2024,65
6a44439c1cfaae95,2024-06-15,17:39:27,397.8,56ae2849ccf76990,2024,65
7e344b663f709102,2024-06-15,17:49:20,298.35,ec1d33ae5c344e2e,2024,65
f464c0d472e1f111,2024-06-15,18:34:35,397.8,26fffb43361eca9e,2024,65
e84dc8de0650b7c5,2024-06-15,18:54:14,397.8,0ce6429eae5c02cf,2024,65
3537bc6389df733b,2024-06-15,18:56:06,497.25,fe5cd88fdca72071,2024,65
e7a4a63c4a81a8ea,2024-06-15,19:25:16,200.0,c813d43b8468f9c7,2024,65
a2d73e2c95359bba,2024-06-15,19:36:54,397.8,307cf3569210ec35,2024,65
7022817eef044d95,2024-06-16,11:26:16,397.8,36db84479e1e5a70,2024,65
e9945050e648d78f,2024-06-16,17:57:51,397.8,6a4e82eafdc1279e,2024,64
365b84b6653ef632,2024-06-16,18:00:17,397.8,20e2d9838d379f3f,2024,64
dee09f8318ca954f,2024-06-16,18:43:15,596.7,399bd88ce2adcb19,2024,64
8155feed3fd41eb2,2024-06-16,19:18:07,397.8,613feb5285315893,2024,64
002b1241345d800d,2024-06-16,19:32:42,397.8,bd1373b8185d442c,2024,64
c435e2aaad8cdae0,2024-06-17,10:43:14,200.0,127d9a04df4aec51,2024,64
277c3047c92b2201,2024-06-17,12:02:07,397.8,7e1aec8e771b1336,2024,64
d94bf04c206b9d55,2024-06-17,14:18:52,200.0,ce6e576f7934ab13,2024,64
6c6cd38644d0066e,2024-06-17,15:59:20,994.5,8121e111a5f8a3d3,2024,64
6cd9c8721cb666e0,2024-06-17,18:37:35,397.8,40cabb1bfeb2c350,2024,64
ad06800872e43dc4,2024-06-17,18:39:09,397.8,cad706b69f5c6ac2,2024,64
83dbbf82ef9a3ab3,2024-06-17,18:59:31,200.0,dfa7591e194c63f2,2024,64
b2af350c49db2123,2024-06-17,20:16:35,397.8,f516803f65250ff4,2024,64
61e32ab70cde1473,2024-06-17,20:23:39,397.8,c897b09d0d744b67,2024,64
d2fa26408e9d2252,2024-06-17,20:46:42,397.8,309316b85cfc6a7a,2024,64
d26a319ac7404bac,2024-06-18,11:04:35,397.8,a881fbdb6fa651e9,2024,64
19f5823f6f2b5767,2024-06-18,17:32:55,795.6,0ce9f693a74c2b04,2024,64
721257dc85df0fe7,2024-06-18,17:58:19,397.8,c65a099600b2e571,2024,64
38aec54293e44de2,2024-06-18,18:48:47,397.8,9d625967374abf46,2024,64
ebe997ea650a38dc,2024-06-18,19:39:39,497.25,ed38253efb7b3222,2024,64
3ad5651f27fc3c74,2024-06-18,20:06:52,397.8,d9f8c2d5b6737159,2024,64
3622c4616cb1bab1,2024-06-19,12:08:22,200.0,af37755e01455126,2024,64
fbfd5fc9fcdb918e,2024-06-19,12:31:26,397.8,4cb32ecc52a601cf,2024,63
850aa9cb00b665b7,2024-06-19,14:06:04,397.8,874475c399eff864,2024,63
959d1aec9c2f4743,2024-06-19,14:10:20,397.8,aae074fdf96fc63e,2024,63
2e8093abcf664bc6,2024-06-19,17:28:13,397.8,42daeeb2a2eb6cfc,2024,63
ea2b62681704be36,2024-06-20,10:47:44,795.6,1037136caddf29d0,2024,63
c7b1956d7dbad4b8,2024-06-20,10:49:11,397.8,1037136caddf29d0,2024,63
90e548306ab3eeac,2024-06-20,10:57:11,397.8,f94533bb14d724e4,2024,63
5f49a732617a2df9,2024-06-20,12:32:42,397.8,2c141ec403aa545f,2024,63
eebb0dffedc68a8e,2024-06-20,13:27:31,397.8,6ff9706d83731a2a,2024,63
f807005beba3434c,2024-06-20,15:03:35,397.8,1473794f0edc60f3,2024,63
b801723ec5718d8b,2024-06-20,15:04:27,200.0,56ae2849ccf76990,2024,63
eb204b18769be505,2024-06-20,15:43:34,397.8,58fbd71919bbafba,2024,63
39e74e7d74e329d5,2024-06-20,16:23:38,397.8,7e66cbb9145ed424,2024,63
bdb7832a1e610b60,2024-06-20,18:09:33,497.25,6065e9efff79c35c,2024,63
9f853231a2f7226a,2024-06-20,19:05:37,397.8,1e7229b251e50a16,2024,63
900be3e9b13cbb66,2024-06-20,19:13:14,397.8,424aa970b147f7be,2024,63
bf915f15bb017a1c,2024-06-20,20:44:20,397.8,1ff454667790622f,2024,63
ea1bfffd14bd7e64,2024-06-20,21:01:55,795.6,5ae891f1bb92d936,2024,63
3ae88cfabd00035e,2024-06-20,21:02:33,397.8,f8e222179c63527e,2024,63
7bd0b57764d7f2ff,2024-06-20,21:30:15,397.8,58386ba93ab8c0f7,2024,63
8fd14ee20dbf566a,2024-06-21,10:17:55,546.97,56207710f85602f5,2024,63
4fcb2cc565347b59,2024-06-21,10:38:26,994.5,d11836664c5bed90,2024,63
b18f8f4f176eef0f,2024-06-21,13:53:46,200.0,6a4e82eafdc1279e,2024,63
0626fbee3711436d,2024-06-21,15:27:53,200.0,bb5072e0a1146110,2024,63
e127700b388a4eca,2024-06-21,17:46:11,397.8,ba20692fab0756b5,2024,63
11e1f0e4cf980016,2024-06-21,17:53:54,397.8,9fcf8eeb6a70d7df,2024,63
3a67b444683ab28a,2024-06-21,18:11:21,200.0,d6ae6eb08b38b89a,2024,62
b757368c8cc2fbd9,2024-06-21,18:36:51,397.8,d11836664c5bed90,2024,62
93564bbc43217254,2024-06-21,19:01:11,397.8,96e1904d49006a7c,2024,62
8cb3bbcec70aae6b,2024-06-21,19:26:45,397.8,fd1a71fd30f492a1,2024,62
6eb0704d9743144a,2024-06-22,10:34:37,596.7,d02b796930cddff5,2024,62
594aee8a3c9ebca2,2024-06-22,11:34:10,397.8,e620ffa0cef961ee,2024,62
efa2d15cb4fbb552,2024-06-22,14:00:40,1193.4,e1f23f36fbd3ee09,2024,62
68ff6ff25ef30c20,2024-06-22,14:27:47,397.8,af14c71d7b44ac63,2024,62
a4dfe899f9427db7,2024-06-22,15:11:11,397.8,cdcc31eee8347daa,2024,62
e67fbe691d48f74c,2024-06-22,16:16:07,397.8,56ae2849ccf76990,2024,62
d590ed83f4d8ab02,2024-06-22,17:23:52,2983.5,bb9a10f8b92ebb49,2024,62
3b78a9e6eae0b950,2024-06-22,18:16:11,397.8,f2ce9f6c8e28da2d,2024,62
7d22858857815aa7,2024-06-22,19:22:06,200.0,13272d3c48d6a5a6,2024,62
b93b7d1fa9c7f31a,2024-06-23,09:19:48,696.15,0ce9f693a74c2b04,2024,62
5a0aa62eb72fa161,2024-06-23,14:36:50,397.8,399bd88ce2adcb19,2024,62
4cd7d784b13763ce,2024-06-23,16:13:28,200.0,db9a7894f7a2f59e,2024,62
fbac74c1fa7f89ec,2024-06-23,16:58:28,200.0,ece67b1ac2685f6d,2024,62
f6dafc84b8bff4bb,2024-06-23,16:59:45,397.8,0fea3454019f8100,2024,62
563611934b28193e,2024-06-23,17:25:55,397.8,92d5b941b3e96cce,2024,62
2c1f22684b20a190,2024-06-23,18:23:48,200.0,a7b97e66b8270398,2024,62
9cbd4d3ce1e879f2,2024-06-23,18:54:21,200.0,1e0727db716a8910,2024,61
b7f0b3586213f624,2024-06-23,19:10:26,1093.95,d11836664c5bed90,2024,61
f7e73fd85c30c064,2024-06-24,11:57:12,497.25,ed38253efb7b3222,2024,61
7fc78fdee121451a,2024-06-24,13:48:53,200.0,6a4e82eafdc1279e,2024,61
e1c11bb02bc3001d,2024-06-24,14:15:43,497.25,0b89c5b3a7d08626,2024,61
cfe24c2838b102ef,2024-06-24,14:53:07,497.25,ede2c43c89e02794,2024,61
e97e8a60dfb34620,2024-06-24,16:25:57,298.35,ce6e576f7934ab13,2024,61
c765fe1d63e333e6,2024-06-24,16:37:14,397.8,2e8484c0f09da0eb,2024,61
04f1d4166553604d,2024-06-24,17:22:10,397.8,182718c505145045,2024,61
9bff224f78f3209a,2024-06-24,18:51:23,200.0,db9a7894f7a2f59e,2024,61
01a9cf5ff1d868f0,2024-06-24,19:32:31,200.0,66994473ee13c348,2024,61
c86f58cf71d46d81,2024-06-25,16:14:43,397.8,5da5ee5f5d1f97e8,2024,61
4922a9378206ee52,2024-06-25,17:03:06,298.35,ec1d33ae5c344e2e,2024,61
c5593606495da152,2024-06-26,09:39:35,397.8,92045ea2e6fc1f30,2024,61
1b643277f4ed2f97,2024-06-26,10:49:58,397.8,63752b4181a58448,2024,61
7784e17b796d91fd,2024-06-26,11:16:13,397.8,2e8484c0f09da0eb,2024,61
89be39f383167067,2024-06-26,12:08:41,397.8,19e7861497d8fb05,2024,61
8e59a02854cbf2c1,2024-06-26,15:33:18,397.8,04679a7c334756b6,2024,61
0b7b984e31515d1a,2024-06-26,16:27:44,994.5,5c1b4f48b9ebe9e0,2024,61
3f36a16be6d8af6c,2024-06-26,17:00:57,994.5,8121e111a5f8a3d3,2024,61
7c46ff563d2e0ae0,2024-06-26,17:58:58,397.8,0cfd86255c4e75e0,2024,61
1448159646b3cb9c,2024-06-26,17:59:32,200.0,56ae2849ccf76990,2024,61
7c0b3809f906f6b2,2024-06-26,19:03:19,200.0,26fffb43361eca9e,2024,61
c14b29ede19db850,2024-06-26,19:07:08,397.8,1e7229b251e50a16,2024,60
38b6093a0f52712c,2024-06-26,20:26:28,397.8,a75c74792ccee373,2024,60
15d9808a40cfe270,2024-06-27,13:18:30,397.8,d9f8c2d5b6737159,2024,60
71969ed29b2560fb,2024-06-27,15:24:36,397.8,36db84479e1e5a70,2024,60
cd072530bfa3f9d4,2024-06-27,15:28:33,994.5,d11836664c5bed90,2024,60
a80f750dafc47c17,2024-06-27,15:42:31,397.8,dd1bdd7fcbb7b771,2024,60
ef2ced18547692e1,2024-06-28,11:19:22,298.35,1e0727db716a8910,2024,60
110bf0e41d2f78ab,2024-06-28,12:04:55,397.8,4d6285651dcb1f5d,2024,60
cbd09d4df0afb04f,2024-06-28,13:37:40,397.8,b75e01938ed9b279,2024,60
6a7d38281446a31e,2024-06-28,13:58:59,397.8,35fc95cfdc08a809,2024,60
d56ceeaecd06f05c,2024-06-28,17:15:18,397.8,7e66cbb9145ed424,2024,60
a0135d2dc4d56f64,2024-06-28,18:02:40,397.8,8f7bab0bff9ea304,2024,60
e566f0fea6d4a1c5,2024-06-28,18:39:10,994.5,d6582b8a76a86c65,2024,60
9e34d27b8a56862f,2024-06-29,12:07:37,298.35,d7b41f355192792e,2024,60
1f1275c183397a47,2024-06-29,12:22:12,397.8,e620ffa0cef961ee,2024,60
394eefbf2037fc8f,2024-06-29,12:40:39,397.8,2294d49d24ef9f4e,2024,60
cebb90675f1818d2,2024-06-29,13:28:17,298.35,e3824c289e2d5d49,2024,60
091e20af8a3641b1,2024-06-29,13:39:49,248.62,ec6f167287d2e6d3,2024,60
4f27f70093dc5ecc,2024-06-29,14:39:30,200.0,463c283a838fb1e7,2024,60
c90eb7b24fb0a8f2,2024-06-29,14:58:32,397.8,bd1373b8185d442c,2024,60
5a7d996ff3de3ecd,2024-06-29,16:09:37,397.8,af14c71d7b44ac63,2024,60
cdeaaa59ca8c8d1b,2024-06-29,17:34:09,200.0,d2b83df8224526e3,2024,60
8013b74b0c447df8,2024-06-29,18:48:38,397.8,56ae2849ccf76990,2024,60
01dec92bdea28b22,2024-06-29,19:12:53,397.8,821e56aac22753e9,2024,60
88fda83e51e3cffa,2024-06-29,19:33:01,397.8,e677c9a6ff2d3353,2024,59
4add7fe142011c49,2024-06-30,13:38:20,397.8,54d80ca2ea9a54d0,2024,59
883040f042ea8706,2024-06-30,15:11:17,200.0,65491b0ca5974aa1,2024,59
6e928a2b04efa6c2,2024-06-30,15:51:54,596.7,22a6c37bd1bfbb75,2024,59
73854048953d3cac,2024-06-30,16:03:01,397.8,4b885df3774ad95f,2024,59
4be189e12b320aea,2024-06-30,17:30:49,397.8,ef948e13078d5ea5,2024,59
20b3312d35ba7797,2024-07-01,11:29:21,696.15,ce6e576f7934ab13,2024,59
859573f18f5dba8e,2024-07-01,11:33:58,200.0,d11836664c5bed90,2024,59
24ebf0ad6c3fd8a1,2024-07-01,11:37:35,200.0,7334565f9040a95d,2024,59
843e98a44715fac1,2024-07-01,15:24:03,397.8,eb59416ae12e53a2,2024,59
39555eddd4c38c0d,2024-07-01,16:37:01,298.35,bb855c5fef98547f,2024,59
902aff30a792fd6a,2024-07-01,17:39:54,397.8,cdf2075d7d86c587,2024,59
339a9fcacdec30ef,2024-07-01,18:35:09,397.8,1933054b92df99da,2024,59
c97a9ed9f3e4193a,2024-07-01,19:12:34,397.8,6519750c13e80275,2024,59
005be6cbb4e7b3ae,2024-07-01,19:57:02,497.25,ed38253efb7b3222,2024,59
4b82a28c6e809362,2024-07-01,21:20:48,994.5,58386ba93ab8c0f7,2024,59
16d05a8270e0a9fe,2024-07-03,14:07:24,397.8,58fbd71919bbafba,2024,58
2dd096509bfdf981,2024-07-03,16:18:17,397.8,0014d9cbaa2c997c,2024,58
9cbc96df8ca785a3,2024-07-03,17:41:57,397.8,c65a099600b2e571,2024,58
a0a2d2e2efe38ad4,2024-07-03,19:31:58,397.8,04679a7c334756b6,2024,58
c65f6159866dc5ba,2024-07-04,12:31:47,397.8,701397aa4ccd3458,2024,58
269a483c9f035cd7,2024-07-04,13:12:55,397.8,1473794f0edc60f3,2024,58
576a7f73adcdd918,2024-07-04,13:25:18,397.8,9545d0a24feeed5f,2024,58
ab2f5b67c2c9f0c3,2024-07-04,13:52:15,397.8,ede2c43c89e02794,2024,58
a9d302a34d0c1a69,2024-07-04,15:49:49,397.8,44cb168e4ea5e181,2024,58
86dedcb345f19a8b,2024-07-04,15:54:49,397.8,25be826d4e259084,2024,58
8aa4036aacfd9f63,2024-07-04,16:17:33,1392.3,f252ac1a1ba88936,2024,58
3e7b0bfa9f92de1c,2024-07-04,16:35:14,397.8,6065e9efff79c35c,2024,58
2a8e5547bdd45d95,2024-07-04,16:54:46,200.0,ce6e576f7934ab13,2024,58
da3b79097683915d,2024-07-04,17:05:00,200.0,56ae2849ccf76990,2024,58
a3d0399ffcb3b45d,2024-07-04,17:44:01,497.25,4dac6785a29581f7,2024,58
909db5da2a2e4d5a,2024-07-04,19:19:44,397.8,448f68658b6ae246,2024,57
d83b0f473f1e6e65,2024-07-04,19:41:00,397.8,4d6285651dcb1f5d,2024,57
fc6685fca1a760f2,2024-07-04,19:52:27,397.8,c897b09d0d744b67,2024,57
e128c2f180914ca9,2024-07-04,20:11:16,397.8,7e1aec8e771b1336,2024,57
fb73e06f224f8071,2024-07-05,11:37:27,3978.0,ccb8e8d57119f911,2024,57
a2b68591826d816a,2024-07-05,13:15:46,200.0,8b851c38bc851da7,2024,57
717d68e2b895ced9,2024-07-05,15:16:28,397.8,6a4e82eafdc1279e,2024,57
eece9c7e13859154,2024-07-05,16:42:12,397.8,d9f8c2d5b6737159,2024,57
9330ce6dbecad421,2024-07-05,18:54:17,1093.95,5adf440e75459654,2024,57
f77c69b2dda1d83e,2024-07-05,19:08:56,397.8,b1c9f48df6b9a218,2024,57
a122874a678c7655,2024-07-06,12:10:44,397.8,7bba2cea93235b45,2024,57
20eaabfa91f47fae,2024-07-06,12:23:08,397.8,e620ffa0cef961ee,2024,57
76d8971acc59e965,2024-07-06,13:56:03,994.5,eedca7cca55e0fa0,2024,57
66e689e487a334a6,2024-07-06,16:24:11,397.8,d02b796930cddff5,2024,57
e5e804373d9f8628,2024-07-06,17:25:46,200.0,7c3dd579ae4c8a7b,2024,57
9b2c6bba024d3954,2024-07-06,17:52:47,200.0,ce6e576f7934ab13,2024,57
3fcec2f36c721f00,2024-07-06,18:04:14,397.8,0ce9f693a74c2b04,2024,57
08b269bdfff0db27,2024-07-06,18:40:41,397.8,7e66cbb9145ed424,2024,57
304b26c97025598a,2024-07-06,18:55:10,200.0,391c69948d4c9b96,2024,57
51b44d5eace19baa,2024-07-06,19:51:09,397.8,2294d49d24ef9f4e,2024,57
f3bb522f6c7d26d5,2024-07-07,12:42:36,200.0,16b039442dd95f1a,2024,57
6e97c24162e98500,2024-07-07,14:46:25,397.8,b7b3a6ae2c34ab9c,2024,57
457d485e367e1b7b,2024-07-07,15:07:55,200.0,f434fa6616cebf81,2024,57
8b37d76717a611cb,2024-07-07,15:18:05,397.8,56ae2849ccf76990,2024,57
08a4a67b72c1ca89,2024-07-07,15:46:03,596.7,2327eecca46e6ad2,2024,57
8d3cbf992cd27ba5,2024-07-07,16:49:24,994.5,8121e111a5f8a3d3,2024,56
bcaf492c293a58b8,2024-07-07,18:02:35,397.8,03dbccbc57561932,2024,56
7fadaf8ce4116ca0,2024-07-07,18:34:16,397.8,c810858fac9b8087,2024,56
768126b701d4ca20,2024-07-07,19:02:28,596.7,612ab83927ddcd3d,2024,56
c3b6e16bdd4ffa1d,2024-07-08,11:55:08,397.8,3e0bd3cc435eadfb,2024,56
532201dcbf31697a,2024-07-08,12:06:13,397.8,e34b4d0dfd09f9a5,2024,56
77a450e4fb06b278,2024-07-08,16:06:21,397.8,f94533bb14d724e4,2024,56
151d779bc7fbe25b,2024-07-09,10:54:25,397.8,5a44b1b2efef3375,2024,56
e2f7b672bfedd32a,2024-07-09,11:24:16,397.8,a881fbdb6fa651e9,2024,56
c8c95f503e5660e8,2024-07-09,14:30:34,397.8,ca93ffdbae8c454f,2024,56
954bf40e7fce4c72,2024-07-09,15:42:05,397.8,09629f591c0c6997,2024,56
55ef90d7fd2e0862,2024-07-10,13:01:44,397.8,6825194ae916166c,2024,56
f18b20703be98207,2024-07-10,16:49:40,397.8,04679a7c334756b6,2024,56
c7da8d725bf874d7,2024-07-10,17:41:38,397.8,28b46581bf7cc394,2024,56
1dfe87331a7ab8b2,2024-07-10,18:13:13,200.0,6a4e82eafdc1279e,2024,56
4131d96db8cfd08d,2024-07-10,18:45:06,200.0,7aacbf73a69cc8eb,2024,56
82c0ff1e596fa47f,2024-07-10,20:14:53,397.8,eab6a989993619a0,2024,56
e2aac2df1a675290,2024-07-11,11:33:50,397.8,1a6e482528981efb,2024,56
f99982f4099a554d,2024-07-11,12:22:10,397.8,3a41a1f4ea8a856d,2024,56
fa3292f5e992d887,2024-07-11,17:12:35,200.0,56ae2849ccf76990,2024,56
9b06a7b5d4d152a9,2024-07-11,17:50:08,1690.65,a273034aabcd7172,2024,55
5e237254e158ccff,2024-07-11,18:25:27,397.8,e0195f22fa2da458,2024,55
e172acc21f51b199,2024-07-11,18:26:30,397.8,68ba446d1ac33d74,2024,55
a785c0f7be03958e,2024-07-11,20:04:34,397.8,e677c9a6ff2d3353,2024,55
09c0e2c75fbb6307,2024-07-12,11:33:18,200.0,ce6e576f7934ab13,2024,55
ccbfc34e03e91797,2024-07-12,13:38:36,397.8,eb81a46b0695451b,2024,55
cca1d8f1e8e4a21d,2024-07-12,18:27:54,497.25,db9a7894f7a2f59e,2024,55
681f5373002bbfa7,2024-07-13,10:47:39,397.8,2294d49d24ef9f4e,2024,55
a8d5627de40b81b8,2024-07-13,12:13:34,397.8,e620ffa0cef961ee,2024,55
c4782a825679f527,2024-07-13,13:39:29,397.8,e3c03c617b58c65e,2024,55
41bb35ab7fa6d62e,2024-07-13,14:13:13,200.0,a8c58e5ff5031d5c,2024,55
34bf8715f31ced8b,2024-07-13,14:14:03,596.7,38bf01b2b31e6c64,2024,55
138c3c7b22ea301c,2024-07-13,15:16:42,200.0,463c283a838fb1e7,2024,55
6f366071fad0dda1,2024-07-13,20:03:04,397.8,fe5cd88fdca72071,2024,55
183ee0754b0ecd6e,2024-07-14,12:47:26,397.8,7e66cbb9145ed424,2024,55
2f08cec0dd4f2ea3,2024-07-14,14:15:52,497.25,cece72b46f0f05cb,2024,55
9e7ffb05107d073b,2024-07-14,17:28:45,696.15,8121e111a5f8a3d3,2024,55
96d1354a90628b86,2024-07-14,18:50:16,200.0,317a07863cb06a27,2024,55
f5251e01a1a66760,2024-07-14,18:57:43,497.25,dfa7591e194c63f2,2024,55
e87dc8a5210dbcc1,2024-07-14,19:12:38,397.8,d02b796930cddff5,2024,55
8033ceaab50fe5b9,2024-07-15,20:40:34,298.35,8121e111a5f8a3d3,2024,55
bd8aa790eee4689e,2024-07-15,11:26:33,497.25,4182e0345eaac4f0,2024,55
22d6881aa535122a,2024-07-15,12:16:18,397.8,1ff454667790622f,2024,55
20b5aa35fbaec4e7,2024-07-15,13:19:05,397.8,ab6cc6c89a759257,2024,54
4c25f8dd0d796597,2024-07-15,13:32:33,397.8,86f0cbead000fd73,2024,54
b38717a7994ad33e,2024-07-15,13:46:37,397.8,af4be46a346f44a7,2024,54
85f92a1f4f69b634,2024-07-15,14:02:33,348.07,f2ba153fd648ce19,2024,54
91105b2b4035ae40,2024-07-15,15:11:48,397.8,ddc2006584753b3e,2024,54
cc40a972d01cd120,2024-07-15,16:13:10,397.8,f630ac990b6cce51,2024,54
44096c801f635296,2024-07-15,17:18:49,397.8,1933054b92df99da,2024,54
d5c2ffd663f22546,2024-07-15,18:05:51,477.36,2e8484c0f09da0eb,2024,54
fe93ef0b6044ddaf,2024-07-15,18:19:00,1193.4,d2c5f9655cc81637,2024,54
79eeac75d68b6023,2024-07-15,19:37:26,397.8,7e1aec8e771b1336,2024,54
13792927f9ec3df6,2024-07-15,20:15:03,497.25,ac69430bf347a68d,2024,54
d428081c25fd8355,2024-07-16,10:31:03,298.35,f0183ae704e0f975,2024,54
927b1c6878dada2f,2024-07-16,12:45:54,200.0,7b1bf7f2536e80fc,2024,54
48dcee9d20fdc6ac,2024-07-16,13:42:34,397.8,e1cf444d361d1db5,2024,54
c5f296f920b0d618,2024-07-16,15:59:39,397.8,d9f8c2d5b6737159,2024,54
988f1c8337611557,2024-07-16,17:41:08,397.8,880ccb58a66d5355,2024,54
8027941e43f2b8a0,2024-07-16,18:13:50,397.8,6065e9efff79c35c,2024,54
5775a85a3ab9c185,2024-07-16,18:28:16,1044.22,8fd138a796cd830a,2024,54
2af44c67863a0f64,2024-07-17,12:43:13,497.25,ed38253efb7b3222,2024,54
598b72b64ca8e71b,2024-07-17,17:51:34,397.8,b011961439624cfd,2024,54
678c0dce102de7db,2024-07-17,20:00:39,397.8,0ce9f693a74c2b04,2024,54
dc94020410c5d07a,2024-07-18,11:42:07,795.6,dac8c3ec0715610c,2024,53
51eac6534519f352,2024-07-18,12:59:51,397.8,96e1904d49006a7c,2024,53
66e317a035d7e5d3,2024-07-18,13:21:19,298.35,0f59182047fd2643,2024,53
96cc7b0d5eaa0060,2024-07-18,13:25:28,200.0,ce6e576f7934ab13,2024,53
7cef16bd5212ec5a,2024-07-18,15:22:44,397.8,24dedba6d633c2c6,2024,53
c77f787f1327c263,2024-07-18,16:48:42,397.8,b06d9e99739ef58e,2024,53
58fdfb2fdfe07459,2024-07-18,18:46:29,397.8,1e7229b251e50a16,2024,53
beb3410c12f36c17,2024-07-18,19:18:37,397.8,9d625967374abf46,2024,53
55ce2d972f35654a,2024-07-19,12:05:33,1093.95,7715b91f954cece7,2024,53
6282285833029315,2024-07-19,12:35:55,397.8,44cb168e4ea5e181,2024,53
1baad342aefd8205,2024-07-19,13:14:01,397.8,ede2c43c89e02794,2024,53
8c76950cc8d307df,2024-07-19,13:15:52,397.8,463c283a838fb1e7,2024,53
d68067bbd8a694dc,2024-07-19,17:28:21,397.8,b7b3a6ae2c34ab9c,2024,53
578cccdc9f428ef3,2024-07-19,17:36:57,397.8,5fc14234735326f3,2024,53
f0f0b68c2bc5559e,2024-07-20,10:37:10,397.8,2294d49d24ef9f4e,2024,53
1c2bb1e0bce7057e,2024-07-20,11:20:57,200.0,118177a2ad4daed0,2024,53
dae140b66118c375,2024-07-20,12:14:54,397.8,e620ffa0cef961ee,2024,53
c55dddc34238427d,2024-07-20,12:46:47,397.8,36db84479e1e5a70,2024,53
13a8489d6fc2898d,2024-07-20,14:00:34,397.8,fe5cd88fdca72071,2024,53
7966e50ac2932235,2024-07-20,14:41:18,397.8,429543364babaaa1,2024,53
0f46f7ec994225cd,2024-07-20,16:46:04,200.0,497bb44d302ff79c,2024,53
2266c1e423a9c4b7,2024-07-20,16:51:36,397.8,1700e5604695c894,2024,53
8d6be24b8115ece7,2024-07-20,17:25:45,397.8,76b485a3b11fe59a,2024,53
6569201b11464442,2024-07-20,17:26:37,397.8,2da8308410acf0c9,2024,53
67f76ee86d2400b3,2024-07-20,17:54:46,397.8,317a07863cb06a27,2024,53
d9c5495e121aa4cb,2024-07-20,18:01:50,397.8,c897b09d0d744b67,2024,53
9783ff6ac20a6b6a,2024-07-20,19:39:09,397.8,60e9c46a67fce230,2024,53
74813b46b8fc01c3,2024-07-20,20:00:57,696.15,2e8484c0f09da0eb,2024,52
aa07fc1e181d8e20,2024-07-20,20:12:21,397.8,7f7341e2036f51a4,2024,52
e45129a1051cfd8e,2024-07-21,12:38:30,298.35,36c2c579fa8d748c,2024,52
19d672f8f88ca2df,2024-07-21,12:46:20,397.8,7e66cbb9145ed424,2024,52
d4b5f739450ae53b,2024-07-21,14:11:13,397.8,56ae2849ccf76990,2024,52
ef11ce727ee29d8f,2024-07-21,14:45:22,596.7,2327eecca46e6ad2,2024,52
949eb46fb0fc6e40,2024-07-21,15:05:45,397.8,e34b4d0dfd09f9a5,2024,52
dfb680c071cbddc5,2024-07-21,16:42:34,497.25,1e0727db716a8910,2024,52
67153a3698f31695,2024-07-21,17:15:51,397.8,e84ee76cabfd7007,2024,52
98daf9f29c0f7285,2024-07-21,17:48:54,397.8,f620e30e24ee86f3,2024,52
cd89f8ed1e64f15b,2024-07-21,17:53:12,200.0,fd48be66bbd0319d,2024,52
5752b056fa797f45,2024-07-21,18:04:27,397.8,92045ea2e6fc1f30,2024,52
dbb97fe614cf89f1,2024-07-21,18:09:57,397.8,04679a7c334756b6,2024,52
43c5013596dd6ba0,2024-07-21,19:03:28,397.8,661986fc840c8ad2,2024,52
9dab0467f682bd75,2024-07-21,19:13:53,200.0,f516803f65250ff4,2024,52
efe365168f07f5b0,2024-07-22,18:08:10,397.8,11553da0d3a71c30,2024,52
fe8849171fbaf720,2024-07-22,19:18:53,397.8,58fbd71919bbafba,2024,52
e4190affe3a31209,2024-07-23,17:16:17,397.8,bd908b91156f90f6,2024,52
3a30eae450b70f55,2024-07-23,17:40:23,596.7,04461b7b1457a80b,2024,52
77830c98f69e8ef8,2024-07-23,18:56:21,200.0,ce6e576f7934ab13,2024,52
c20e4f5bcae06b3d,2024-07-24,14:24:00,298.35,28f4a4d897ac2d25,2024,52
56e249a13faa0f1f,2024-07-24,16:13:25,200.0,d02b796930cddff5,2024,52
b1b8991b2c1d61c3,2024-07-24,17:43:56,397.8,424aa970b147f7be,2024,52
80db5d1793a21427,2024-07-25,10:25:14,367.96,5583d4754815a72c,2024,52
416d433252d20d53,2024-07-25,12:19:30,497.25,22676f3962de070e,2024,52
1e5e7dee688a0330,2024-07-25,12:20:24,596.7,0ce9f693a74c2b04,2024,52
e65350f79ed840e9,2024-07-25,12:41:09,397.8,b3930cdf590f8ca4,2024,52
73b6fa2f37accd06,2024-07-25,13:05:03,994.5,8121e111a5f8a3d3,2024,51
ca8ce75cca2e9646,2024-07-25,13:36:08,298.35,bb855c5fef98547f,2024,51
4430ae7adca78c9f,2024-07-25,15:46:52,397.8,3e0bd3cc435eadfb,2024,51
0ac38d0bc34eebd1,2024-07-25,17:46:09,397.8,d9f8c2d5b6737159,2024,51
a38284b5e804c7e0,2024-07-25,18:33:09,397.8,9d625967374abf46,2024,51
9b4fec38a97cde5c,2024-07-25,19:11:37,397.8,c61531689535e06e,2024,51
078c4e10beb2c258,2024-07-25,19:18:50,397.8,9a443ab87b3d77a1,2024,51
8d6c8ecc9eb586eb,2024-07-25,19:23:37,200.0,56ae2849ccf76990,2024,51
875ee756a9d43426,2024-07-25,19:52:34,397.8,58386ba93ab8c0f7,2024,51
65af71babf64ab54,2024-07-25,20:30:22,397.8,7dfe7c0fcd6b2412,2024,51
6fad6b341aed56a1,2024-07-26,15:30:04,397.8,6a4e82eafdc1279e,2024,51
b58924179d055c30,2024-07-26,17:08:06,994.5,9edef0a9aa1990a3,2024,51
e9914be50f4ce815,2024-07-27,09:35:28,200.0,4b885df3774ad95f,2024,51
3be6b5d724ed1cc8,2024-07-27,12:45:30,397.8,d11836664c5bed90,2024,51
a87fd8aa83db3ee6,2024-07-27,13:45:54,397.8,fe5cd88fdca72071,2024,51
4ee63182ae862092,2024-07-27,14:00:29,397.8,7f7341e2036f51a4,2024,51
b64edb6206649d36,2024-07-27,15:41:45,397.8,309316b85cfc6a7a,2024,51
d2163df3dc25b089,2024-07-27,16:08:03,397.8,2294d49d24ef9f4e,2024,51
2c19357fddee3fd7,2024-07-27,16:56:28,1690.65,,2024,51
fbf832d2641e7c25,2024-07-27,16:59:06,397.8,0f8310c637b40a37,2024,51
bf3fbc5a074bd515,2024-07-27,17:21:55,397.8,ddc2006584753b3e,2024,51
99850f6b26e081cc,2024-07-27,17:39:01,397.8,ac04dc151bf28fb0,2024,51
0fd1660be9555ad8,2024-07-27,17:58:58,397.8,ef948e13078d5ea5,2024,51
d891b9aaac415968,2024-07-27,18:37:01,397.8,8c37e81700890276,2024,51
96aaf4bf426e1ee7,2024-07-27,18:38:52,397.8,e677c9a6ff2d3353,2024,51
1764726e9358db22,2024-07-28,12:45:35,397.8,7e66cbb9145ed424,2024,51
49dfede9883c1e95,2024-07-28,15:20:40,397.8,2b7805197bb07a54,2024,50
c01575531e7509c4,2024-07-28,15:51:00,397.8,e84ee76cabfd7007,2024,50
61a3ac0fc2763c99,2024-07-28,15:57:37,397.8,38ba69e8511fd6bd,2024,50
c39d8c70e3485134,2024-07-28,18:09:18,497.25,7161bed55a6f5d0e,2024,50
7b0a327c500d6bce,2024-07-28,18:44:55,696.15,e4151b99502b7125,2024,50
ce7c1be683d00844,2024-07-28,19:25:11,397.8,cad706b69f5c6ac2,2024,50
135e031c912e2fae,2024-07-28,20:31:06,298.35,065aaa337051afcc,2024,50
3a88466421ad2bb0,2024-07-29,14:21:08,397.8,0cfd86255c4e75e0,2024,50
1b890ee6b61c2f8e,2024-07-29,15:08:56,397.8,56ae2849ccf76990,2024,50
5b6615bb9f13b95d,2024-07-29,16:24:00,200.0,ce6e576f7934ab13,2024,50
d3861016c37d9562,2024-07-29,17:17:38,397.8,1f07ef6417924e05,2024,50
29771b624b134e83,2024-07-29,18:18:14,397.8,d02b796930cddff5,2024,50
78a62b0e0efac4b7,2024-07-29,20:00:46,397.8,0ce9f693a74c2b04,2024,50
2a677ae677e7c72c,2024-07-30,10:57:47,397.8,ce4946b3f979fbaf,2024,50
45c8cb2e197e11aa,2024-07-30,16:14:21,397.8,7715b91f954cece7,2024,50
d8bbb97076a82bd7,2024-07-30,17:51:03,298.35,fcbcbc0bf3c1bf7a,2024,50
ec1deaf3c481ba2e,2024-07-30,19:55:57,200.0,7b1bf7f2536e80fc,2024,50
9624130b9424a65b,2024-07-31,12:04:06,397.8,3dc81630ada6aadb,2024,50
ab770fbbe92fba08,2024-07-31,14:46:31,795.6,4a7eec7e8789215b,2024,50
5f85431dce7926b2,2024-07-31,17:23:48,397.8,30fb3ede6bfd0417,2024,50
02fa9fbfe32f69ce,2024-07-31,17:58:09,397.8,04679a7c334756b6,2024,50
d77ea2545e815c34,2024-07-31,19:19:15,397.8,54662fb85f170172,2024,50
013c4e75b09f7053,2024-08-01,10:25:43,397.8,3a41a1f4ea8a856d,2024,50
f7ceef3ef516ef40,2024-08-01,10:41:07,200.0,16b039442dd95f1a,2024,50
a8c664c568db2583,2024-08-01,12:25:49,397.8,6fcbd4f133411ca9,2024,50
dfa4757c9d6b9f80,2024-08-01,12:37:36,994.5,8121e111a5f8a3d3,2024,49
4a181a9ebb8812f9,2024-08-01,13:00:14,397.8,19e7861497d8fb05,2024,49
6606e91a287edf38,2024-08-01,16:27:44,497.25,6065e9efff79c35c,2024,49
ce631933a2dd8541,2024-08-01,18:38:30,150.0,8a5dea801d8997bf,2024,49
edccbc9423e6221f,2024-08-01,18:54:46,397.8,1e7229b251e50a16,2024,49
3651e5339513ad6f,2024-08-01,19:27:51,497.25,ed38253efb7b3222,2024,49
0b09850b33e3a261,2024-08-02,14:17:24,397.8,22a6c37bd1bfbb75,2024,49
cbee3a4793458484,2024-08-02,14:22:46,397.8,1473794f0edc60f3,2024,49
0af19eff57705bcf,2024-08-02,15:58:41,497.25,c4bd1be4029bc0e7,2024,49
f557354b7ac66506,2024-08-02,16:29:36,397.8,0e7b9fee18a1e80d,2024,49
6ba8fc3700225482,2024-08-02,17:30:27,200.0,2277437a9b487ea6,2024,49
525d2e01cf759c75,2024-08-02,17:34:30,200.0,6a4e82eafdc1279e,2024,49
cf71e8a041498627,2024-08-02,18:30:30,397.8,5c429f69804e1557,2024,49
7b6251fbb8d61bc5,2024-08-02,18:49:18,397.8,0775ebb06fb0b48b,2024,49
ac8eff110a74b4cd,2024-08-02,20:19:38,795.6,44c2052cbfb09fcf,2024,49
4c89b16b1927fa46,2024-08-02,20:28:58,397.8,03dbccbc57561932,2024,49
214ecf38240d60b7,2024-08-02,20:34:49,397.8,1933054b92df99da,2024,49
86fa7a278eafc863,2024-08-03,11:12:13,397.8,8b2c73e9f2d3ca8e,2024,49
bc94a48030b053b0,2024-08-03,12:00:53,397.8,e620ffa0cef961ee,2024,49
86430b54505851ae,2024-08-03,13:28:47,397.8,2294d49d24ef9f4e,2024,49
4b0705337d048038,2024-08-03,14:08:42,397.8,56ae2849ccf76990,2024,48
d956408873e65685,2024-08-03,15:33:17,1889.55,83871716145a4f81,2024,48
fe94cbf8b9af2669,2024-08-03,15:44:13,994.5,58386ba93ab8c0f7,2024,48
b9cd1663b399c8a3,2024-08-03,16:08:41,397.8,7f7341e2036f51a4,2024,48
447c1c0d108837c7,2024-08-03,19:07:31,200.0,4450b1b795545b6f,2024,48
3ef3ae6edb9c9a20,2024-08-03,19:22:06,497.25,8a5dea801d8997bf,2024,48
79cf6942d82352b1,2024-08-03,20:50:40,397.8,7e66cbb9145ed424,2024,48
2d1c1c35e7dd644d,2024-08-04,12:12:57,397.8,3eedfe36281fa8ed,2024,48
d590c53acada7543,2024-08-04,12:29:24,397.8,762c1cf3edb26d66,2024,48
a8db11e34340763c,2024-08-04,12:36:41,200.0,0f59182047fd2643,2024,48
7f9c2c319f2e0dd5,2024-08-04,13:56:57,397.8,ab6cc6c89a759257,2024,48
4d17befc10c5b325,2024-08-04,15:37:08,298.35,1baaa01700bcd5bd,2024,48
ec1685bbb197a28f,2024-08-04,16:01:54,397.8,e84ee76cabfd7007,2024,48
936486db511aec4e,2024-08-04,16:46:09,397.8,d9f8c2d5b6737159,2024,48
7bf3a7c878dc7db6,2024-08-04,17:58:20,397.8,33569840a5cafdd2,2024,48
c700d9c16ca3fdd0,2024-08-04,19:03:47,397.8,92045ea2e6fc1f30,2024,48
8adfe677f7c2b8d9,2024-08-04,19:17:38,596.7,38bf01b2b31e6c64,2024,48
1071fe6b9d0e1b01,2024-08-04,20:00:40,298.35,4b885df3774ad95f,2024,48
68ef993f5db2ab0d,2024-08-04,20:20:52,200.0,3de68eb7361320b7,2024,48
5ee3a6686121877d,2024-08-05,11:57:35,100.0,4a7eec7e8789215b,2024,48
2abcba0b2a2401ef,2024-08-05,13:01:12,397.8,af4be46a346f44a7,2024,47
08e090fab7056c93,2024-08-05,13:40:18,397.8,175ef0916604f418,2024,47
909f86e003dc69f8,2024-08-05,14:31:22,200.0,10b56579ed34531b,2024,47
62d1f52eab69d2c8,2024-08-05,17:45:40,200.0,6a4e82eafdc1279e,2024,47
6d12a0777bc97b7c,2024-08-05,18:11:43,397.8,35fc95cfdc08a809,2024,47
8d96035afa8833eb,2024-08-05,18:47:52,994.5,0ce9f693a74c2b04,2024,47
61cbfc8e96103d8f,2024-08-05,19:11:15,397.8,ccb8e8d57119f911,2024,47
eeda8d86d13924aa,2024-08-05,19:26:52,397.8,f516803f65250ff4,2024,47
367bf9d6e3f86863,2024-08-05,19:44:34,200.0,fa68f06bbd6067e8,2024,47
3a3bfd152a802325,2024-08-06,12:05:15,397.8,1037136caddf29d0,2024,47
d829e0fbb0565152,2024-08-06,15:17:58,1790.1,eb8563c075c95203,2024,47
25c3925470743cd9,2024-08-06,18:59:49,397.8,7f6bae83d5a4a7fe,2024,47
487b1c1d5c896a98,2024-08-06,19:58:54,397.8,7e1aec8e771b1336,2024,47
be9bfb27f2f80825,2024-08-06,20:24:04,200.0,1037136caddf29d0,2024,47
a1e01b0488295622,2024-08-07,13:51:02,397.8,04679a7c334756b6,2024,47
6863fb3066bac372,2024-08-07,14:53:18,298.35,187610efefa24a2e,2024,47
655332e3a6d4dcd1,2024-08-07,15:34:23,397.8,613feb5285315893,2024,47
b4dd8d6d497e07e3,2024-08-07,16:02:13,397.8,e34b4d0dfd09f9a5,2024,47
aecee4775145778b,2024-08-07,17:05:00,200.0,7334565f9040a95d,2024,47
d099f70e0c7bfb64,2024-08-07,19:13:08,200.0,d2b83df8224526e3,2024,47
5130470d4c5c3218,2024-08-07,20:03:53,497.25,ed38253efb7b3222,2024,47
dfca960ed39d6aa6,2024-08-09,14:54:37,200.0,5efa4bfa8d464f92,2024,46
3e87e7466ee179cf,2024-08-09,15:19:22,1491.75,3e5471f3808e1bc8,2024,46
d67e82c3f5e21b67,2024-08-09,17:09:46,298.35,ce6e576f7934ab13,2024,46
848259d4c3a75712,2024-08-09,18:19:15,696.15,0ce9f693a74c2b04,2024,46
01799cb9d480a49c,2024-08-09,19:05:58,397.8,4d6285651dcb1f5d,2024,46
98e6fb4274fbc365,2024-08-09,20:19:51,397.8,c897b09d0d744b67,2024,46
457417971aaeeb3c,2024-08-09,21:00:05,397.8,1e7229b251e50a16,2024,46
c83bfbe258c15c94,2024-08-10,09:52:46,397.8,2294d49d24ef9f4e,2024,46
5d11c7a853ade14d,2024-08-10,12:50:05,397.8,331f998120ade03c,2024,46
6859d1d99b072341,2024-08-10,12:57:07,397.8,af4be46a346f44a7,2024,46
15c12458dd7225f2,2024-08-10,13:53:26,397.8,6a4e82eafdc1279e,2024,46
dd5570ae8f7e93c7,2024-08-10,16:21:02,397.8,fe5cd88fdca72071,2024,46
f6e7ef002ed4bdae,2024-08-10,17:15:45,397.8,7e66cbb9145ed424,2024,46
927f692a2ca628bd,2024-08-11,12:45:12,397.8,aae074fdf96fc63e,2024,46
68c661359201cdf6,2024-08-11,13:08:35,397.8,9fcf8eeb6a70d7df,2024,46
e3397ff4670da9a9,2024-08-11,14:02:57,397.8,56ae2849ccf76990,2024,46
fb91779191056307,2024-08-11,15:57:51,200.0,6ec554cf3dcba8fd,2024,46
7459c548aa9f6f4c,2024-08-11,16:21:41,397.8,38ba69e8511fd6bd,2024,46
362a126d2c84b57a,2024-08-11,17:09:28,397.8,ede2c43c89e02794,2024,46
c26afec54962b0b9,2024-08-11,18:09:42,397.8,448f68658b6ae246,2024,46
c68056607bf80cc8,2024-08-11,19:59:33,397.8,266306f9263d575e,2024,46
d2c5f33d7c81b22e,2024-08-11,20:38:46,994.5,5682cdfb6a5eba09,2024,46
90f3f1dfe50d329b,2024-08-12,11:55:34,397.8,1ff454667790622f,2024,45
347f077ea18af3f8,2024-08-12,13:01:00,397.8,3a41a1f4ea8a856d,2024,45
0cbfa0bd536f8dfe,2024-08-12,14:04:26,397.8,a0afcdeaa2e50d9a,2024,45
4cf0f0ee9b359527,2024-08-12,18:01:22,397.8,d9f8c2d5b6737159,2024,45
019de879ae7c4ba0,2024-08-13,14:06:40,397.8,b7b3a6ae2c34ab9c,2024,45
85d084c438560a55,2024-08-13,16:28:41,200.0,463c283a838fb1e7,2024,45
833f6d2b3cb137b1,2024-08-13,16:46:00,397.8,53fcbbd8ba6f25b5,2024,45
b456bdae1e7a78cf,2024-08-13,16:54:40,397.8,606dafd5cb046d7a,2024,45
08d5638567712550,2024-08-13,18:28:19,200.0,fa68f06bbd6067e8,2024,45
a32bf9cd03c27fa9,2024-08-13,19:06:49,397.8,92875e353a5002f1,2024,45
a18d9e2375438ae6,2024-08-13,20:20:52,100.0,2e8484c0f09da0eb,2024,45
3444078618e04b66,2024-08-14,11:39:28,298.35,db9a7894f7a2f59e,2024,45
1e2fc8be98e7d86d,2024-08-14,14:29:28,397.8,8b2c73e9f2d3ca8e,2024,45
a684733ceeae204c,2024-08-14,15:16:06,397.8,ab5ebb9c0c28f2ac,2024,45
4673bec7ee05c49c,2024-08-14,17:07:48,994.5,5c5b4c895e3eb347,2024,45
8d6a9fa17792ef5c,2024-08-14,17:48:13,397.8,66d10601943a98aa,2024,45
f7f0c48343e0a9ef,2024-08-14,17:57:27,397.8,3dc81630ada6aadb,2024,45
5d13a8a7e9d4b08d,2024-08-14,18:35:04,994.5,42daeeb2a2eb6cfc,2024,45
f57cbc3e532309b7,2024-08-14,18:38:08,397.8,701397aa4ccd3458,2024,45
5eb667d99a8681d1,2024-08-14,18:57:44,497.25,ed38253efb7b3222,2024,45
464e1a3da751fcef,2024-08-14,19:17:43,397.8,58386ba93ab8c0f7,2024,45
19d53b683cc7844e,2024-08-14,19:37:22,200.0,82b2a581e08d2f30,2024,45
a307f0a546e93342,2024-08-15,11:16:09,298.35,00e1e48f34138c42,2024,45
510463c4861187fc,2024-08-15,11:57:11,248.62,1d90be0187a9207c,2024,45
547126c7226946e2,2024-08-15,13:27:59,397.8,d265f111f700c6c8,2024,44
eba512ef0384b072,2024-08-15,14:01:11,397.8,ee1603547452ecf1,2024,44
1847faad4dc8ddd2,2024-08-15,14:12:22,200.0,1389a1d385cda52a,2024,44
f7973ed73d3b6aa5,2024-08-15,14:19:25,397.8,d02b796930cddff5,2024,44
78b315ed5d65591b,2024-08-15,17:36:19,497.25,f29900f6e4ae23e8,2024,44
df71014f854a6e67,2024-08-15,18:52:31,397.8,56ae2849ccf76990,2024,44
d40869ce623d9718,2024-08-15,18:56:34,298.35,ce6e576f7934ab13,2024,44
4eb77bdc5141e528,2024-08-16,11:38:07,397.8,28b46581bf7cc394,2024,44
11d1f39efbd58e3e,2024-08-16,11:53:45,397.8,3a41a1f4ea8a856d,2024,44
75ee9f64a8310ffe,2024-08-16,12:43:15,397.8,e620ffa0cef961ee,2024,44
d0315de7923268e1,2024-08-16,12:57:29,397.8,04679a7c334756b6,2024,44
5b4a560210966d74,2024-08-16,16:19:09,397.8,9edef0a9aa1990a3,2024,44
e58a0e06fe03607b,2024-08-16,18:23:36,397.8,29d37f0450cd4f23,2024,44
ec221c341b2e88f6,2024-08-17,11:10:00,397.8,2294d49d24ef9f4e,2024,44
26b4d7617c9b40ab,2024-08-17,12:42:27,397.8,b75e01938ed9b279,2024,44
d6eddcc95169aad7,2024-08-17,13:19:38,200.0,6a4e82eafdc1279e,2024,44
f49680f7ecd11a90,2024-08-17,17:01:34,397.8,7e66cbb9145ed424,2024,44
47c198a7b0fd189b,2024-08-17,18:06:00,200.0,56f8bd5f7e216dea,2024,44
d23a7416a7d7cd51,2024-08-17,18:51:23,397.8,29ce5c048227c537,2024,44
11e816e750aa2bf6,2024-08-17,20:04:11,1591.2,b60b2dba7b7f790f,2024,44
e635832bb2f622c5,2024-08-18,14:54:10,397.8,e4151b99502b7125,2024,44
d640efa7bc8ad29d,2024-08-18,15:51:33,1491.75,7bba2cea93235b45,2024,43
fc7fc26f00e92196,2024-08-18,16:06:36,397.8,96e1904d49006a7c,2024,43
2b111fca3982db69,2024-08-18,19:55:41,397.8,f516803f65250ff4,2024,43
9dbb34583a3ad165,2024-08-18,20:11:24,397.8,92045ea2e6fc1f30,2024,43
e0ba0df3e8f9fa7c,2024-08-19,14:26:52,397.8,ad111ae02c90a231,2024,43
c9dc8f993b37afd1,2024-08-19,16:31:04,200.0,56ae2849ccf76990,2024,43
119fcfa311ca926e,2024-08-19,16:58:16,397.8,52ea7e2a8d481a1c,2024,43
f049671ed7e2aff6,2024-08-20,11:16:23,397.8,0ce9f693a74c2b04,2024,43
855dc26c893e2787,2024-08-20,16:33:45,200.0,6a4e82eafdc1279e,2024,43
ea44361919362707,2024-08-20,18:28:22,497.25,82543b21c5d3eb8f,2024,43
79e6f4e609611efc,2024-08-21,14:39:23,397.8,af4be46a346f44a7,2024,42
0a9d78743f8541ac,2024-08-21,16:53:43,200.0,95ee31353c61790b,2024,42
bfdf334645ad8f84,2024-08-21,18:45:10,397.8,ccb8e8d57119f911,2024,42
7dc3a10a5b5cd96b,2024-08-22,13:50:48,397.8,69433d3e9de320d8,2024,42
95920d067de239dd,2024-08-22,14:03:59,200.0,13272d3c48d6a5a6,2024,42
c914a6955d306d31,2024-08-22,14:37:32,200.0,a7b97e66b8270398,2024,42
d12e1a5e07659ef4,2024-08-22,16:10:05,397.8,6065e9efff79c35c,2024,42
d3ffb4a1aa3d611a,2024-08-22,16:34:43,397.8,ef948e13078d5ea5,2024,42
7391514a2f8d0abd,2024-08-22,17:02:38,200.0,1773da2e182b8c0d,2024,42
c903ae5accb7f034,2024-08-22,19:39:50,397.8,7e1aec8e771b1336,2024,42
6663779de007aba3,2024-08-23,14:27:42,200.0,456964823ef89d20,2024,42
299053e6ccecbc16,2024-08-23,14:38:28,397.8,660a991feb493ec4,2024,42
6b61481a99d790d4,2024-08-23,16:19:56,200.0,463c283a838fb1e7,2024,42
e8bd5cdb4deb5125,2024-08-23,16:58:46,397.8,fd1a71fd30f492a1,2024,42
82f61692ad91e474,2024-08-23,17:30:12,397.8,649a7c663fef643a,2024,42
bffee698e5670f13,2024-08-23,17:32:26,397.8,9d625967374abf46,2024,42
7c4501dda34eef61,2024-08-23,19:21:36,397.8,577656f89b0bd379,2024,42
0ea736b5817512bf,2024-08-24,12:02:52,397.8,5dc9a9775bc2ae3c,2024,42
42ae14a302e16703,2024-08-24,12:37:44,397.8,56ae2849ccf76990,2024,42
26f402b874e491fb,2024-08-24,13:08:46,200.0,ce6e576f7934ab13,2024,41
c6e010cf8caffc33,2024-08-24,13:43:51,397.8,2294d49d24ef9f4e,2024,41
d9a3eb3d99dc0382,2024-08-24,15:50:54,397.8,8a3c589292583789,2024,41
6eefa52ece6047c9,2024-08-24,15:58:54,994.5,8121e111a5f8a3d3,2024,41
219ee49e4cd20d44,2024-08-24,16:43:31,397.8,0d30ee97f9f62ddc,2024,41
87a9f16889daa73b,2024-08-24,17:02:01,696.15,56207710f85602f5,2024,41
b5ef36e8759b0433,2024-08-24,17:23:55,200.0,572e24ca6eccfc7b,2024,41
106be1a9ecc9c87f,2024-08-24,18:51:24,397.8,60e9c46a67fce230,2024,41
bf1760ccf04b2ce6,2024-08-25,12:09:44,397.8,b1c9f48df6b9a218,2024,41
2d95556fd7776d54,2024-08-25,14:09:36,397.8,38ba69e8511fd6bd,2024,41
9845ce283ed22249,2024-08-25,14:22:02,397.8,10ff5c9d46de0901,2024,41
00d871e8171dd0b1,2024-08-25,14:44:24,596.7,d02b796930cddff5,2024,41
ca3033de7f74cb54,2024-08-25,14:55:30,200.0,b9a1baacdf2b9b66,2024,41
19cf0b46c01d9e26,2024-08-25,16:50:51,200.0,cc93e32c701c0b4e,2024,41
5169d0957accd05f,2024-08-25,17:14:04,397.8,59c8b84e949ef694,2024,41
90da3de82f9312b7,2024-08-25,18:18:20,397.8,7e66cbb9145ed424,2024,41
c6fff5a6d8e07796,2024-08-25,18:19:42,596.7,0a6a2e328be0960f,2024,41
23e776fa607dd8c6,2024-08-25,18:27:28,397.8,03dbccbc57561932,2024,41
e0df22f710f0ba58,2024-08-25,19:06:01,397.8,f94533bb14d724e4,2024,41
3acb56ee4d7b1c6f,2024-08-25,19:16:17,397.8,e84ee76cabfd7007,2024,41
0e04783279c13074,2024-08-26,12:16:47,397.8,26fffb43361eca9e,2024,41
1f567a264718a7f5,2024-08-26,12:38:35,200.0,f4b811b17180ea83,2024,41
4fcf36d2de5b8e50,2024-08-26,13:33:08,397.8,7f7341e2036f51a4,2024,41
33b33b61f03c917f,2024-08-26,15:07:39,397.8,ab5ebb9c0c28f2ac,2024,41
9ce7655e3c19aadd,2024-08-26,15:14:47,200.0,391c69948d4c9b96,2024,41
3ac8f150655847f3,2024-08-26,15:59:41,200.0,2277437a9b487ea6,2024,41
1b1c2425eec5904b,2024-08-26,17:12:09,200.0,6a4e82eafdc1279e,2024,41
7daf87f993dabbcb,2024-08-26,18:16:26,200.0,a41b18182529b6c0,2024,40
d03f48cf23ae81ee,2024-08-26,18:32:18,200.0,1f81cd937fee101a,2024,40
51d94bdec3cf467a,2024-08-26,18:48:01,200.0,c17c775a93f5ee00,2024,40
c2e5530ef9c5c963,2024-08-26,19:00:37,200.0,92875e353a5002f1,2024,40
14af19c68f32a235,2024-08-26,19:27:08,397.8,399bd88ce2adcb19,2024,40
43bb3e34f8dd1569,2024-08-26,19:54:05,397.8,c897b09d0d744b67,2024,40
a8060293ce6d1515,2024-08-27,11:25:49,397.8,63752b4181a58448,2024,40
c308b039e1d4cc4b,2024-08-27,12:52:59,596.7,8b2c73e9f2d3ca8e,2024,40
03ce9e229fc09bf4,2024-08-27,14:41:52,200.0,7bba2cea93235b45,2024,40
442a34c5ca66c7b7,2024-08-27,15:45:09,397.8,880ccb58a66d5355,2024,40
2d26f01cad318fe2,2024-08-27,17:21:20,200.0,16b039442dd95f1a,2024,40
d6eb96aae26c389e,2024-08-27,17:46:05,397.8,b48991a46c9cac36,2024,40
40e363d798c7df0f,2024-08-27,18:34:41,497.25,ed38253efb7b3222,2024,40
8459192ee81610b3,2024-08-27,18:40:21,200.0,53fcbbd8ba6f25b5,2024,40
83326ca76b69c6a3,2024-08-27,19:03:31,397.8,f948c0ccacf007d2,2024,40
7498889b018d2ec1,2024-08-27,20:07:42,397.8,101eb4e2e7ba33d4,2024,40
2f810847cd92a9fe,2024-08-27,20:08:38,397.8,8d432a587fdd0a4d,2024,40
1b4a81fe42d5cebb,2024-08-27,20:34:59,397.8,1ff454667790622f,2024,40
be29e6388e15f0ae,2024-08-28,10:42:25,298.35,2e8484c0f09da0eb,2024,40
ad524a43abf05166,2024-08-28,13:12:47,397.8,ee1603547452ecf1,2024,40
505a4a6014f7db33,2024-08-28,13:33:19,298.35,0dd24c1b6242283e,2024,40
1df855a193c80002,2024-08-28,13:55:09,298.35,bb855c5fef98547f,2024,40
fc2ddcd03c0c266d,2024-08-28,17:33:58,397.8,9fcf8eeb6a70d7df,2024,40
6d4cd15ac9510698,2024-08-28,18:38:36,397.8,440d211bb7942184,2024,40
51d17ef975e5886c,2024-08-29,10:48:16,397.8,85b4948c570033d2,2024,40
3382348d161f38bf,2024-08-29,11:25:32,200.0,1473794f0edc60f3,2024,40
f3b953cc2c5c6bde,2024-08-29,12:50:51,397.8,6a4e82eafdc1279e,2024,40
c92179639e317ace,2024-08-29,13:02:40,200.0,56ae2849ccf76990,2024,39
e90dffc004bb807a,2024-08-29,17:08:07,200.0,ce6e576f7934ab13,2024,39
85fc2d3ddfa91532,2024-08-29,18:02:13,397.8,5fc14234735326f3,2024,39
c4cf1b60d844835c,2024-08-29,18:28:38,397.8,497bb44d302ff79c,2024,39
39fabf52870f2e1a,2024-08-30,12:47:33,397.8,5583d4754815a72c,2024,39
fc6b61fca63930dc,2024-08-30,16:07:35,397.8,b7b3a6ae2c34ab9c,2024,39
fcf3b028f89e4397,2024-08-30,16:19:34,200.0,7c3dd579ae4c8a7b,2024,39
c238c58153ae56fc,2024-08-30,16:29:04,298.35,62df22b86ac0590e,2024,39
5bfe7e3ef991415d,2024-08-30,17:48:58,397.8,f41980ba9888f1a3,2024,39
127078dc25ee57e7,2024-08-30,18:10:55,397.8,1e0727db716a8910,2024,39
6e3f17d46362e420,2024-08-30,20:17:13,397.8,ccb8e8d57119f911,2024,39
a6c05f3f70237818,2024-08-30,20:27:30,795.6,0ce9f693a74c2b04,2024,39
026504016f9d2c67,2024-08-31,11:45:14,457.47,0b89c5b3a7d08626,2024,39
4cc4a3e2debd1f1a,2024-08-31,11:47:31,200.0,50b9f21cb06729e9,2024,39
1a3eab19ea0b992b,2024-08-31,12:11:16,397.8,abe4299fe2735277,2024,39
51bd5e6ea4207d5b,2024-08-31,12:20:57,200.0,d87164cf11ac2fcd,2024,39
3695c2c9d9f56c90,2024-08-31,15:32:46,397.8,a704fc2e97673c68,2024,39
b0ea654bbbbba038,2024-08-31,15:32:48,795.6,8bb502bffb507336,2024,39
2443a8cafbaea0b7,2024-08-31,15:57:54,397.8,2294d49d24ef9f4e,2024,39
69e4fb1276c298b4,2024-08-31,16:09:58,397.8,7e66cbb9145ed424,2024,39
d75e368845a1f25b,2024-08-31,16:51:00,150.0,7e66cbb9145ed424,2024,39
78570a952295cbfe,2024-08-31,17:25:49,397.8,28b46581bf7cc394,2024,39
e8b6eb3acd70f0fc,2024-08-31,19:33:38,397.8,11bd00c8bf0ca16c,2024,39
43f782624d43bfbd,2024-08-31,19:56:25,397.8,448f68658b6ae246,2024,39
d4fa557cc7e651c7,2024-09-01,11:53:21,397.8,af14c71d7b44ac63,2024,38
f918a4cd3e7260d7,2024-09-01,15:21:43,994.5,8121e111a5f8a3d3,2024,38
75f7aeac0cadc53d,2024-09-01,15:47:45,298.35,f8853c6e38124255,2024,38
6f239dd9beb34ffa,2024-09-01,15:56:05,397.8,307cf3569210ec35,2024,38
a53163235e23dd1c,2024-09-01,17:01:12,596.7,d95caa4aa15a5155,2024,38
6904dd885cda7d15,2024-09-01,17:33:19,397.8,e84ee76cabfd7007,2024,38
f5245526fdf3599f,2024-09-01,18:56:36,397.8,d70a08152c7949f0,2024,38
cc28425cab3dc366,2024-09-01,19:36:10,397.8,e79fcc33a3e6fd34,2024,38
4da46e355feeef7d,2024-09-01,19:58:05,397.8,5ebd6aba82bddc89,2024,38
b33aa6f2da7cf0e9,2024-09-02,11:19:56,200.0,2c0c6d4f927808a2,2024,38
938ba187d08e3297,2024-09-02,13:42:07,397.8,56ae2849ccf76990,2024,38
1588ace5d6182ad3,2024-09-02,15:54:38,397.8,e34b4d0dfd09f9a5,2024,38
3985e6e3c8fdff08,2024-09-02,16:17:18,397.8,f94533bb14d724e4,2024,38
9eb9b007a921fbad,2024-09-02,16:17:51,397.8,0f8310c637b40a37,2024,38
3da9d440519c88fa,2024-09-02,18:32:51,200.0,ce6e576f7934ab13,2024,38
49dfe258666b724d,2024-09-03,11:19:05,397.8,04679a7c334756b6,2024,38
9bf4fcf68b620bc0,2024-09-03,12:14:02,397.8,b2174f7e54279d71,2024,37
48520a20db9b813f,2024-09-03,15:34:00,397.8,f41980ba9888f1a3,2024,37
361ddcba1db9ab8e,2024-09-03,18:39:22,397.8,9d625967374abf46,2024,37
0b55764e6d679e81,2024-09-03,19:11:23,397.8,d9f8c2d5b6737159,2024,37
86549e012847a9a2,2024-09-04,16:15:19,200.0,1037136caddf29d0,2024,37
ed842205a6ccae51,2024-09-04,16:41:34,200.0,463c283a838fb1e7,2024,37
b67718121143a4b5,2024-09-04,19:39:30,397.8,cdf2075d7d86c587,2024,37
420eb4eee0e8157c,2024-09-04,20:00:34,397.8,0ce9f693a74c2b04,2024,37
b83e1799e787980e,2024-09-04,20:14:42,397.8,fd1a71fd30f492a1,2024,37
7085624bbab6c160,2024-09-04,20:19:39,696.15,2e8484c0f09da0eb,2024,37
796b7dc82436e3f8,2024-09-05,10:20:36,397.8,407114895e0ea59e,2024,37
99d1c5ce0bf8d307,2024-09-05,13:05:18,397.8,64db1bb465b26197,2024,37
e4b4ad4caecc9fd0,2024-09-05,14:49:15,397.8,b9b9cd4822baf71b,2024,37
8db54b63ad5e0f7f,2024-09-05,19:07:06,397.8,7dfe7c0fcd6b2412,2024,37
700c9ba76b71528e,2024-09-06,13:05:36,100.0,c7a95719789de43c,2024,37
6e3d0c32482bc763,2024-09-06,14:02:38,397.8,19e7861497d8fb05,2024,37
3644d79d56f62cb1,2024-09-06,14:57:01,397.8,73afb8d06cefa990,2024,37
31df9d6aad28500b,2024-09-06,15:05:42,397.8,f41980ba9888f1a3,2024,37
1731c565f49cf09a,2024-09-06,16:38:40,397.8,6065e9efff79c35c,2024,37
2a332af2a66459f2,2024-09-06,18:22:10,200.0,fd48be66bbd0319d,2024,37
f47449452cecbd0b,2024-09-06,19:22:29,1889.55,f663c834d1a7ada4,2024,37
dd26a48ff46864b0,2024-09-06,20:10:53,200.0,ce6e576f7934ab13,2024,37
7f5eb600db1f90eb,2024-09-06,20:28:37,397.8,58386ba93ab8c0f7,2024,37
0e2c0233633c5eeb,2024-09-07,11:20:50,397.8,9cb89413a868fcd0,2024,37
fa8c864ee671fd2c,2024-09-07,11:40:20,397.8,1773da2e182b8c0d,2024,37
f3dbd9cb764e4b0e,2024-09-07,14:03:16,200.0,68cc50219a654bd0,2024,37
9328373b2bdc9dbf,2024-09-07,15:18:10,200.0,3593c9bc156c193f,2024,37
3f9451f8585c3e5f,2024-09-07,17:24:49,397.8,af4be46a346f44a7,2024,36
e3c8ce5deae9bcb7,2024-09-07,18:24:08,397.8,12223fa5f3ed2483,2024,36
e04d0a8a8f917480,2024-09-07,18:56:37,200.0,6a4e82eafdc1279e,2024,36
ca22afe69f4b7a11,2024-09-07,18:58:40,596.7,ccb8e8d57119f911,2024,36
1f3324ac27f1a04c,2024-09-07,20:21:21,397.8,2da8308410acf0c9,2024,36
4c79ff9c26b1a6c1,2024-09-08,14:35:13,397.8,101eb4e2e7ba33d4,2024,36
b5a455bca7a744a3,2024-09-08,15:20:05,397.8,4c0073b13fc57fef,2024,36
424402b2b9530677,2024-09-08,15:25:40,397.8,2327eecca46e6ad2,2024,36
e0adc667cc7dc783,2024-09-08,15:59:53,397.8,38ba69e8511fd6bd,2024,36
9511c731c281c3d7,2024-09-08,17:01:22,397.8,7e66cbb9145ed424,2024,36
90a44d1f321ddde0,2024-09-08,18:18:51,397.8,7751c9c892c897b6,2024,36
f0be55d768997263,2024-09-08,19:19:37,397.8,4d6285651dcb1f5d,2024,36
da51db6531bfb9e2,2024-09-08,19:39:50,397.8,c66ff8d3cc5f9cb1,2024,36
f0210b6bb0f3cd6d,2024-09-09,07:30:00,100.0,36db84479e1e5a70,2024,36
d840803799205c69,2024-09-09,12:40:08,298.35,1e8fde6bae811161,2024,36
4268224d938f4ef4,2024-09-09,12:41:34,397.8,f94533bb14d724e4,2024,36
cbc5ad41eba7108f,2024-09-09,13:34:31,397.8,ab5ebb9c0c28f2ac,2024,36
8af818924191b52e,2024-09-09,13:52:41,397.8,56ae2849ccf76990,2024,36
da92c56f1c8af1d0,2024-09-09,15:40:49,497.25,2c0c6d4f927808a2,2024,36
d498adaeb9c7fa84,2024-09-09,17:07:58,200.0,725e15ce9ed75363,2024,36
ee330a6ee57d1df1,2024-09-09,18:04:39,397.8,d02b796930cddff5,2024,36
40c211f36951be90,2024-09-09,19:23:19,397.8,42daeeb2a2eb6cfc,2024,36
3fbce20ffab4ede4,2024-09-09,19:42:31,397.8,b1c9f48df6b9a218,2024,36
4e2964c6334a9d9e,2024-09-09,19:51:28,397.8,7f7341e2036f51a4,2024,36
b199477e646dfbc5,2024-09-10,11:37:33,397.8,66d10601943a98aa,2024,36
00e4a7a7a12a2371,2024-09-10,13:00:39,397.8,516e4c46b3708753,2024,36
fa7e113dd1b25093,2024-09-10,15:39:25,397.8,3dc81630ada6aadb,2024,35
351c879337446fd3,2024-09-10,15:55:34,994.5,8121e111a5f8a3d3,2024,35
36a9f030cc3d52a5,2024-09-10,17:24:04,200.0,7b1bf7f2536e80fc,2024,35
a9bba6831f34950f,2024-09-10,18:09:24,397.8,35fc95cfdc08a809,2024,35
2c8866aebf43cf0d,2024-09-10,19:41:36,397.8,e4534e2b69136809,2024,35
0b55822dd9982baf,2024-09-10,20:28:22,298.35,1037136caddf29d0,2024,35
6c63f406aa448975,2024-09-11,10:34:39,397.8,2294d49d24ef9f4e,2024,35
592baf2f4d4d9590,2024-09-11,15:50:10,397.8,f41980ba9888f1a3,2024,35
9e9eb7d38a43b40e,2024-09-12,13:49:19,200.0,16b039442dd95f1a,2024,35
78cfd1b2f1443df7,2024-09-12,14:56:13,397.8,e34b4d0dfd09f9a5,2024,35
a223c171a36e9349,2024-09-12,15:08:32,298.35,94cfe1d2c476d110,2024,35
8951b4a0b73df827,2024-09-12,15:33:33,596.7,399bd88ce2adcb19,2024,35
d25b775b1dded659,2024-09-12,16:24:23,696.15,ddc2006584753b3e,2024,35
a356c329af777565,2024-09-12,16:55:26,200.0,56ae2849ccf76990,2024,35
f3f39377c0b866df,2024-09-12,17:22:30,200.0,5c2402996719a4e3,2024,35
b929f8f8028e33e8,2024-09-12,17:44:04,397.8,d9f8c2d5b6737159,2024,35
db95de64c76430a8,2024-09-12,18:22:58,200.0,ce6e576f7934ab13,2024,35
6127399735137b25,2024-09-12,19:16:47,397.8,1933054b92df99da,2024,35
e0ded2c46d7d4b7e,2024-09-12,19:40:36,397.8,1e7229b251e50a16,2024,35
4b14347e69ca76f7,2024-09-12,20:12:38,397.8,9d625967374abf46,2024,35
374c94dd991437e7,2024-09-12,20:29:56,596.7,56207710f85602f5,2024,34
1a0a010a47f4f49a,2024-09-13,18:04:45,397.8,b06d9e99739ef58e,2024,34
95eee6911122167c,2024-09-13,19:21:41,397.8,7e1aec8e771b1336,2024,34
55c5414e394a3ae2,2024-09-13,19:26:03,397.8,e84ee76cabfd7007,2024,34
a96dd77077889e5e,2024-09-13,19:37:18,248.62,792fba36e7a35365,2024,34
4460e5ef5cfaa65d,2024-09-14,12:11:00,397.8,e620ffa0cef961ee,2024,34
c736ac25d65c80b6,2024-09-14,12:55:39,397.8,fe5cd88fdca72071,2024,34
22ec0fb661b97487,2024-09-14,13:19:23,397.8,e4151b99502b7125,2024,34
f5f0782386331407,2024-09-14,13:47:04,397.8,73afb8d06cefa990,2024,34
aad80e2e6a1bdb6e,2024-09-14,18:39:36,397.8,7f7341e2036f51a4,2024,34
69f99e29d5bb80b7,2024-09-15,13:29:25,100.0,68c571af3ff21546,2024,34
92d4a8d9610305df,2024-09-15,17:41:47,298.35,af2b766d216c7d25,2024,34
54603185b0841940,2024-09-15,18:04:24,397.8,9fcf8eeb6a70d7df,2024,34
a9d49e6197a5ac33,2024-09-15,18:31:28,397.8,1ff454667790622f,2024,34
2e6317149ace8148,2024-09-15,19:08:41,397.8,c810858fac9b8087,2024,34
cbf5e221af987682,2024-09-15,19:25:26,397.8,b7b3a6ae2c34ab9c,2024,34
aeee13a91694a600,2024-09-15,19:37:39,397.8,43b74658756c94da,2024,34
180f1915eb1eb2ac,2024-09-16,13:07:30,397.8,85b4948c570033d2,2024,34
43ebe3d14ccd8494,2024-09-16,14:39:30,200.0,4c8191493b60cbdd,2024,34
4aa6c88ba4375be5,2024-09-16,14:57:10,397.8,f94533bb14d724e4,2024,34
614873afc1be8c75,2024-09-16,17:19:11,200.0,6a4e82eafdc1279e,2024,34
c6d6679fa119fb0b,2024-09-16,18:40:19,397.8,ec1d33ae5c344e2e,2024,34
c6da005c752b9926,2024-09-16,19:24:12,1093.95,7e66cbb9145ed424,2024,34
74a4ce3dc989102b,2024-09-17,12:38:48,397.8,f91419483ba932db,2024,34
60b7e90474cc6407,2024-09-17,16:29:56,397.8,19e7861497d8fb05,2024,33
b1dd8ed35384dbe0,2024-09-17,17:22:55,200.0,ce6e576f7934ab13,2024,33
50465e1037702c9d,2024-09-18,03:45:00,497.25,ce6e576f7934ab13,2024,33
403dab400655e48e,2024-09-18,11:22:41,397.8,2294d49d24ef9f4e,2024,33
f3e8a139f0836734,2024-09-18,13:40:17,397.8,64b3be02cca2df45,2024,33
327a3724f282d075,2024-09-18,15:28:39,497.25,c7a95719789de43c,2024,33
e1eb08759acd08b4,2024-09-18,19:27:12,397.8,7715b91f954cece7,2024,33
6bc4e3babe3ca396,2024-09-19,12:15:33,248.62,48d149b6d6280123,2024,33
c9afcdf7eceb0185,2024-09-19,13:30:48,994.5,8121e111a5f8a3d3,2024,33
16cfd8b626c826f9,2024-09-19,16:38:19,397.8,ba20692fab0756b5,2024,33
800167c240341760,2024-09-19,17:24:08,397.8,0f8310c637b40a37,2024,33
341c046a5af7eff0,2024-09-19,18:23:22,397.8,1e7229b251e50a16,2024,33
cce139b1e434fa34,2024-09-19,18:49:13,397.8,d9f8c2d5b6737159,2024,33
2ea311836058a36f,2024-09-19,19:14:24,1491.75,5c429f69804e1557,2024,33
e6cb2d8e6f23bde3,2024-09-19,19:59:50,397.8,f516803f65250ff4,2024,33
9e0ad59a263e2815,2024-09-20,13:30:17,497.25,6065e9efff79c35c,2024,33
9c4c8cce37870178,2024-09-20,15:14:39,1093.95,bb855c5fef98547f,2024,33
0ad321d2d81ab377,2024-09-20,16:06:02,200.0,56ae2849ccf76990,2024,33
63590ee518f6d6d7,2024-09-20,16:34:29,200.0,a7b97e66b8270398,2024,33
9df596ba04e66d9b,2024-09-20,17:05:07,397.8,e677c9a6ff2d3353,2024,33
3630a52414e8d95f,2024-09-20,17:15:22,397.8,04679a7c334756b6,2024,33
8209064830306eef,2024-09-20,19:15:45,795.6,ce6e576f7934ab13,2024,33
a5d3c27cc80ae97b,2024-09-21,13:07:01,397.8,f999441cdb10deed,2024,33
476a45c11ac9371e,2024-09-21,14:33:26,1491.75,796f2c6c2da90387,2024,32
c68377bf5ec09f4e,2024-09-21,14:46:49,994.5,1a5cbdfc265b1a9f,2024,32
a4f973dc75f74cc1,2024-09-21,14:56:27,1491.75,eedca7cca55e0fa0,2024,32
a2b96213bbfea827,2024-09-21,15:04:41,397.8,ef948e13078d5ea5,2024,32
94e42ed4fc48e7bc,2024-09-21,17:17:19,397.8,497bb44d302ff79c,2024,32
25e141547831a924,2024-09-21,19:00:01,397.8,96e1904d49006a7c,2024,32
90e1fdd49691da4c,2024-09-22,12:48:53,397.8,e84ee76cabfd7007,2024,32
2a4cebc358d0a25b,2024-09-22,13:15:26,397.8,5ebd6aba82bddc89,2024,32
82bc80eb6c8edc34,2024-09-22,13:32:07,397.8,d6582b8a76a86c65,2024,32
d2224fda864294b6,2024-09-22,13:53:09,397.8,aae074fdf96fc63e,2024,32
9044e01808c26c53,2024-09-22,14:10:39,397.8,53fcbbd8ba6f25b5,2024,32
a8a12c066532ec8e,2024-09-22,14:35:09,397.8,c17c775a93f5ee00,2024,32
fae6625941aae118,2024-09-22,15:32:08,397.8,3cd6178d79301f52,2024,32
ef7ebaf88c9b04b7,2024-09-22,15:41:30,200.0,3888df5d645ac002,2024,32
10b558f1c558729b,2024-09-22,16:38:35,596.7,e1f23f36fbd3ee09,2024,32
053ecb9197bb6ecf,2024-09-22,17:22:08,200.0,b2a5bea004cfae3c,2024,32
b0e3f4e181402206,2024-09-22,19:35:46,200.0,1e0727db716a8910,2024,32
71aa795f97667bb1,2024-09-22,19:36:10,397.8,5adf440e75459654,2024,32
9010be1cae33201f,2024-09-22,20:15:41,397.8,523c4f68b48389d5,2024,32
4a0137a8404a3afa,2024-09-23,11:42:47,397.8,58fbd71919bbafba,2024,32
155684a04476a4bf,2024-09-23,12:20:28,397.8,f94533bb14d724e4,2024,32
06cff16daa7a0397,2024-09-23,13:57:36,397.8,92045ea2e6fc1f30,2024,32
4f16f8d8c2b8d3a9,2024-09-23,14:47:34,200.0,56ae2849ccf76990,2024,32
2a4fa86cd5bd4b12,2024-09-23,17:02:29,397.8,11553da0d3a71c30,2024,32
6d8a703b706ddfed,2024-09-23,17:39:43,1093.95,0ce9f693a74c2b04,2024,32
1481df702f8d54a5,2024-09-23,17:49:52,200.0,463c283a838fb1e7,2024,31
06c0dd5f4ccec845,2024-09-23,18:48:38,397.8,2c0c6d4f927808a2,2024,31
3178ba29aa1f42ce,2024-09-23,19:30:28,397.8,5a44b1b2efef3375,2024,31
0edf922734f80b3d,2024-09-23,20:16:09,397.8,d02b796930cddff5,2024,31
d1c6c63d8df67919,2024-09-24,13:47:43,397.8,22a6c37bd1bfbb75,2024,31
c1187303e6d45339,2024-09-24,14:58:34,200.0,eb81a46b0695451b,2024,31
4144db8241b89a96,2024-09-24,15:35:26,2187.9,ddc2006584753b3e,2024,31
b4dee96baea8ceed,2024-09-24,16:04:04,200.0,d2c5f9655cc81637,2024,31
0479bb904f83d588,2024-09-24,18:03:57,397.8,288b99f1b3e87038,2024,31
72f2f0e7db395e30,2024-09-25,17:28:10,397.8,3dc81630ada6aadb,2024,31
049eea63e32feb28,2024-09-25,17:47:28,994.5,5fc14234735326f3,2024,31
5cbcfa25241fb127,2024-09-25,18:44:13,397.8,1e0727db716a8910,2024,31
5a1191856e75540b,2024-09-25,20:02:24,397.8,ab6cc6c89a759257,2024,31
35cc560b432f1d0b,2024-09-26,12:00:07,397.8,6a4e82eafdc1279e,2024,31
a751ccd9e70c6261,2024-09-26,12:28:51,200.0,ce6e576f7934ab13,2024,31
b7666f7ad915ef3c,2024-09-26,12:52:22,994.5,8121e111a5f8a3d3,2024,31
afae7c0357818fbe,2024-09-26,14:06:26,497.25,3e5471f3808e1bc8,2024,31
b6a69829158a8c12,2024-09-26,17:02:50,795.6,1e7229b251e50a16,2024,31
b1377a9eac5334fb,2024-09-26,17:21:07,397.8,d9f8c2d5b6737159,2024,31
f8cd463e0b241cc5,2024-09-26,17:36:48,397.8,c66ff8d3cc5f9cb1,2024,31
8136c35f821236f5,2024-09-26,18:21:49,397.8,56ae2849ccf76990,2024,31
e92a423dbb9ee4ab,2024-09-26,19:35:37,795.6,c7a95719789de43c,2024,31
b48e7f9e30d1f90d,2024-09-26,19:35:46,795.6,09502f2df5af56dc,2024,31
87184cdf5794ec93,2024-09-27,11:20:27,397.8,ede2c43c89e02794,2024,31
60c21ee84fbe8871,2024-09-27,12:40:44,397.8,388714140d80e76c,2024,31
ceb9ec5e98206a02,2024-09-27,13:56:13,397.8,92d5b941b3e96cce,2024,31
4df3e8155b8ce627,2024-09-27,15:45:47,397.8,fd1a71fd30f492a1,2024,31
bba01377b6fc0866,2024-09-27,15:51:56,200.0,10a6102e940ca0cf,2024,30
49d16e48cfa89b08,2024-09-27,16:43:29,397.8,7fd5e3c2d93944c2,2024,30
a1b455b60b932064,2024-09-27,16:56:00,397.8,04679a7c334756b6,2024,30
c48d77b16e0ce0c0,2024-09-27,17:04:54,1093.95,7715b91f954cece7,2024,30
181450eacc0f7257,2024-09-27,17:50:53,397.8,a6b2eb3cfd04917c,2024,30
5e0bb0b9671fe6ec,2024-09-27,18:54:44,397.8,4d6285651dcb1f5d,2024,30
bab198629423e2f6,2024-09-27,19:14:47,397.8,1933054b92df99da,2024,30
c54255169d2a970b,2024-09-27,20:26:41,397.8,79b054424dbef9ab,2024,30
604baf2634fc0fe6,2024-09-28,10:21:20,200.0,13272d3c48d6a5a6,2024,30
3fa0ab3553c969d8,2024-09-28,11:46:20,397.8,e620ffa0cef961ee,2024,30
0d6fe3e293158721,2024-09-28,18:37:29,200.0,ec1d33ae5c344e2e,2024,30
2c27dc67df95cc19,2024-09-29,12:21:30,248.62,50b9f21cb06729e9,2024,30
a762359fe50cadc7,2024-09-29,12:33:13,397.8,0ce9f693a74c2b04,2024,30
5d7b55183da7552b,2024-09-29,13:31:57,397.8,38ba69e8511fd6bd,2024,30
b5e58631e72743d7,2024-09-29,14:15:26,298.35,f8853c6e38124255,2024,30
ad7c1a220517e2ba,2024-09-29,14:24:07,200.0,a41b18182529b6c0,2024,30
309ec641aa76fa50,2024-09-29,14:45:25,397.8,007ffe348c01c7d6,2024,30
725645ffb38afb34,2024-09-29,15:19:09,397.8,9fcf8eeb6a70d7df,2024,30
bd973d27a3319418,2024-09-29,16:33:14,397.8,776309563aceafa7,2024,30
e6d74b6043b47137,2024-09-29,17:08:34,397.8,424aa970b147f7be,2024,30
f1599f47b16a93aa,2024-09-29,18:20:14,397.8,89e64150c114ef80,2024,30
35a2bdbf267f183b,2024-09-29,19:05:22,397.8,e84ee76cabfd7007,2024,30
f013e29cfba68f46,2024-09-29,19:54:13,397.8,11bd00c8bf0ca16c,2024,30
e94f5ade702072f5,2024-09-29,20:42:32,200.0,,2024,30
275d936265e1b16f,2024-09-30,13:27:15,397.8,a41b18182529b6c0,2024,30
e4528b6498a2837a,2024-09-30,14:38:07,397.8,e34b4d0dfd09f9a5,2024,30
2568cef63cf268e9,2024-09-30,16:58:02,200.0,d87164cf11ac2fcd,2024,29
d9578427f08d54da,2024-09-30,17:38:01,248.62,e69d817b56e1caae,2024,29
d0c6f8533c85f1a8,2024-09-30,18:00:41,397.8,f41980ba9888f1a3,2024,29
ff32e94d0bc19c9f,2024-09-30,20:29:33,397.8,5583d4754815a72c,2024,29
50de581a739a488e,2024-10-01,10:24:03,200.0,d2b377bd63f7926b,2024,29
a4ccc68389b756ae,2024-10-01,12:36:35,397.8,d265f111f700c6c8,2024,29
426898c14abe0d4e,2024-10-01,15:54:04,200.0,b90403f3fb450c9b,2024,29
33049234ff792798,2024-10-01,16:10:00,100.0,b70ebc9190f47850,2024,29
90df854b7eb3130e,2024-10-01,17:00:16,596.7,cdb865c33975dd35,2024,29
39e4772a7f5b8f42,2024-10-01,17:27:10,397.8,ce6e576f7934ab13,2024,29
efd58f65e780d965,2024-10-01,18:12:02,397.8,7e66cbb9145ed424,2024,29
0c9ae920940ec27e,2024-10-01,18:24:46,80.0,7e66cbb9145ed424,2024,29
dfbfd3d4dbaaa236,2024-10-01,19:13:42,100.0,b48991a46c9cac36,2024,29
c856e4a7adfa5359,2024-10-01,19:54:26,397.8,ddfc6c77ae9af5b5,2024,29
6201cd2e1fb6b0ec,2024-10-01,20:27:06,397.8,c897b09d0d744b67,2024,29
9a4a7db0283f653c,2024-10-02,11:24:39,397.8,85b4948c570033d2,2024,29
a06560f32aa5f975,2024-10-02,13:44:05,200.0,fa05749ec922d652,2024,29
e0c281614b78bde3,2024-10-02,19:31:00,497.25,2c0c6d4f927808a2,2024,28
5c378aa13de5b330,2024-10-03,12:59:00,994.5,8121e111a5f8a3d3,2024,28
bd7365935ec7f03d,2024-10-03,13:37:38,200.0,eb81a46b0695451b,2024,28
af6154b89553c3b5,2024-10-03,16:33:31,397.8,ddc2006584753b3e,2024,28
60d2e89533bebfd4,2024-10-03,17:17:18,397.8,24dedba6d633c2c6,2024,28
1192052d0e8c80d8,2024-10-03,17:47:41,298.35,9fc958b6f52e0b6a,2024,28
5e1b31bbab62512d,2024-10-03,17:48:07,596.7,9d625967374abf46,2024,28
483ab62ed663229b,2024-10-03,17:51:56,397.8,9d625967374abf46,2024,28
7114a99c587f3d39,2024-10-04,12:37:15,397.8,f94533bb14d724e4,2024,28
d97f24426540ced7,2024-10-04,13:15:18,200.0,3f47349418c97a65,2024,28
765cd1579dd913c2,2024-10-04,13:20:47,994.5,e4bb040664595a3a,2024,28
400e6e19462b034b,2024-10-04,16:22:02,397.8,56207710f85602f5,2024,28
e9aebadf72b5dd2c,2024-10-04,17:33:18,596.7,2327eecca46e6ad2,2024,28
df65bb46c73cd327,2024-10-04,18:19:02,397.8,6279102e76263526,2024,28
0e7ce1e7afc699dd,2024-10-04,18:46:58,200.0,56ae2849ccf76990,2024,28
847eca7e064e9981,2024-10-05,11:17:43,397.8,2294d49d24ef9f4e,2024,28
7cd8d268747b02bc,2024-10-05,12:33:40,397.8,f999441cdb10deed,2024,28
40fd326fb2759dfe,2024-10-05,14:24:43,200.0,95ee31353c61790b,2024,28
c86fa6a10d4353aa,2024-10-05,17:29:17,696.15,d5dce9f435b276cc,2024,28
6f0e86ec08acfa82,2024-10-05,19:03:20,397.8,448f68658b6ae246,2024,28
e1f366715f8a154c,2024-10-05,20:25:51,397.8,7f7341e2036f51a4,2024,28
a958b4509f2b67c7,2024-10-05,20:36:03,397.8,c7a95719789de43c,2024,28
aa47812b455942f1,2024-10-06,13:44:02,397.8,92250e0f4ffa53b8,2024,27
91fe7dc87fdcb096,2024-10-06,14:29:27,397.8,c61531689535e06e,2024,27
141b57292e062ab0,2024-10-06,15:07:30,298.35,1e8fde6bae811161,2024,27
733b927e3f7358a8,2024-10-06,16:13:30,200.0,792fba36e7a35365,2024,27
b7d8656bc0d7150d,2024-10-06,16:43:59,397.8,36db84479e1e5a70,2024,27
a82906c67e81b0bd,2024-10-06,17:17:20,397.8,e84ee76cabfd7007,2024,27
b158a23cffb50cbe,2024-10-06,17:25:31,397.8,d02b796930cddff5,2024,27
bfbfa547a84afde7,2024-10-06,17:57:44,100.0,ed6152715b042719,2024,27
52edeeacf429c8ec,2024-10-06,19:08:05,397.8,92045ea2e6fc1f30,2024,27
47f16b2134192433,2024-10-06,19:48:22,397.8,d75935db5b6e548a,2024,27
59a4ccd80352e430,2024-10-07,11:04:37,397.8,4ecd6043f0f0cc2b,2024,27
b0fae489b5ff256e,2024-10-07,13:34:16,397.8,04461b7b1457a80b,2024,27
daa0ede0d97faecc,2024-10-07,18:30:46,2685.15,6a4e82eafdc1279e,2024,27
7f2400d69b229444,2024-10-07,18:48:20,1392.3,5c429f69804e1557,2024,27
76fbed8d976508c1,2024-10-07,20:02:35,397.8,309316b85cfc6a7a,2024,27
36bb163d62629646,2024-10-08,10:13:20,200.0,d461186749578af8,2024,27
e9689b406d77cef7,2024-10-08,11:54:38,397.8,19e7861497d8fb05,2024,27
b642b7965daefbb0,2024-10-08,13:35:25,397.8,d6582b8a76a86c65,2024,27
35cd7c6237dd2fee,2024-10-08,16:51:53,397.8,56ae2849ccf76990,2024,27
89f14b1e7e4b600f,2024-10-08,17:12:02,298.35,ec1d33ae5c344e2e,2024,27
644fbc68aafb04d4,2024-10-08,18:20:52,397.8,5ebd6aba82bddc89,2024,27
a9c81d8cd8f5ac30,2024-10-08,19:18:03,397.8,11553da0d3a71c30,2024,27
3c90446ddb3d8876,2024-10-08,19:54:52,397.8,d9f8c2d5b6737159,2024,27
79b1bd02e14beea7,2024-10-08,21:10:41,994.5,67205803ea89121e,2024,26
2d6321a38dc960b7,2024-10-08,21:20:05,397.8,ce6e576f7934ab13,2024,26
85680063f1f47e7c,2024-10-09,12:53:53,200.0,6ec554cf3dcba8fd,2024,26
67caa16c507fcc82,2024-10-09,13:01:59,397.8,4b885df3774ad95f,2024,26
a51c8a4ce6a1a55f,2024-10-09,18:18:37,397.8,1ff454667790622f,2024,26
ff1b27beb5793474,2024-10-09,19:35:51,397.8,1933054b92df99da,2024,26
d37b60767a07845a,2024-10-10,11:21:12,397.8,04679a7c334756b6,2024,26
32989ca638c63e54,2024-10-10,12:34:30,200.0,fd48be66bbd0319d,2024,26
2ccae780ac19e2ee,2024-10-10,12:42:06,397.8,101eb4e2e7ba33d4,2024,26
e43daac0a799c708,2024-10-10,13:12:43,298.35,3dc28b8ecdedc6da,2024,26
b88e8e3de5d581a2,2024-10-10,13:35:13,397.8,ddacf29caf49c182,2024,26
3545cce0208cfa84,2024-10-10,13:58:28,298.35,c7a95719789de43c,2024,26
dffcba319a4143d6,2024-10-10,14:29:28,397.8,7e66cbb9145ed424,2024,26
c54e6210f903a8bc,2024-10-10,14:36:16,1093.95,007ffe348c01c7d6,2024,26
398b99be9bbec107,2024-10-10,17:46:59,397.8,497bb44d302ff79c,2024,26
6bd8f81ceb7d147f,2024-10-10,19:08:48,397.8,ac69430bf347a68d,2024,26
eed14d2dcc009c8a,2024-10-11,10:42:28,397.8,2294d49d24ef9f4e,2024,26
1bb94f585a0baab1,2024-10-11,11:08:54,447.52,2c0c6d4f927808a2,2024,26
b88bec16d29266d3,2024-10-11,11:23:41,397.8,f94533bb14d724e4,2024,26
b1d479719c553312,2024-10-11,12:06:18,397.8,7e1aec8e771b1336,2024,26
624ca0a68017d8dc,2024-10-11,13:22:03,397.8,1e7229b251e50a16,2024,26
7e57cee71c4a5b1c,2024-10-11,17:20:18,397.8,b011961439624cfd,2024,26
5bf26f542d37b4fe,2024-10-12,12:52:16,397.8,0f59182047fd2643,2024,26
b76cda9e276d7b5d,2024-10-12,13:35:13,397.8,6a4e82eafdc1279e,2024,26
a4cb1e1d20d45138,2024-10-12,15:02:16,546.97,0ce9f693a74c2b04,2024,26
d334cbe927774c90,2024-10-13,13:02:22,397.8,a41b18182529b6c0,2024,26
02064c243a288240,2024-10-13,14:30:48,200.0,56ae2849ccf76990,2024,26
157635e5c0dd984f,2024-10-13,15:06:15,397.8,abe4299fe2735277,2024,25
ac85cba09c1e4e30,2024-10-13,15:33:58,397.8,e84ee76cabfd7007,2024,25
be51e7f752deba3b,2024-10-13,15:37:19,200.0,a77848191d1a97eb,2024,25
776dd841d5dc7663,2024-10-13,15:58:33,397.8,03dbccbc57561932,2024,25
41fef0e728af34cf,2024-10-13,20:00:11,397.8,f516803f65250ff4,2024,25
f6265ddcf34636ab,2024-10-13,20:07:56,994.5,8121e111a5f8a3d3,2024,25
7479fbbfe00218de,2024-10-14,11:47:59,200.0,7c3dd579ae4c8a7b,2024,25
04b634b73d62036c,2024-10-14,16:40:51,200.0,6a4e82eafdc1279e,2024,25
f6fe70809c5c0827,2024-10-14,18:23:20,397.8,b09487759418fa11,2024,25
a0be38b3de717e29,2024-10-14,18:51:15,397.8,7dfe7c0fcd6b2412,2024,25
426f6114817f4179,2024-10-14,19:24:54,200.0,ce6e576f7934ab13,2024,25
ceb39261cb2fd265,2024-10-15,11:48:18,298.35,67a9b2734b4888d4,2024,25
212651deb0837253,2024-10-15,12:40:14,397.8,b839166c784e8111,2024,25
328a96399dfa8bc8,2024-10-15,19:46:28,397.8,9a493dfaf627532d,2024,25
b57c0638307abce4,2024-10-16,13:33:34,397.8,1a872959a6bd5637,2024,24
107e44646255b1af,2024-10-16,14:28:09,397.8,7f7341e2036f51a4,2024,24
3dad3ea2186c4630,2024-10-16,14:46:54,397.8,c7a95719789de43c,2024,24
69072f022729ffd4,2024-10-16,15:14:21,397.8,ef952a519447e318,2024,24
ff25a5c18f94af36,2024-10-16,17:04:42,497.25,d5685842550fda8a,2024,24
ff5cdc6a8c714ebb,2024-10-17,10:59:31,397.8,ddc2006584753b3e,2024,24
381e461772f8fcc2,2024-10-17,11:51:52,397.8,4dac6785a29581f7,2024,24
62b3fdc88c7cbb9e,2024-10-17,12:19:37,397.8,e4534e2b69136809,2024,24
ca64ff9733465359,2024-10-17,13:08:33,298.35,187610efefa24a2e,2024,24
d54462162e1c0d34,2024-10-17,13:44:12,397.8,1e7229b251e50a16,2024,24
24f8205e170e6931,2024-10-17,14:10:37,397.8,2277437a9b487ea6,2024,24
0555afdf592b9fb6,2024-10-17,15:56:21,397.8,b75e01938ed9b279,2024,24
9c4a25ba0fb33ec8,2024-10-17,16:27:56,397.8,ba20692fab0756b5,2024,24
260e1712862dd183,2024-10-17,16:50:55,397.8,e41c926d3eb5abfc,2024,24
444fb7e80fd0ebe5,2024-10-17,16:58:39,200.0,48d149b6d6280123,2024,24
6eb0a5e24f2da4f5,2024-10-17,18:29:21,200.0,424aa970b147f7be,2024,24
3fd1eb430f03af98,2024-10-17,18:42:01,1093.95,5be92d88a18f8094,2024,24
aa9d396f1efaeed2,2024-10-17,19:05:17,200.0,8f5f3316cc5fb713,2024,24
8c10fe7f1f6fdb91,2024-10-18,11:20:05,397.8,f94533bb14d724e4,2024,24
f4c882d6dac209cb,2024-10-18,11:46:41,397.8,19e7861497d8fb05,2024,24
08e44b3e604f1dfe,2024-10-18,12:02:12,397.8,af4be46a346f44a7,2024,24
cf72611f3f0edea9,2024-10-18,12:38:43,397.8,6065e9efff79c35c,2024,24
52b1e8297a22b1ea,2024-10-18,13:18:28,200.0,04eb90a31d7a02c7,2024,23
7c57d9d3a83bb3d0,2024-10-18,14:08:42,397.8,a41b18182529b6c0,2024,23
f9faf2e046484745,2024-10-18,15:45:12,200.0,6a4e82eafdc1279e,2024,23
aa12fc946e0cbb1c,2024-10-18,15:53:56,397.8,ab5ebb9c0c28f2ac,2024,23
441ac64f69a9d670,2024-10-18,16:20:22,397.8,1f460d484c8b057c,2024,23
ab076d92cae92f2b,2024-10-18,16:24:50,397.8,56ae2849ccf76990,2024,23
8797528a9d3229c8,2024-10-18,17:19:10,200.0,ce6e576f7934ab13,2024,23
92b087a57445c4ef,2024-10-18,18:29:13,298.35,9f1492265c18b7c3,2024,23
27a4fe0ad108c06a,2024-10-18,18:59:12,397.8,9513f66cfaac41b1,2024,23
3ac6f285a2cef295,2024-10-18,19:09:14,397.8,04679a7c334756b6,2024,23
418ddbfd0bb42623,2024-10-19,13:13:26,397.8,ab6cc6c89a759257,2024,23
186ee9cb3046b97c,2024-10-19,15:36:40,397.8,fe5cd88fdca72071,2024,23
7a936b4e198127f5,2024-10-19,16:03:29,397.8,1933054b92df99da,2024,23
f75d2cbca89173a9,2024-10-19,17:08:54,397.8,e90fe00b6c47ddfe,2024,23
62dfbd45b62d20b6,2024-10-19,18:30:32,397.8,c897b09d0d744b67,2024,23
4a43b528ee7e61d4,2024-10-19,18:35:37,200.0,e677c9a6ff2d3353,2024,23
beb0dac680ca8dd7,2024-10-19,20:05:23,2983.5,90327da7d36824e6,2024,23
316c67930dd87e38,2024-10-19,20:30:37,994.5,8121e111a5f8a3d3,2024,23
4ac6deed03a16487,2024-10-20,13:44:30,200.0,dfa7591e194c63f2,2024,23
f21b0d1b027fca09,2024-10-20,16:23:52,397.8,b9b9cd4822baf71b,2024,23
d4c1b27a4dda7afc,2024-10-20,16:55:37,397.8,35fc95cfdc08a809,2024,23
207402cc799dbab3,2024-10-21,12:46:48,397.8,e84ee76cabfd7007,2024,22
ecf9c86ae4aa9757,2024-10-21,15:09:42,994.5,497bb44d302ff79c,2024,22
e5644e38b61a13a6,2024-10-21,17:24:57,397.8,3cd6178d79301f52,2024,22
7119aa57a78e5db6,2024-10-21,17:57:34,200.0,d2e031d9e3bf10d6,2024,22
1f3ac26eb48e2c18,2024-10-21,19:18:19,497.25,5c429f69804e1557,2024,22
6f4e0f8d510731c6,2024-10-21,19:24:56,397.8,92045ea2e6fc1f30,2024,22
980870298c65b39a,2024-10-21,19:30:41,397.8,c7a95719789de43c,2024,22
635035426c29b3c6,2024-10-21,19:40:07,397.8,ed6152715b042719,2024,22
637904b7f1190eb0,2024-10-21,20:30:52,397.8,309316b85cfc6a7a,2024,22
18e55b8cefffbd0c,2024-10-22,11:20:26,397.8,8b2c73e9f2d3ca8e,2024,22
f8028ee9c80d058b,2024-10-22,14:03:23,397.8,f5d994e98a0ec672,2024,22
ebd5d6a1f930bc7e,2024-10-22,16:28:15,200.0,ce6e576f7934ab13,2024,22
7bdf8b8b6c94d7a1,2024-10-22,16:34:44,397.8,0ce9f693a74c2b04,2024,22
5000fb0c64794761,2024-10-22,16:54:11,397.8,f999441cdb10deed,2024,22
44dd8b2f9538d05e,2024-10-22,17:28:47,200.0,56ae2849ccf76990,2024,22
9ad271fff680cf82,2024-10-23,13:58:48,1093.95,11553da0d3a71c30,2024,22
f46096396817931c,2024-10-23,18:32:49,497.25,524b0bfca011b927,2024,22
19efa69465c5f0ec,2024-10-23,18:48:33,200.0,853bfa6ae7f758d8,2024,22
0e477af8e27fac58,2024-10-23,19:20:41,397.8,150a630316958988,2024,22
a5399eefa3976d9f,2024-10-23,19:28:20,696.15,58386ba93ab8c0f7,2024,22
4d94171f9e7c329f,2024-10-24,12:53:54,397.8,841ca2e2dc96a3a2,2024,22
2eefec8b5a3cc113,2024-10-24,14:01:43,397.8,58fbd71919bbafba,2024,22
f07659c2b4ba3b5e,2024-10-24,14:17:23,397.8,4b885df3774ad95f,2024,22
ce3d67d5e66b937a,2024-10-24,16:17:23,397.8,a41b18182529b6c0,2024,21
c6a0f486e93c5977,2024-10-24,17:15:40,397.8,e0167d9252253391,2024,21
e81de77b16eb24eb,2024-10-25,10:43:16,397.8,1e7229b251e50a16,2024,21
6d825d128ec2c42b,2024-10-25,12:24:23,397.8,101eb4e2e7ba33d4,2024,21
f1bbff86e6424108,2024-10-25,12:54:52,200.0,77b21bc8bdb0ab4e,2024,21
ba7907308fcbd91a,2024-10-25,14:58:12,397.8,c7a95719789de43c,2024,21
905be4f6211d51fd,2024-10-25,15:21:13,397.8,12c650d36675ea31,2024,21
7ee188edcce08663,2024-10-25,15:28:13,397.8,4f80ab7bd0ba434f,2024,21
46303b803dd1c3d0,2024-10-25,16:17:52,397.8,b87cc67c93ceadcd,2024,21
97bc7bea244486c7,2024-10-25,16:42:32,397.8,96e1904d49006a7c,2024,21
92ae1f1d10b79765,2024-10-25,16:50:44,397.8,0a6a2e328be0960f,2024,21
57b5eb278725a18f,2024-10-25,17:19:34,397.8,d02b796930cddff5,2024,21
aee5a320e20cfd08,2024-10-25,18:12:30,397.8,d9f8c2d5b6737159,2024,21
c97b0197289b64b7,2024-10-25,18:30:30,497.25,0a6a2e328be0960f,2024,21
c5629a55e8cadee3,2024-10-25,18:55:41,397.8,4dac6785a29581f7,2024,21
19f9e9c73ad49563,2024-10-25,20:04:52,397.8,af4be46a346f44a7,2024,21
bdf263a1ae0f3f5a,2024-10-25,20:26:40,1193.4,dfa7591e194c63f2,2024,21
be97c17fe8073dd4,2024-10-26,10:55:49,200.0,a7b97e66b8270398,2024,21
6db29e9ec884ddc3,2024-10-26,15:12:11,200.0,f516803f65250ff4,2024,21
5809d02c329134a5,2024-10-26,16:48:38,298.35,6a4992bdd8f23ded,2024,21
ceeaaf273d3793b1,2024-10-26,17:28:17,200.0,f434fa6616cebf81,2024,21
f2282aaca188a61f,2024-10-26,18:21:36,397.8,56ae2849ccf76990,2024,21
f062705009cea24a,2024-10-26,20:15:50,397.8,ccb8e8d57119f911,2024,21
4d5142a683a39fbc,2024-10-27,13:56:54,397.8,8b50a5523c9d6268,2024,21
52c47bc0d084da3a,2024-10-27,14:07:49,397.8,eab6a989993619a0,2024,21
e76de6192c21e80b,2024-10-27,14:55:22,397.8,d6582b8a76a86c65,2024,21
01ec14eabb31a658,2024-10-27,15:22:47,397.8,11bd00c8bf0ca16c,2024,21
322d9ec51560d899,2024-10-27,16:12:58,397.8,e84ee76cabfd7007,2024,20
345c6dd714966ec2,2024-10-27,17:08:59,397.8,60e9c46a67fce230,2024,20
7312407e72656e9e,2024-10-27,17:49:48,397.8,cdf2075d7d86c587,2024,20
5ff8fcfb828a594e,2024-10-27,17:52:22,200.0,38ba69e8511fd6bd,2024,20
24ea9c9bf92f01f9,2024-10-27,18:47:48,200.0,e0167d9252253391,2024,20
d3101e0bbb23c75b,2024-10-27,19:55:15,546.97,0ce9f693a74c2b04,2024,20
1e5fced5e975b171,2024-10-28,09:34:02,994.5,8121e111a5f8a3d3,2024,20
794e47b904cad2c0,2024-10-28,11:41:29,298.35,9f1492265c18b7c3,2024,20
f1066d57b0246296,2024-10-28,11:48:31,200.0,d7b41f355192792e,2024,20
96d44db571055266,2024-10-28,12:46:12,200.0,399bd88ce2adcb19,2024,20
9bbd601449baeaa5,2024-10-28,13:26:57,397.8,d265f111f700c6c8,2024,20
79334a7a0564d04a,2024-10-28,16:01:54,200.0,ce6e576f7934ab13,2024,20
6ba923cbf0bc0a64,2024-10-28,16:03:28,298.35,9fc958b6f52e0b6a,2024,20
11c97e0cc5e0c0aa,2024-10-28,17:31:27,696.15,dd1bdd7fcbb7b771,2024,20
253817ae5e2a876c,2024-10-28,19:00:12,397.8,b44d05cde924a1cf,2024,20
c4240899242b1f7c,2024-10-28,19:02:26,397.8,b44d05cde924a1cf,2024,20
382bd24624a1b921,2024-10-29,17:26:02,200.0,56ae2849ccf76990,2024,20
531dea43b096adb4,2024-10-29,17:50:35,397.8,d46c2eba681b64aa,2024,20
633fc1fcc13a99dd,2024-10-29,19:03:49,397.8,b1c9f48df6b9a218,2024,20
2fb6786d7e4b5b7d,2024-10-30,10:49:04,397.8,1e0727db716a8910,2024,20
2516a93639bb7f59,2024-10-30,11:26:27,397.8,ede2c43c89e02794,2024,20
47b31313ca68a786,2024-10-30,12:37:26,200.0,10b418b006035003,2024,20
8ba74ab736c3f0f8,2024-10-30,16:03:46,397.8,f94533bb14d724e4,2024,20
7ec0476c84e0e983,2024-10-30,18:12:45,1093.95,f8bafbd2ad32c95a,2024,20
5ec87a6eb7b1c62c,2024-10-30,18:24:39,298.35,c7a95719789de43c,2024,19
30ecb852b262cfbd,2024-10-30,19:17:26,497.25,ed38253efb7b3222,2024,19
b9ddce4a14ea703a,2024-10-30,19:34:22,397.8,b3883f5580dc9222,2024,19
27aef2a3cae591f5,2024-10-31,12:12:45,397.8,072a79e35939849a,2024,19
0ca1a2182cb4ce27,2024-10-31,12:30:32,397.8,4922a2601d9ccbf9,2024,19
899afeff0f7fa247,2024-10-31,15:04:03,397.8,a41b18182529b6c0,2024,19
42964ad9ad4922df,2024-10-31,15:19:06,397.8,19e7861497d8fb05,2024,19
37e8b6da0c37ec1d,2024-10-31,16:11:40,397.8,fd562fdcdd8633c0,2024,19
b2fd3a763ff7548d,2024-10-31,17:50:28,397.8,1e7229b251e50a16,2024,19
a3849dc0e64f41fb,2024-10-31,17:55:12,696.15,416ee4216c85faac,2024,19
6dc6ff5c966dda88,2024-10-31,18:12:46,397.8,007ffe348c01c7d6,2024,19
cacf6132b39a26f7,2024-10-31,18:29:35,397.8,7c540b98303edbb4,2024,19
cfed9b74f7c78d76,2024-10-31,18:45:52,397.8,e1f23f36fbd3ee09,2024,19
f2d53da2abee0260,2024-10-31,18:52:24,397.8,ddc2006584753b3e,2024,19
96e6d47e0d434f4d,2024-11-01,15:04:41,1093.95,7e1aec8e771b1336,2024,19
9f0417bea532580d,2024-11-01,15:51:39,397.8,edc766c92dfe0546,2024,19
fa79200f084276b8,2024-11-01,16:16:56,397.8,6279102e76263526,2024,19
2291dfccc97737bc,2024-11-01,16:31:39,397.8,1933054b92df99da,2024,19
5fa5b43494b1d108,2024-11-01,16:48:53,596.7,1a2979ebf88307a4,2024,19
e783be18ce3d065e,2024-11-01,17:20:08,397.8,ef948e13078d5ea5,2024,19
755a0ad44902d0b0,2024-11-01,17:32:42,397.8,a0bf1c64a722a610,2024,19
9e2eaad6c67e154f,2024-11-01,17:54:15,200.0,6a4e82eafdc1279e,2024,19
41f39a12775f0e04,2024-11-01,18:05:18,397.8,f663c834d1a7ada4,2024,19
2e913c45e5338227,2024-11-01,18:34:42,795.6,ce6e576f7934ab13,2024,19
1da50fce67ce4e00,2024-11-01,18:40:16,397.8,649a7c663fef643a,2024,19
8095eda06e45d8b2,2024-11-01,19:10:25,397.8,22a6c37bd1bfbb75,2024,18
669ac0d6bc8cff35,2024-11-02,11:17:08,200.0,16b039442dd95f1a,2024,18
bbaee198466d3cac,2024-11-02,11:53:26,397.8,e84ee76cabfd7007,2024,18
4ee24978d2447e6a,2024-11-02,12:45:40,397.8,424aa970b147f7be,2024,18
016194138fe1feb0,2024-11-02,13:48:43,397.8,fe5cd88fdca72071,2024,18
277227d995f60ef7,2024-11-02,14:50:25,397.8,eeb07d6091e5d3e9,2024,18
ca5481a635c1317d,2024-11-02,16:52:53,397.8,56ae2849ccf76990,2024,18
96604654ddf37a69,2024-11-02,17:53:11,397.8,f999441cdb10deed,2024,18
7ad5a6ef97fc6589,2024-11-02,17:58:59,200.0,5c429f69804e1557,2024,18
bd21eb74a2e9b2ed,2024-11-02,18:10:10,596.7,c7a95719789de43c,2024,18
e3148d507622784e,2024-11-02,19:13:59,397.8,0014d9cbaa2c997c,2024,18
d197b5669071a657,2024-11-02,19:17:13,397.8,e1f23f36fbd3ee09,2024,18
e7438cccb84685c1,2024-11-02,19:55:51,397.8,d70a08152c7949f0,2024,18
b80e5b15336969e6,2024-11-02,20:22:48,397.8,7f7341e2036f51a4,2024,18
2ed0e707b2aaadaf,2024-11-02,21:25:15,696.15,53fcbbd8ba6f25b5,2024,18
377c984bcb926498,2024-11-03,16:52:23,397.8,851828678d927761,2024,18
d001ec20e2bc00b6,2024-11-03,17:16:01,200.0,c782783f013a62c1,2024,18
08a16af233e7c159,2024-11-03,18:18:04,397.8,d9f8c2d5b6737159,2024,18
a3f11cf58ac24ada,2024-11-03,19:10:15,397.8,26fffb43361eca9e,2024,18
64fc413a5e999b64,2024-11-03,20:00:47,200.0,3888df5d645ac002,2024,18
2f87554597fc7b4b,2024-11-03,20:07:43,994.5,8121e111a5f8a3d3,2024,17
428386970be3b454,2024-11-04,11:36:46,397.8,5583d4754815a72c,2024,17
f2d5f273c5ca4b10,2024-11-04,13:59:59,397.8,ab5ebb9c0c28f2ac,2024,17
4abc67afc5aced51,2024-11-04,14:56:22,397.8,c61531689535e06e,2024,17
12f72050d5d348ab,2024-11-04,15:35:38,497.25,c7a95719789de43c,2024,17
f1d21a721dfe2d9d,2024-11-04,18:34:27,397.8,c7a95719789de43c,2024,17
bb41f4515315c10c,2024-11-04,19:16:04,397.8,f369477d549e3a98,2024,17
e135879f609d7f39,2024-11-04,20:18:29,397.8,c7a95719789de43c,2024,17
2c8de8b796851e4c,2024-11-05,11:56:38,397.8,ddc2006584753b3e,2024,17
f459d572fb7f462e,2024-11-05,13:45:12,397.8,b011961439624cfd,2024,17
50f09c422e390d34,2024-11-05,15:04:35,397.8,6065e9efff79c35c,2024,17
691bc22bfe2c42ac,2024-11-05,17:33:05,397.8,e34b4d0dfd09f9a5,2024,17
524f6e754a691291,2024-11-05,18:24:11,397.8,0ce9f693a74c2b04,2024,17
0df29ab2ddb0e621,2024-11-05,19:18:13,397.8,c7a95719789de43c,2024,17
dfd49aee89bcdcc3,2024-11-06,17:33:05,397.8,a41b18182529b6c0,2024,17
cd1ac7f326c5f248,2024-11-06,19:16:46,497.25,ed38253efb7b3222,2024,17
b0462f68ae4d40c9,2024-11-06,19:37:39,397.8,b3883f5580dc9222,2024,17
d0c7cbb0d1599e89,2024-11-07,12:40:32,397.8,101eb4e2e7ba33d4,2024,17
cdee43887211d499,2024-11-07,13:27:15,200.0,56ae2849ccf76990,2024,16
c54d202804a1abaf,2024-11-07,14:24:31,397.8,c7a95719789de43c,2024,16
adbdba9924d88c7b,2024-11-07,17:00:08,397.8,e0167d9252253391,2024,16
bbac3abd83539a22,2024-11-07,19:42:35,397.8,1e7229b251e50a16,2024,16
826b6c74e7ec526e,2024-11-08,11:39:47,298.35,9f1492265c18b7c3,2024,16
2fa322da451947ff,2024-11-08,12:09:27,994.5,8121e111a5f8a3d3,2024,16
4738cdd10385aa8d,2024-11-08,12:33:44,200.0,6ec554cf3dcba8fd,2024,16
ed74ff8b11dc38c9,2024-11-08,14:37:15,397.8,69017b917d712951,2024,16
dc3fbb9008ced1cc,2024-11-08,16:14:33,200.0,17ebb96808a0ab76,2024,16
2a42629a56737e1c,2024-11-08,16:34:36,200.0,a7b97e66b8270398,2024,16
30942aa53eb359ac,2024-11-08,17:47:57,298.35,c7a95719789de43c,2024,16
945850088de0c4e4,2024-11-08,19:24:05,397.8,e677c9a6ff2d3353,2024,16
7375bcf5416ff2db,2024-11-09,12:13:57,397.8,d02b796930cddff5,2024,16
a90baabe8266f229,2024-11-09,15:01:46,397.8,8e5a2094014b197a,2024,16
6d77dd0e2d9cc8ea,2024-11-09,15:36:09,200.0,e0167d9252253391,2024,16
63ae4c6dc093a9d6,2024-11-09,15:57:56,497.25,c897b09d0d744b67,2024,16
0d88be7811a6480e,2024-11-09,16:54:59,1392.3,b8c6d597e0e67f48,2024,16
78acfbc4ef1cb713,2024-11-09,17:03:16,397.8,ede2c43c89e02794,2024,16
dbd78ec359971e45,2024-11-09,18:23:35,397.8,186ce96da4727481,2024,16
1feeb18bee5e3dfe,2024-11-10,12:16:42,200.0,fd48be66bbd0319d,2024,16
74536a0dde0bc897,2024-11-10,14:14:45,200.0,1d1913e5ac32fdb2,2024,16
daa71e9a0f536abb,2024-11-10,15:13:06,397.8,38ba69e8511fd6bd,2024,16
e18555a07a326d24,2024-11-10,15:36:24,298.35,0f59182047fd2643,2024,16
8504665b6f921e1b,2024-11-10,16:53:37,397.8,9067220ab0d31b75,2024,16
099e32ea82809c9b,2024-11-10,17:28:52,397.8,57c564e815e6576c,2024,16
9a7215161777d733,2024-11-10,17:59:47,397.8,03dbccbc57561932,2024,16
faf57354e9e9bca3,2024-11-11,12:27:24,200.0,1473794f0edc60f3,2024,16
3742bbf0ca7b1b91,2024-11-11,13:38:05,397.8,8b2c73e9f2d3ca8e,2024,15
87e102ef683045b1,2024-11-11,14:33:03,397.8,79fe3ceb26ef5bb5,2024,15
f5ad0ab03dd1b193,2024-11-11,17:12:25,397.8,56ae2849ccf76990,2024,15
0290a4484099e071,2024-11-11,17:24:00,397.8,f07718c237bc7eaf,2024,15
0c192f8e5dcba766,2024-11-11,17:30:21,298.35,1e8fde6bae811161,2024,15
658300f2d37a39b5,2024-11-11,17:37:44,895.05,ce6e576f7934ab13,2024,15
56be64b4175ddefa,2024-11-11,18:40:06,397.8,d9f8c2d5b6737159,2024,15
84e2f767c8387539,2024-11-11,19:59:19,397.8,c7a95719789de43c,2024,15
37d03a8ee3b768e3,2024-11-11,21:28:53,994.5,d11836664c5bed90,2024,15
e5c5dc83181845bc,2024-11-12,12:53:19,200.0,8c862e6429cbf4b9,2024,15
f86befae244ad227,2024-11-12,15:09:11,397.8,e4151b99502b7125,2024,15
0092703a9f4c3161,2024-11-12,17:47:44,1491.75,eb3fdbe23557a46f,2024,15
ca64fa4f2f4497b0,2024-11-12,17:52:46,397.8,2327eecca46e6ad2,2024,15
0a6b3ee844fc33fc,2024-11-12,18:32:17,397.8,c7a95719789de43c,2024,15
93a7ab89d53e6a16,2024-11-13,11:02:14,397.8,4b885df3774ad95f,2024,15
28b73ce91ae80b2f,2024-11-13,14:02:04,497.25,eb3fdbe23557a46f,2024,15
ffe92b8b8a44550f,2024-11-13,14:36:33,397.8,8ddc92b246649f77,2024,15
84cbfe6f8699f6ba,2024-11-13,16:04:39,397.8,ddc2006584753b3e,2024,15
b711fc4d9e219c57,2024-11-13,17:00:39,397.8,a41b18182529b6c0,2024,15
31331f262fb60d32,2024-11-13,17:47:54,397.8,8121e111a5f8a3d3,2024,15
03b3ddbcea7be080,2024-11-14,12:05:32,397.8,92875e353a5002f1,2024,14
328c8bbec15252ac,2024-11-14,16:11:57,200.0,e0167d9252253391,2024,14
1e485ed7940bbbd3,2024-11-14,17:27:41,397.8,675392b2e6e2c990,2024,14
e5eeba17ae54e4be,2024-11-14,18:57:08,397.8,1e7229b251e50a16,2024,14
5f86476524e16e34,2024-11-14,19:35:28,497.25,ed38253efb7b3222,2024,14
26d2253957758f7a,2024-11-15,11:07:36,1093.95,7715b91f954cece7,2024,14
6da46bc678071d2f,2024-11-15,13:45:20,298.35,9f1492265c18b7c3,2024,14
e62556d2451a75d4,2024-11-15,16:08:50,200.0,8fd5b2baf4699b2f,2024,14
e0b4b599938ffdcb,2024-11-15,16:15:12,200.0,f516803f65250ff4,2024,14
84cbe8c102bede3a,2024-11-15,18:00:34,200.0,16b039442dd95f1a,2024,14
b800b55fd4f62da2,2024-11-15,18:59:15,994.5,186ce96da4727481,2024,14
4e483e5f38ee7d16,2024-11-15,19:23:34,397.8,f516803f65250ff4,2024,14
ad5460a7316aa577,2024-11-16,16:22:39,397.8,c7a95719789de43c,2024,14
578100bbd262909c,2024-11-16,16:42:27,397.8,fe5cd88fdca72071,2024,14
d75e18503ad3cee0,2024-11-16,17:22:47,200.0,95ee31353c61790b,2024,14
82a7027bfbdaf4f5,2024-11-16,17:56:46,397.8,612ab83927ddcd3d,2024,14
12808f0dce1d4ad5,2024-11-16,18:11:56,397.8,3cd6178d79301f52,2024,14
502597c102c31e64,2024-11-16,18:49:11,397.8,60e9c46a67fce230,2024,14
225da90d96328d40,2024-11-16,18:54:46,397.8,ef948e13078d5ea5,2024,14
3589fab741722d35,2024-11-17,12:50:36,397.8,d7fc4fdd5c3e9f66,2024,14
f8d410f04c216ae1,2024-11-17,13:16:09,397.8,9e17f5ad967dbb06,2024,14
b3d3beadbe8012b4,2024-11-17,15:31:16,397.8,744b4d0cf892ae02,2024,13
de66b27106d1eda4,2024-11-17,15:42:19,397.8,10ff5c9d46de0901,2024,13
26581a941c212d9e,2024-11-17,16:59:05,397.8,b7b3a6ae2c34ab9c,2024,13
a14d96be26aa0b7f,2024-11-17,17:41:23,397.8,7dfe7c0fcd6b2412,2024,13
7157cc7fc20fb939,2024-11-17,18:18:01,397.8,776309563aceafa7,2024,13
56cd092cf3c79df7,2024-11-17,19:24:03,397.8,ab6cc6c89a759257,2024,13
25344148541db990,2024-11-17,19:45:53,397.8,6114d3efc5002e25,2024,13
7eba208fe1616813,2024-11-18,10:20:41,596.7,d29676defcef93e9,2024,13
7900651cb8617ed3,2024-11-18,11:39:03,397.8,ee1603547452ecf1,2024,13
e269e21cf56b8e2b,2024-11-18,14:20:11,200.0,,2024,13
5b43a2bf61c852a3,2024-11-18,14:25:56,397.8,ab5ebb9c0c28f2ac,2024,13
2bfb927e0c4789cb,2024-11-18,15:35:12,696.15,725e15ce9ed75363,2024,13
580e7b555ea8919e,2024-11-18,17:48:39,497.25,5c429f69804e1557,2024,13
3c8d83fdfa0dbf89,2024-11-18,18:18:20,1193.4,95f67c749858649e,2024,13
67e0f1d154523197,2024-11-18,18:42:52,397.8,1933054b92df99da,2024,13
0746288223d1896b,2024-11-18,19:38:04,397.8,92045ea2e6fc1f30,2024,13
31e128c8a31a943a,2024-11-18,19:41:29,397.8,0ce9f693a74c2b04,2024,13
5615c91368df7680,2024-11-18,20:05:00,397.8,d9f8c2d5b6737159,2024,13
15f58209ecdd42a3,2024-11-19,11:18:56,200.0,d2b377bd63f7926b,2024,13
8eb4a742f0c8cd36,2024-11-19,12:26:14,397.8,c7a95719789de43c,2024,13
9f8578d083c36eb1,2024-11-19,13:01:40,397.8,04461b7b1457a80b,2024,13
e19a7847fedf70e5,2024-11-19,13:29:25,200.0,9dc921b991759a4d,2024,12
4e33a0f3ff03f09d,2024-11-19,15:32:45,397.8,b011961439624cfd,2024,12
c7cfd3d59f62bc6d,2024-11-19,17:23:39,596.7,0ce9f693a74c2b04,2024,12
a9f0a8d86768483d,2024-11-19,17:45:11,447.52,845f315309fc05bd,2024,12
813fb8a4799096d9,2024-11-19,18:14:11,397.8,96e1904d49006a7c,2024,12
a1d60427d47e692e,2024-11-19,19:26:22,397.8,7e1aec8e771b1336,2024,12
e1dbcaf8f28886f5,2024-11-20,13:04:41,397.8,58fbd71919bbafba,2024,12
68983f129104a8ac,2024-11-20,15:14:37,397.8,a41b18182529b6c0,2024,12
c3f1b4cac98fb66d,2024-11-20,18:46:08,200.0,ce6e576f7934ab13,2024,12
a6dac57b08c6142f,2024-11-21,16:01:23,397.8,c7a95719789de43c,2024,12
974a644b82deaeee,2024-11-21,16:45:48,397.8,56ae2849ccf76990,2024,12
b673b29fc4728a46,2024-11-21,17:06:35,397.8,19e7861497d8fb05,2024,12
35fb3f4450dd848d,2024-11-21,17:14:05,298.35,c7a95719789de43c,2024,12
c42dd2f7e4f1c373,2024-11-21,18:18:13,397.8,1e7229b251e50a16,2024,12
e6af4db762294e30,2024-11-21,18:33:32,397.8,8b2c73e9f2d3ca8e,2024,12
dc6382dd8119109c,2024-11-21,18:36:17,397.8,c7a95719789de43c,2024,12
6e021b57b2e256ff,2024-11-21,19:27:23,497.25,ed38253efb7b3222,2024,12
8b58d4c08b28caed,2024-11-22,10:10:43,994.5,8121e111a5f8a3d3,2024,12
bac796373c52e732,2024-11-22,13:27:59,298.35,99496dc87b25f342,2024,12
7fac380d5be3a7b3,2024-11-22,15:15:34,200.0,fd48be66bbd0319d,2024,12
4fd9f30ed37e6a1f,2024-11-22,15:52:26,397.8,d11836664c5bed90,2024,12
42102d9d6d65d34a,2024-11-22,17:00:17,397.8,a7341ee2670f7bd2,2024,12
4032d9ea21cd57cb,2024-11-22,18:06:16,200.0,d2c5f9655cc81637,2024,12
4b4d44fb0508baef,2024-11-22,18:16:52,397.8,497bb44d302ff79c,2024,11
88cd8415e9447422,2024-11-22,18:53:40,397.8,89e64150c114ef80,2024,11
531fa609f8a28d11,2024-11-22,19:54:03,497.25,56207710f85602f5,2024,11
7a0b940d108e3612,2024-11-22,20:32:52,497.25,7560857a8ae5bed9,2024,11
61ddb665f2b518f0,2024-11-23,12:58:42,200.0,53fcbbd8ba6f25b5,2024,11
159d5a32a680429b,2024-11-23,13:51:53,397.8,2feca6880daee025,2024,11
aaccbe61152bc11c,2024-11-23,16:41:51,1591.2,3e5471f3808e1bc8,2024,11
c4b74d9d7dc57db8,2024-11-23,18:36:05,397.8,c7a95719789de43c,2024,11
d4e76c4d5540fef7,2024-11-23,19:02:19,596.7,6065e9efff79c35c,2024,11
c19f4553b430ebb9,2024-11-23,19:08:21,200.0,53fcbbd8ba6f25b5,2024,11
2ef7ba20a257c2eb,2024-11-23,20:20:49,397.8,604ac63cc3cb40c2,2024,11
b9bc144634f36ce1,2024-11-23,20:39:30,200.0,e677c9a6ff2d3353,2024,11
1b028a012a07cd4f,2024-11-24,13:44:20,596.7,d02b796930cddff5,2024,11
3be3b32f7af997fd,2024-11-24,13:57:36,200.0,f516803f65250ff4,2024,11
1957388f334b3629,2024-11-24,14:32:20,397.8,e84ee76cabfd7007,2024,11
437e40472e833f90,2024-11-24,15:18:00,397.8,38ba69e8511fd6bd,2024,11
45b14cf9d8548d0e,2024-11-24,16:57:31,397.8,fc528b33db8d4c6c,2024,11
df40cb63d6c64935,2024-11-24,17:29:36,397.8,78ed0844c2fe8e6a,2024,11
ca90206ed8c42c97,2024-11-25,15:15:11,200.0,56ae2849ccf76990,2024,11
17a82f717142d9c6,2024-11-25,16:01:11,397.8,a41b18182529b6c0,2024,11
cd2e423ac7599382,2024-11-25,16:10:04,397.8,04679a7c334756b6,2024,11
1b31429c0c293b36,2024-11-25,20:08:01,497.25,0ce9f693a74c2b04,2024,11
78a9dd1b20f1a706,2024-11-26,11:12:22,397.8,c7a95719789de43c,2024,11
9f77ae97d4659478,2024-11-26,11:39:43,200.0,5b09ccaff4d1a03e,2024,11
f963568ca9cfcad0,2024-11-26,13:00:07,200.0,c7a95719789de43c,2024,10
841c70adf7b2bab6,2024-11-26,14:30:42,397.8,f630ac990b6cce51,2024,10
14d99f76b3840bf7,2024-11-26,14:53:42,397.8,1a872959a6bd5637,2024,10
6f2071c811e1f0ef,2024-11-26,17:25:48,397.8,9fcf8eeb6a70d7df,2024,10
158a967916ac0f5a,2024-11-26,18:01:51,397.8,ce6e576f7934ab13,2024,10
9798aef6a92783c3,2024-11-26,20:25:02,397.8,186ce96da4727481,2024,10
ce4d97a02bafd80c,2024-11-27,12:46:13,397.8,9545d0a24feeed5f,2024,10
c09f2544fd22383e,2024-11-27,17:01:57,397.8,1e0727db716a8910,2024,10
7370386ee921f318,2024-11-27,18:01:49,397.8,4c8191493b60cbdd,2024,10
499a50aa9b9cfb09,2024-11-27,19:36:28,447.52,b181ffb684f1b213,2024,10
e627f9a36b068dff,2024-11-27,19:58:58,397.8,1ff454667790622f,2024,10
217fece17c33dac5,2024-11-28,16:00:21,200.0,1473794f0edc60f3,2024,10
1c1446bf3b5a9beb,2024-11-28,16:52:30,200.0,13272d3c48d6a5a6,2024,10
b55de145f0b00c06,2024-11-28,19:19:42,397.8,7d31223ed9bff161,2024,10
717ada0d03b4d699,2024-11-29,11:06:13,397.8,c7a95719789de43c,2024,10
1d2916af266a1de3,2024-11-29,12:14:31,298.35,9f1492265c18b7c3,2024,10
a107fba15644b22f,2024-11-29,12:48:58,200.0,463c283a838fb1e7,2024,10
4a234ba3516f2918,2024-11-29,13:26:45,397.8,56ae2849ccf76990,2024,10
4f493faf634c33fa,2024-11-29,15:03:30,397.8,1c4dcd6623365338,2024,10
6923dd5f674978cc,2024-11-29,15:45:00,397.8,cdf2075d7d86c587,2024,10
d0b4d9b246155c78,2024-11-29,16:52:50,397.8,b7b3a6ae2c34ab9c,2024,10
1aa3f678e8ca1e48,2024-11-29,17:33:17,397.8,4dac6785a29581f7,2024,10
b715a46e322c4a42,2024-11-29,18:21:02,397.8,b1c9f48df6b9a218,2024,10
2dd115ba3fb21e67,2024-11-29,18:23:04,696.15,c7a95719789de43c,2024,10
8a59ab442d067f88,2024-11-30,11:49:51,397.8,c7a95719789de43c,2024,10
a91d9cb9d893f89f,2024-11-30,12:33:01,397.8,43b74658756c94da,2024,10
9accf979fd9011b6,2024-11-30,13:36:41,994.5,845f315309fc05bd,2024,9
b9e029d46aef49a7,2024-11-30,14:01:50,397.8,7f7341e2036f51a4,2024,9
587ed1161b58e9c5,2024-11-30,14:11:50,397.8,7386f1db2998ff8b,2024,9
334f08e9ad71ee44,2024-11-30,16:45:46,200.0,faf34cae6788c07c,2024,9
ca8ff45fe4f96bf3,2024-11-30,16:48:29,200.0,faf34cae6788c07c,2024,9
ad35d1a1b805bba7,2024-11-30,17:25:59,397.8,c897b09d0d744b67,2024,9
591853b02c5caa62,2024-11-30,18:18:59,397.8,fe5cd88fdca72071,2024,9
61202d5409ce149b,2024-11-30,18:45:16,596.7,dc1f4ef836d38ac0,2024,9
c8f7bb67c2d82f86,2024-11-30,19:05:07,397.8,c7a95719789de43c,2024,9
583ccf8f0a8eb190,2024-11-30,20:03:25,397.8,186ce96da4727481,2024,9
5c0df3d07a1a0f35,2024-11-30,20:32:37,397.8,e677c9a6ff2d3353,2024,9
749cd5d740d016d3,2024-12-01,09:03:26,994.5,8121e111a5f8a3d3,2024,9
e23248d37efa7070,2024-12-01,09:25:22,397.8,0ce9f693a74c2b04,2024,9
f6ee9f987f57775a,2024-12-01,13:33:25,397.8,7751c9c892c897b6,2024,9
a6cf169f50ad3172,2024-12-01,14:09:22,200.0,e22e896f3768f61b,2024,9
0aac47e3fd8ccff9,2024-12-01,14:58:16,397.8,38ba69e8511fd6bd,2024,9
96b1b4f06c85eaeb,2024-12-01,16:18:56,397.8,35fc95cfdc08a809,2024,9
00f5a9e7cdd0bd67,2024-12-02,12:22:15,397.8,ba20692fab0756b5,2024,9
232b6038474a0a6e,2024-12-02,12:27:35,397.8,c7a95719789de43c,2024,9
882e14f55b84443a,2024-12-02,14:35:44,397.8,0d97cd27c37ba009,2024,9
5273e9fade37c66a,2024-12-02,14:36:04,120.0,ce6e576f7934ab13,2024,9
f70d3029d606a921,2024-12-02,14:56:54,397.8,c7a95719789de43c,2024,9
b5ea85e05cf2561d,2024-12-02,15:56:27,397.8,ac7f07a1792798ed,2024,9
b84c264573f9b373,2024-12-02,16:28:33,397.8,42daeeb2a2eb6cfc,2024,9
31105af8095ea5f8,2024-12-02,18:16:47,397.8,a41b18182529b6c0,2024,9
895e290ff85ad066,2024-12-02,19:06:56,397.8,92045ea2e6fc1f30,2024,8
101ac43649186cb3,2024-12-02,19:11:33,397.8,fadd9ae8e2a846c4,2024,8
21d03b756385d945,2024-12-02,20:10:36,397.8,f516803f65250ff4,2024,8
263686a8f428fdb7,2024-12-03,11:12:05,200.0,6a4e82eafdc1279e,2024,8
d7b7336aabc3fba6,2024-12-03,12:40:16,200.0,505bb2e4032b9c6d,2024,8
13c32a5b20ebff31,2024-12-03,13:48:13,397.8,2327eecca46e6ad2,2024,8
4598459f4fb4df0d,2024-12-03,15:23:27,397.8,0ce9f693a74c2b04,2024,8
6cb96787b3eac321,2024-12-03,15:37:26,397.8,19e7861497d8fb05,2024,8
1ee9d620ffa308b9,2024-12-03,16:57:12,994.5,f999441cdb10deed,2024,8
642c0e55b0de8a4d,2024-12-03,18:09:05,596.7,d9857dade53496a7,2024,8
100f5cb3976f9f03,2024-12-03,18:42:06,795.6,e1f23f36fbd3ee09,2024,8
5a488855c57b1aa5,2024-12-03,19:43:52,397.8,2e767cec6d3dc2f4,2024,8
8f570cf0c9738468,2024-12-03,20:00:29,200.0,604ac63cc3cb40c2,2024,8
7e98fdc9b1fafac2,2024-12-03,20:59:22,497.25,c7a95719789de43c,2024,8
b4038c11d73192ad,2024-12-04,12:55:31,200.0,d87164cf11ac2fcd,2024,8
b2a6fb24d6c491fd,2024-12-04,14:10:36,795.6,c7a95719789de43c,2024,8
28f1af30e903ad4a,2024-12-04,17:36:55,447.52,42982e90b5d10759,2024,8
11f3c3a539314e5b,2024-12-04,18:34:53,348.07,c7a95719789de43c,2024,8
ae1b519930ef5db8,2024-12-04,19:44:45,397.8,e4534e2b69136809,2024,8
99625f858be023cb,2024-12-04,19:59:05,397.8,1afa480227a13be6,2024,8
54f229c7331913fd,2024-12-05,11:18:28,397.8,f948c0ccacf007d2,2024,8
758895f7cc17fed1,2024-12-05,16:39:57,596.7,68c571af3ff21546,2024,8
de790aa6d59564f5,2024-12-05,16:45:17,200.0,56ae2849ccf76990,2024,8
1081ee5331cc5232,2024-12-05,18:24:19,397.8,55b1466b84951508,2024,7
779aa96e8f737d4f,2024-12-05,18:49:31,397.8,79fe3ceb26ef5bb5,2024,7
1bd5e76cb5cc5306,2024-12-05,18:56:41,397.8,d02b796930cddff5,2024,7
d2bc2d89ae2ad5cb,2024-12-05,19:02:54,497.25,ed38253efb7b3222,2024,7
22133e5ac363b21e,2024-12-05,20:31:17,596.7,00d0fece35ed14d1,2024,7
b8c2592912394793,2024-12-06,13:14:03,1889.55,c7a95719789de43c,2024,7
d713df9828cb3d79,2024-12-06,14:09:25,397.8,1e7229b251e50a16,2024,7
b70e1370eb82f4a9,2024-12-06,14:49:37,397.8,c757d8f9f4925925,2024,7
011e2a83b885ab59,2024-12-06,19:39:04,1491.75,693b3f8456d9b788,2024,7
ee8f7ac0490294ee,2024-12-06,19:44:52,397.8,8ab9426d9dacec4f,2024,7
32ecdba076188776,2024-12-06,20:17:04,397.8,b3883f5580dc9222,2024,7
eb5aea9c04605d35,2024-12-07,10:13:13,200.0,0d4740b14282a8f8,2024,7
c2c8ec1501a208ea,2024-12-07,10:51:55,397.8,04679a7c334756b6,2024,7
6cdf2e6a78c844ee,2024-12-07,11:10:30,200.0,daa4be580a7b180a,2024,7
8905811c4d48224b,2024-12-07,13:58:06,596.7,58386ba93ab8c0f7,2024,7
f8eb8d4669c0223b,2024-12-07,15:46:39,200.0,5b09ccaff4d1a03e,2024,7
38d05cbaeac85183,2024-12-08,13:52:04,200.0,1d1913e5ac32fdb2,2024,7
f2eef5c7e3d0a371,2024-12-08,16:08:18,397.8,56ae2849ccf76990,2024,7
7c0f63ccd7c3686b,2024-12-08,16:43:19,397.8,86f0cbead000fd73,2024,7
9de20165544a65d6,2024-12-08,16:59:45,397.8,38ba69e8511fd6bd,2024,6
46826d44210f2750,2024-12-08,18:44:55,397.8,03dbccbc57561932,2024,6
491a9efb3b055aad,2024-12-09,08:42:58,397.8,0ce9f693a74c2b04,2024,6
3cb0a5c3dfc3267f,2024-12-09,13:34:46,994.5,8121e111a5f8a3d3,2024,6
b9c5ef74d6ea5227,2024-12-09,14:10:36,397.8,1c4dcd6623365338,2024,6
18340c6bcdf25d13,2024-12-09,14:26:54,596.7,04461b7b1457a80b,2024,6
ae2362a692a8d747,2024-12-09,17:51:19,696.15,ce6e576f7934ab13,2024,6
5b8944dba1206dd2,2024-12-09,18:58:46,397.8,ab6cc6c89a759257,2024,6
0888f47e684e3fdf,2024-12-09,19:23:20,200.0,c216705d4c195573,2024,6
fddc552d0546ad04,2024-12-09,19:54:26,795.6,845f315309fc05bd,2024,6
b1810da9c43cd720,2024-12-10,11:45:22,397.8,c7a95719789de43c,2024,6
16c00d516797980e,2024-12-10,12:18:35,1093.95,d378b421ed3d4d70,2024,6
b4a667797c91621f,2024-12-10,12:50:59,397.8,3057f1ca30ba6a7b,2024,6
4c8737c739dceeda,2024-12-10,15:08:43,397.8,5583d4754815a72c,2024,6
bb03de09c6468205,2024-12-10,17:29:38,1591.2,dfa7591e194c63f2,2024,6
41ae01a22bdf3432,2024-12-10,18:13:50,397.8,c7a95719789de43c,2024,6
fd1e64d631d5780d,2024-12-10,18:27:28,397.8,1933054b92df99da,2024,6
894c906e088c11ae,2024-12-10,18:41:07,200.0,7c3dd579ae4c8a7b,2024,6
8704ad8b3293032e,2024-12-11,13:10:55,696.15,b266cb9bae6305e5,2024,6
1ddbacfbf51a2436,2024-12-11,13:54:01,298.35,9f1492265c18b7c3,2024,6
e73eb1f6e1281f07,2024-12-11,15:21:53,397.8,785b3d0ccd2f590e,2024,6
47beeb4b6c8a8792,2024-12-12,11:45:05,397.8,007ffe348c01c7d6,2024,6
92dd3f4c9f2c834b,2024-12-12,13:19:32,397.8,edc766c92dfe0546,2024,6
988f7e1c99b570e4,2024-12-12,14:04:11,497.25,36cd9c834179b144,2024,6
9e9e6e6e0596413a,2024-12-12,16:04:31,397.8,42c9ff4f1a90c60f,2024,6
f761a922a98e8765,2024-12-12,16:20:23,200.0,1037136caddf29d0,2024,6
3610748de9db0a21,2024-12-12,17:15:53,397.8,497bb44d302ff79c,2024,6
33970f092de1f57d,2024-12-12,17:35:47,200.0,ffd8fcd3635277c4,2024,5
360820538dd7551f,2024-12-12,18:01:54,397.8,7f7341e2036f51a4,2024,5
52141687caa5c5a5,2024-12-13,11:37:20,397.8,e0167d9252253391,2024,5
e43ad208f00d0d28,2024-12-13,12:20:09,200.0,d2c5f9655cc81637,2024,5
e5fb8f1db79760e8,2024-12-13,12:47:38,397.8,2327eecca46e6ad2,2024,5
de1c9f540dc6bd7c,2024-12-13,13:09:09,397.8,649a7c663fef643a,2024,5
9b05d00fb9e2b3dc,2024-12-13,14:50:06,200.0,92875e353a5002f1,2024,5
966668f530035557,2024-12-13,15:17:02,298.35,187610efefa24a2e,2024,5
0b2dda7eea393174,2024-12-13,15:20:19,397.8,58fbd71919bbafba,2024,5
74021f4bd529b71b,2024-12-13,16:23:22,397.8,7386f1db2998ff8b,2024,5
5d9e5e851b9fd92e,2024-12-13,17:42:39,200.0,2277437a9b487ea6,2024,5
d8c638ef59d94c13,2024-12-13,18:33:59,397.8,92045ea2e6fc1f30,2024,5
473cc2266e99ba27,2024-12-13,19:31:00,994.5,57f11f7cd2f550bf,2024,5
e1713774c0b9e04a,2024-12-14,12:50:56,497.25,8ab9426d9dacec4f,2024,5
11f696685c0d4c6d,2024-12-14,13:24:39,696.15,101eb4e2e7ba33d4,2024,5
143ccf18553c11f3,2024-12-14,13:33:02,397.8,9d625967374abf46,2024,5
6b65f5bf34ff4e56,2024-12-14,13:46:03,298.35,56207710f85602f5,2024,5
853dbd76eb7b1c4c,2024-12-14,16:15:01,397.8,ef948e13078d5ea5,2024,5
55f541c5a12daf04,2024-12-14,17:11:40,397.8,4b885df3774ad95f,2024,5
fd030c33b2f37dc3,2024-12-14,17:48:13,200.0,95f67c749858649e,2024,5
a2ed88339a61643d,2024-12-14,18:12:34,397.8,2e767cec6d3dc2f4,2024,5
9cdca0d4e77ccba3,2024-12-15,14:36:47,397.8,fc528b33db8d4c6c,2024,5
d592d79560f95dc9,2024-12-15,16:19:19,596.7,d7b40093899ebf5f,2024,5
1b39a1e785e7cbec,2024-12-15,16:32:10,397.8,89e64150c114ef80,2024,5
fb896e2e07032959,2024-12-15,18:12:36,397.8,56ae2849ccf76990,2024,5
4a93f3ac10fed1f1,2024-12-15,18:28:24,397.8,55ae5cfad8afda10,2024,5
4dbe45d29819137a,2024-12-16,12:38:49,397.8,a41b18182529b6c0,2024,4
aa15ceb409447cf2,2024-12-16,13:45:43,397.8,b9b9cd4822baf71b,2024,4
d9237d564a148b4c,2024-12-16,16:34:26,397.8,0f8310c637b40a37,2024,4
419be011e2c7e4bd,2024-12-16,17:26:31,200.0,ce6e576f7934ab13,2024,4
86f74dc35fa639e3,2024-12-17,10:00:14,397.8,04679a7c334756b6,2024,4
3e0fa2a89e7ef42d,2024-12-17,11:59:38,397.8,b75e01938ed9b279,2024,4
70530f810f9cccd9,2024-12-17,12:48:15,397.8,45f44040a697e492,2024,4
980048ff1483da0c,2024-12-17,13:45:53,397.8,546f692768d3719f,2024,4
8cb7403f29378318,2024-12-17,15:51:26,397.8,d11836664c5bed90,2024,4
7046c77279617fe3,2024-12-17,17:11:31,895.05,da229cbffb2870fe,2024,4
0e666afb339168bf,2024-12-17,18:25:41,397.8,96e1904d49006a7c,2024,4
8ea97b27554ed6ce,2024-12-17,19:08:52,397.8,186ce96da4727481,2024,4
719a1187ec23dbb7,2024-12-17,19:23:40,397.8,9fcf8eeb6a70d7df,2024,4
ec9b39c23ec27575,2024-12-17,19:48:22,397.8,3842640c09bc70f2,2024,4
d639495db2535854,2024-12-17,20:29:27,497.25,8b923c6638659040,2024,4
3013e14de57ba079,2024-12-18,12:47:24,1093.95,dc5c7232dd07f623,2024,4
ad83236e013a8cd7,2024-12-18,13:56:05,397.8,e7f3bc23f2f8ea7c,2024,4
568e1c8c7bf87068,2024-12-18,14:32:13,397.8,805904c6c21fc2c5,2024,4
f74aeda652593518,2024-12-18,19:41:43,397.8,675392b2e6e2c990,2024,3
f600ff12e01fcc03,2024-12-18,20:03:12,397.8,b3883f5580dc9222,2024,3
90edb6474a8b7f46,2024-12-19,13:00:55,397.8,86f0cbead000fd73,2024,3
47de0456f567a8da,2024-12-19,15:16:43,397.8,eb57efcec24b7e7d,2024,3
ab7b1596255db86c,2024-12-19,16:03:38,397.8,19e7861497d8fb05,2024,3
258f2bf20a499f2a,2024-12-19,16:05:52,200.0,d87164cf11ac2fcd,2024,3
9b7f93e073b548f0,2024-12-19,18:24:26,397.8,1e7229b251e50a16,2024,3
674c64d90ac46690,2024-12-19,18:44:54,497.25,ed38253efb7b3222,2024,3
001d17d48673f225,2024-12-19,19:26:57,397.8,0ce9f693a74c2b04,2024,3
931ef36f7b324cb9,2024-12-20,11:21:27,397.8,0db97f2af0582af5,2024,3
b87744fa254a3574,2024-12-20,11:33:37,397.8,a57f7d609558e786,2024,3
8810ad0ac775364f,2024-12-20,11:45:51,397.8,b1c9f48df6b9a218,2024,3
089b387269911916,2024-12-20,12:00:52,397.8,68c571af3ff21546,2024,3
f13cd8c2f1d566d2,2024-12-20,12:41:41,397.8,7e1aec8e771b1336,2024,3
b3ff78b924c7812a,2024-12-20,14:55:58,2585.7,04461b7b1457a80b,2024,3
18581fa15eeb6cef,2024-12-20,15:01:56,200.0,fa05749ec922d652,2024,3
82ad6cdf1e7adba3,2024-12-20,15:46:53,200.0,ce6e576f7934ab13,2024,3
bec4ac6ec858cec3,2024-12-20,16:35:05,397.8,56ae2849ccf76990,2024,3
bb6bc0b296d57fb6,2024-12-20,16:44:04,200.0,6a4e82eafdc1279e,2024,3
001fe09277870e2f,2024-12-20,18:49:19,596.7,2327eecca46e6ad2,2024,3
4a1893f8030825df,2024-12-20,19:11:54,397.8,2d116866b45731b4,2024,3
4a704de914020468,2024-12-21,12:47:09,397.8,3cd6178d79301f52,2024,3
f015acc83f095843,2024-12-21,14:22:04,994.5,6065e9efff79c35c,2024,3
4d0252db817a92d3,2024-12-21,15:47:45,397.8,,2024,3
011a5328574f5668,2024-12-21,16:38:15,397.8,186ce96da4727481,2024,3
f4371ed9d8516be8,2024-12-21,16:44:45,1690.65,4d6285651dcb1f5d,2024,2
90c2030ce77cef21,2024-12-21,18:21:23,298.35,c7a95719789de43c,2024,2
69112a7614c6131f,2024-12-21,18:27:01,200.0,035db66c5a89109d,2024,2
4708d90a32ee3ad0,2024-12-21,19:59:51,397.8,87b35232a168e9f3,2024,2
f1ea5a85aaa3ae5a,2024-12-22,16:48:35,596.7,8ab9426d9dacec4f,2024,2
8a025282f279b359,2024-12-22,17:32:48,397.8,839e44a691a89c51,2024,2
46bcf32d184fa97b,2024-12-22,18:46:03,397.8,762c1cf3edb26d66,2024,2
1e4be4c78820b30d,2024-12-22,19:57:15,397.8,4a3dcde6e4cbd0b8,2024,2
14775529bfe011a7,2024-12-23,13:59:27,795.6,c7749da94cf4ebe7,2024,2
e8c85bb38ca795ee,2024-12-23,15:10:09,397.8,1e7229b251e50a16,2024,2
179c78d3b8e2bacd,2024-12-23,15:24:06,397.8,175ef0916604f418,2024,2
a21a7a7646ab92dc,2024-12-23,16:07:01,397.8,19e7861497d8fb05,2024,2
62f19a39113d0b25,2024-12-23,16:32:57,397.8,3545dc5b83739f0a,2024,2
ebf371babbaed39e,2024-12-23,18:32:59,397.8,04679a7c334756b6,2024,2
eb8824e57f54800f,2024-12-23,18:59:20,298.35,9f1492265c18b7c3,2024,2
9c18810aa9f17447,2024-12-23,19:44:09,497.25,ed38253efb7b3222,2024,2
8914727fa0ece63c,2024-12-24,11:58:26,200.0,56ae2849ccf76990,2024,2
bf1e64407fb105e8,2024-12-24,15:03:15,397.8,fcbcbc0bf3c1bf7a,2024,2
0f49c0f05737b06b,2024-12-24,18:16:12,1014.39,7e4d3b1c08b6fa89,2024,2
fa5eb1c142d11e04,2024-12-24,19:41:51,1093.95,71eb66cc251da25a,2024,2
43b930f4aaaa3176,2024-12-24,20:13:55,397.8,c7a95719789de43c,2024,2
a8dc226cc89ef065,2024-12-27,11:22:27,397.8,8ab9426d9dacec4f,2024,2
ccede439ca65d425,2024-12-27,12:00:56,397.8,840e7b31547f619e,2024,2
6ad270750c8864fe,2024-12-27,13:58:21,397.8,343c22b070658400,2024,2
9e12772143cedc38,2024-12-27,14:13:43,397.8,1ff454667790622f,2024,2
5a82212fb82b81c8,2024-12-27,15:47:45,397.8,d9f8c2d5b6737159,2024,2
2ca85a3fa02394ec,2024-12-27,17:36:34,397.8,b2701dc07a7c0e12,2024,1
365f11689a002e93,2024-12-27,17:57:34,397.8,0f8310c637b40a37,2024,1
a94da2455df9413a,2024-12-27,18:39:20,397.8,5da5ee5f5d1f97e8,2024,1
ac4f25a969ac53d8,2024-12-28,13:28:43,397.8,46715881e107017e,2024,1
125fdd8a16c81638,2024-12-28,14:10:41,1690.65,e67b548a32e322bc,2024,1
d7c7a179c792c54e,2024-12-28,15:02:13,994.5,5c1b4f48b9ebe9e0,2024,1
a687fe79d7a480e5,2024-12-28,16:40:40,397.8,27e46475ecaa7bd3,2024,1
f43aeef8bc66518c,2024-12-29,16:30:38,397.8,79fe3ceb26ef5bb5,2024,1
fff67ff38544ba56,2024-12-29,17:30:27,397.8,5fc14234735326f3,2024,1
ad7d4345f2470b8c,2024-12-30,12:35:04,397.8,e0167d9252253391,2024,1
4c27fc43eca96ce1,2024-12-30,13:40:30,397.8,1e7229b251e50a16,2024,1
3d42d7cd10d2df26,2024-12-30,15:01:21,397.8,7f7341e2036f51a4,2024,1
9a7876b0efb601dd,2024-12-30,18:05:49,397.8,0ce9f693a74c2b04,2024,1
444c2a3e5835776e,2024-12-31,15:51:32,397.8,2a2892031b59268b,2024,1
3c49f1d81549f5a7,2024-12-31,15:53:57,596.7,d29676defcef93e9,2024,1
b437e728f9b56024,2024-12-31,19:38:53,397.8,186ce96da4727481,2024,1
0680fde1fdd3d424,2024-12-31,22:07:19,200.0,14ad36a3c92440df,2024,1
30470b26b4ed83e0,2025-01-02,12:55:20,397.8,e4151b99502b7125,2025,118
827a74434ff3b4ac,2025-01-02,13:33:45,397.8,d211ed7191e0489a,2025,118
55b92e8b3e5b7d49,2025-01-02,15:09:45,397.8,0586f91583d98424,2025,117
13b6c7091cb592de,2025-01-02,17:22:24,397.8,04679a7c334756b6,2025,117
0ac96f8078c3404b,2025-01-02,18:45:25,397.8,ab6cc6c89a759257,2025,117
119b6a0a562b86b5,2025-01-02,18:56:59,596.7,0ce9f693a74c2b04,2025,117
ec28b2c6b0fcff8d,2025-01-03,13:55:50,397.8,c7a95719789de43c,2025,117
2cb9c49eda337970,2025-01-03,14:52:14,298.35,99496dc87b25f342,2025,117
46620476f275a8bf,2025-01-03,15:51:14,696.15,1e7229b251e50a16,2025,117
4b94a6331d7bc71c,2025-01-03,19:01:53,298.35,db9a7894f7a2f59e,2025,117
b2bfe176c5fbc4ba,2025-01-04,11:55:45,397.8,88c7e72f48eb598b,2025,117
e348652fdc3b0d5b,2025-01-04,12:10:57,994.5,42daeeb2a2eb6cfc,2025,117
3667285a93d76506,2025-01-04,12:44:38,397.8,c7749da94cf4ebe7,2025,117
da268953643028ac,2025-01-04,13:14:38,397.8,a41b18182529b6c0,2025,117
41acc292c5aa71a7,2025-01-04,13:53:06,397.8,58386ba93ab8c0f7,2025,117
6d09634308b91ea8,2025-01-04,15:19:00,200.0,8c4e96019d4a4f9b,2025,117
7d5f4c938d40f572,2025-01-04,16:25:31,397.8,7386f1db2998ff8b,2025,117
a9af268d603112f8,2025-01-04,18:20:03,397.8,93a5d461a83be26d,2025,116
fbaa815216f2d28f,2025-01-05,14:10:48,397.8,d9f8c2d5b6737159,2025,116
b5250bd5054ef83b,2025-01-05,14:36:18,397.8,385b772b6f27a162,2025,116
ce57066078ff1e12,2025-01-05,14:53:42,200.0,df9455265088ef74,2025,116
851e90ec6ced9457,2025-01-05,15:15:51,200.0,687d8e74ca23cd02,2025,116
36cb01775f2e45f4,2025-01-05,15:39:34,397.8,0ae85303a5f4d2ac,2025,116
58fb2d2e8b9124bb,2025-01-05,15:55:23,397.8,7751c9c892c897b6,2025,116
2713752641d4f76f,2025-01-05,16:13:15,596.7,0a6a2e328be0960f,2025,116
82a0a47ef844e708,2025-01-05,16:48:30,397.8,ede2c43c89e02794,2025,116
3ca9a01b4ffa3a0b,2025-01-05,17:10:59,397.8,c7a95719789de43c,2025,116
368e017eb6b2d597,2025-01-05,17:19:02,397.8,8ab9426d9dacec4f,2025,116
fcdbfe3383f07d71,2025-01-05,17:41:51,696.15,ce6e576f7934ab13,2025,116
486c09e7206488a4,2025-01-05,18:02:46,795.6,ccb8e8d57119f911,2025,116
876e06af7c8e6461,2025-01-05,18:06:45,200.0,d87164cf11ac2fcd,2025,116
2bda31423f6247ee,2025-01-05,18:21:33,397.8,e89d3ce49cb845b2,2025,116
cb4db2fba99c455a,2025-01-05,19:26:11,397.8,edc766c92dfe0546,2025,116
53a303012621d228,2025-01-05,19:41:48,298.35,eab6a989993619a0,2025,116
d68453e6f5d0d636,2025-01-05,20:21:58,596.7,f516803f65250ff4,2025,116
8a10e8c664959958,2025-01-06,13:38:36,397.8,19e7861497d8fb05,2025,116
200453eda5b3b1ac,2025-01-06,13:42:06,397.8,7f7341e2036f51a4,2025,116
74f95469567698ff,2025-01-06,14:17:15,397.8,56ae2849ccf76990,2025,116
c3741f0f8cf7f505,2025-01-06,14:29:21,397.8,e076b971fa2b2735,2025,116
4250c90be42d0065,2025-01-06,14:32:50,397.8,,2025,116
25bf765ecf1317e7,2025-01-06,14:46:51,200.0,a7b97e66b8270398,2025,116
40a1928218cf684e,2025-01-06,16:09:21,200.0,a41b18182529b6c0,2025,115
33fee30af18d7b26,2025-01-06,16:25:57,397.8,ba20692fab0756b5,2025,115
513a26dfab5e8a15,2025-01-06,17:19:02,200.0,7334565f9040a95d,2025,115
705ae24f44da51e6,2025-01-06,17:38:07,298.35,59c8b84e949ef694,2025,115
46513683a783a1a8,2025-01-06,18:13:57,200.0,f57fe7a87740dbdd,2025,115
f42c4c11cf242cab,2025-01-06,18:16:04,200.0,fa857dc31e7d457c,2025,115
27f857746a65d2b3,2025-01-06,18:35:43,397.8,b6767e624cf27738,2025,115
33ff6b4d63ac809a,2025-01-06,18:50:47,200.0,53fcbbd8ba6f25b5,2025,115
f0c72359daf8ad88,2025-01-06,19:02:47,200.0,13272d3c48d6a5a6,2025,115
907174abe4721d15,2025-01-06,19:47:06,200.0,e0167d9252253391,2025,115
e641840865a8c85e,2025-01-06,19:54:47,397.8,c897b09d0d744b67,2025,115
35b1dbe0c30a29d2,2025-01-07,12:15:09,200.0,7c3dd579ae4c8a7b,2025,115
e6d640bdba3aa73f,2025-01-07,16:48:18,397.8,675392b2e6e2c990,2025,115
e4aa170b36dbdb2e,2025-01-07,19:03:23,200.0,5c2402996719a4e3,2025,115
83857c262d413bbd,2025-01-08,10:47:11,397.8,cac2e422ab8262d2,2025,115
185611a5b5765b00,2025-01-08,11:04:59,397.8,2294d49d24ef9f4e,2025,115
edb026f3953dae25,2025-01-08,12:00:42,596.7,5d6013d02e4a3ed4,2025,115
665e45465cab7413,2025-01-08,13:48:50,397.8,c7a95719789de43c,2025,115
b109461de8a1f06f,2025-01-08,13:49:04,397.8,f91419483ba932db,2025,115
20e1fa97c30545ca,2025-01-08,14:00:07,200.0,bb9a10f8b92ebb49,2025,115
dc2bc51890ffdd85,2025-01-08,17:34:17,994.5,3038935ccfebe47d,2025,115
d91a7274f91e47b5,2025-01-08,19:39:41,397.8,ed38253efb7b3222,2025,115
c1d29210478e8a22,2025-01-09,11:45:13,397.8,1a872959a6bd5637,2025,114
bc5ade1f257aae29,2025-01-09,11:59:19,397.8,d265f111f700c6c8,2025,114
b8abc327048a2947,2025-01-09,13:08:11,596.7,b2174f7e54279d71,2025,114
26561119325d826f,2025-01-09,13:59:53,200.0,1473794f0edc60f3,2025,114
92d9a8d75610d7f3,2025-01-09,18:37:22,397.8,1e7229b251e50a16,2025,114
e22f0acf66dbb988,2025-01-09,19:45:07,397.8,af599ee0073c1148,2025,114
a522a3d92452cae7,2025-01-10,15:59:37,497.25,6065e9efff79c35c,2025,114
b3fa5102a96c7eaf,2025-01-10,16:25:12,200.0,56ae2849ccf76990,2025,114
4beb17c467c50779,2025-01-10,16:31:53,596.7,3e5471f3808e1bc8,2025,114
8c7f7102f723ff3a,2025-01-10,16:56:41,397.8,a41b18182529b6c0,2025,114
ffc906c0f5f8f053,2025-01-10,17:32:02,397.8,af4be46a346f44a7,2025,114
7fcbe2581912f379,2025-01-10,19:36:50,497.25,8ab9426d9dacec4f,2025,114
f47527152ae70f54,2025-01-11,16:40:19,397.8,0ce9f693a74c2b04,2025,114
4150071eebcdbc5b,2025-01-12,16:34:05,397.8,d70a08152c7949f0,2025,114
85dcc2396c013c9f,2025-01-12,16:51:40,298.35,3de68eb7361320b7,2025,114
264280cea89e7daf,2025-01-12,17:29:38,397.8,38ba69e8511fd6bd,2025,114
361cf6ef40438262,2025-01-13,11:11:25,200.0,00ad0083a567f708,2025,114
2163c29536a48d45,2025-01-13,17:26:23,200.0,56ae2849ccf76990,2025,114
4f16212046ad759d,2025-01-13,18:07:13,397.8,35fc95cfdc08a809,2025,114
69addb9b3ce81f28,2025-01-13,18:21:30,298.35,9d625967374abf46,2025,114
37898993ec792e6c,2025-01-13,18:45:12,200.0,e34b4d0dfd09f9a5,2025,113
e139dea611775554,2025-01-13,19:14:30,200.0,f516803f65250ff4,2025,113
b776038804bcbb07,2025-01-14,15:14:49,200.0,c2a522f8baeb2ec8,2025,113
d93676c5e4b748d1,2025-01-14,18:08:29,397.8,d9f8c2d5b6737159,2025,113
c461e74f8476aa04,2025-01-14,18:31:19,397.8,19e7861497d8fb05,2025,113
0de160ed39751f97,2025-01-15,12:57:28,298.35,9f1492265c18b7c3,2025,113
122b8e82c9d895ec,2025-01-15,13:46:37,397.8,ef948e13078d5ea5,2025,113
20ca65bf167f817e,2025-01-15,17:00:50,2187.9,b44f1ed4dfe90fbc,2025,113
9f2a6f995d4d8ef8,2025-01-15,17:11:25,397.8,e06579ade0163957,2025,113
1c72af496e4bd405,2025-01-15,20:06:38,397.8,b3883f5580dc9222,2025,113
afa52a105beea8fd,2025-01-16,17:29:40,397.8,7386f1db2998ff8b,2025,113
874ab22e654142ef,2025-01-17,11:05:49,397.8,a41b18182529b6c0,2025,113
784ec667cdfe2ba7,2025-01-17,14:14:47,1093.95,1ff454667790622f,2025,113
37dc2afc649a079e,2025-01-17,15:25:29,397.8,56ae2849ccf76990,2025,113
9b90f4443aa94a2d,2025-01-17,17:40:03,397.8,95ee31353c61790b,2025,113
44957e24bedcdb1e,2025-01-17,19:10:54,397.8,c7749da94cf4ebe7,2025,113
5a82bc0abc92cf9c,2025-01-18,11:05:14,397.8,0ce9f693a74c2b04,2025,113
4d860c8d4171f9e1,2025-01-18,12:16:24,397.8,2294d49d24ef9f4e,2025,113
b560df2758f2b7b0,2025-01-18,16:24:30,397.8,ce6e576f7934ab13,2025,113
6b00898d7b8d4d7b,2025-01-18,16:59:05,298.35,5b09ccaff4d1a03e,2025,112
a72d7c243cf66703,2025-01-18,17:42:54,1093.95,007ffe348c01c7d6,2025,112
8351190875a7e53d,2025-01-18,18:09:18,200.0,26fffb43361eca9e,2025,112
dd97730a9c5b6fd7,2025-01-18,19:35:21,397.8,e677c9a6ff2d3353,2025,112
f2fff0ac825745db,2025-01-18,23:00:23,298.35,c7a95719789de43c,2025,112
8f1c8e5fe18a35b4,2025-01-19,13:51:35,200.0,1d1913e5ac32fdb2,2025,112
efb1703d4002bcc2,2025-01-19,15:07:58,397.8,ab6cc6c89a759257,2025,112
1dabd4cbbeaf7c96,2025-01-19,16:55:10,397.8,26fffb43361eca9e,2025,112
079662bc6fa92603,2025-01-19,17:01:29,397.8,8c4e96019d4a4f9b,2025,112
fb83511d6b125eb6,2025-01-19,18:44:00,397.8,68d9e12209c48ece,2025,112
b4f49cfc80f9d762,2025-01-20,11:30:09,397.8,d265f111f700c6c8,2025,112
bb26befa3275c683,2025-01-20,16:15:02,397.8,ddc2006584753b3e,2025,112
39029a88e0087765,2025-01-20,18:34:31,200.0,612ab83927ddcd3d,2025,112
2a7b40de38a52011,2025-01-20,19:45:34,397.8,c7a95719789de43c,2025,112
4b4d0a6e9614b4b6,2025-01-21,13:30:23,397.8,9545d0a24feeed5f,2025,112
0ec495797e3e7dc6,2025-01-21,14:45:57,397.8,04461b7b1457a80b,2025,112
57c6d9a1cdf1b5d5,2025-01-21,15:23:34,397.8,d26f18a81b02d2da,2025,112
bfc91d3ff6540ede,2025-01-21,17:12:52,200.0,56ae2849ccf76990,2025,111
bf76b30bee11cd0b,2025-01-21,17:57:38,397.8,58fbd71919bbafba,2025,111
0ad9045a4a0a1623,2025-01-21,18:09:45,397.8,7f7341e2036f51a4,2025,111
dba9747382dcff33,2025-01-21,19:53:47,397.8,ed38253efb7b3222,2025,111
23f92740af892808,2025-01-22,11:51:49,397.8,2294d49d24ef9f4e,2025,111
dfaa7994664d8e74,2025-01-22,17:29:56,397.8,b3883f5580dc9222,2025,111
3650c027c9bfa823,2025-01-23,10:32:13,1193.4,cc0f8f5a87711b74,2025,111
74fb1e15e9d7c6a7,2025-01-23,18:37:30,397.8,7386f1db2998ff8b,2025,111
763d994ebfe6fd78,2025-01-23,19:44:01,397.8,c897b09d0d744b67,2025,111
d50c8ed207557f95,2025-01-24,11:24:48,200.0,d2b377bd63f7926b,2025,111
3d8807ec1712eca6,2025-01-24,11:58:14,397.8,9597dc15c0261afe,2025,111
89f30bdbc42df7e8,2025-01-24,13:29:50,298.35,99496dc87b25f342,2025,111
05e55bb75da59b44,2025-01-24,14:48:00,1889.55,c7a95719789de43c,2025,111
ac159798aabbe308,2025-01-24,15:35:21,397.8,8d432a587fdd0a4d,2025,111
939a5bbb5f8d2c6b,2025-01-24,16:02:45,397.8,f935e5d2348f9e48,2025,111
75c7cf225053242f,2025-01-24,16:25:32,200.0,785b3d0ccd2f590e,2025,111
1f11fe17b318f9e5,2025-01-24,16:46:01,200.0,dc9f9d8e086d1326,2025,111
cbdf064ff1ce62af,2025-01-24,18:32:09,397.8,af4be46a346f44a7,2025,111
09c4ca36f4a30ffc,2025-01-24,19:20:04,200.0,16b039442dd95f1a,2025,111
d4b26723aa92fee4,2025-01-24,19:23:31,397.8,8ab9426d9dacec4f,2025,111
c3bddebe797a72dd,2025-01-24,20:35:13,397.8,c7a95719789de43c,2025,111
9775597434b3b898,2025-01-25,16:57:59,397.8,56ae2849ccf76990,2025,111
d7b66975c2c75158,2025-01-25,17:11:52,397.8,03dbccbc57561932,2025,111
ff850a30925990bd,2025-01-25,17:38:32,397.8,497bb44d302ff79c,2025,111
973374496d1e595c,2025-01-25,18:21:47,200.0,ec1d33ae5c344e2e,2025,110
1ce4e1361bcbfc45,2025-01-25,18:31:24,200.0,1e28926da39ba37a,2025,110
41679e1ad9a68cbd,2025-01-25,19:14:03,397.8,9067220ab0d31b75,2025,110
78286290813e6b0a,2025-01-26,16:34:08,397.8,92045ea2e6fc1f30,2025,110
522669e362bfa2ed,2025-01-26,17:06:05,397.8,38ba69e8511fd6bd,2025,110
174004a1c13a50fe,2025-01-26,17:37:40,397.8,e84ee76cabfd7007,2025,110
062c0e421e9d44db,2025-01-26,17:58:49,397.8,2294d49d24ef9f4e,2025,110
c61320f4979a76b7,2025-01-26,18:04:37,397.8,d9f8c2d5b6737159,2025,110
a96fd615c44db7b8,2025-01-26,20:39:47,200.0,d11836664c5bed90,2025,110
296cb1b535a17663,2025-01-27,16:29:11,397.8,47e9388a2eeaa67e,2025,110
fe616ea481695cef,2025-01-27,17:21:22,397.8,19e7861497d8fb05,2025,110
6e4d7c327e09a71a,2025-01-27,18:18:09,397.8,f516803f65250ff4,2025,110
6d3d8d0fab6353cd,2025-01-27,19:31:04,397.8,7e1aec8e771b1336,2025,110
02e5e8493977d6bc,2025-01-28,14:48:27,397.8,577656f89b0bd379,2025,110
3155fd997b1c1e13,2025-01-28,15:57:44,397.8,851828678d927761,2025,110
b002b3724a11213a,2025-01-29,16:42:47,397.8,37312a163cd4ff27,2025,110
fe6c2b6ddf58d6ee,2025-01-29,17:16:52,397.8,a41b18182529b6c0,2025,110
3df590515350417e,2025-01-29,18:04:59,397.8,f935e5d2348f9e48,2025,110
a8d829b81cb2598d,2025-01-30,12:20:59,397.8,7f7341e2036f51a4,2025,110
2aa4becaeb6b2b34,2025-01-30,14:16:56,596.7,c7749da94cf4ebe7,2025,110
2b736dc6195af5a4,2025-01-30,16:35:09,200.0,56ae2849ccf76990,2025,110
f1ad514efeaa6316,2025-01-30,18:41:52,397.8,9d625967374abf46,2025,110
c1cca1a3782e9b54,2025-01-30,19:00:57,397.8,c7a95719789de43c,2025,110
10929147e21c3f79,2025-01-31,14:07:03,994.5,57e72f093068644f,2025,110
3f80e44a0b0279fc,2025-01-31,15:54:49,397.8,9fcf8eeb6a70d7df,2025,110
95fc70ad43bb8e6f,2025-01-31,17:29:34,795.6,0ce9f693a74c2b04,2025,110
893f0b69d9f31254,2025-01-31,17:30:34,397.8,cac2e422ab8262d2,2025,110
4a352b5db4a1b2e0,2025-01-31,18:30:09,397.8,d0307d80c97bb981,2025,109
fd075b3602710815,2025-01-31,18:53:48,397.8,8e31976309671a4e,2025,109
c296d8e8087d6dd1,2025-01-31,19:02:08,397.8,7c261e8c69dcad1b,2025,109
f4818dd7129bbf5d,2025-01-31,19:42:09,397.8,53fcbbd8ba6f25b5,2025,109
b35ff5feae99991a,2025-01-31,20:16:02,397.8,38bf01b2b31e6c64,2025,109
aa20871aaa123d4e,2025-02-01,12:24:36,200.0,6ec554cf3dcba8fd,2025,109
a5ff6ac5939a7ec0,2025-02-01,13:15:23,200.0,fbac83ea5354bb7d,2025,109
81c20972e9f7c337,2025-02-01,13:48:15,994.5,ccb8e8d57119f911,2025,109
001e6c856c4a1eb2,2025-02-01,14:48:12,397.8,10ff5c9d46de0901,2025,109
43371498a014b60c,2025-02-01,14:58:37,397.8,af4be46a346f44a7,2025,109
b47b491a3d3bd8ac,2025-02-01,15:37:23,795.6,5c429f69804e1557,2025,109
ea62cbda178eb363,2025-02-01,16:18:48,1093.95,42c8e9b74bd8adb6,2025,109
ec5941fbf6f5aa1f,2025-02-01,16:29:17,397.8,7dfe7c0fcd6b2412,2025,109
45d35728b9386174,2025-02-01,16:36:43,200.0,572e24ca6eccfc7b,2025,109
06850bd7971f549c,2025-02-01,17:05:20,200.0,d461186749578af8,2025,109
42f9b7a3e9969c68,2025-02-01,17:36:32,200.0,c30f189e7d974892,2025,109
c2d1413b286b3170,2025-02-01,18:54:37,397.8,f999441cdb10deed,2025,109
479596c3d47bb065,2025-02-02,16:31:47,397.8,e84ee76cabfd7007,2025,109
372b080bef0e1a99,2025-02-02,16:49:55,200.0,76f9abda26a50761,2025,109
e8fcab21cafced75,2025-02-02,17:04:18,596.7,d02b796930cddff5,2025,109
6d5bebe392a0ae77,2025-02-03,10:07:15,397.8,e020e54ade476de9,2025,109
4854159f3543a089,2025-02-03,11:22:49,397.8,ab6cc6c89a759257,2025,109
bff3f456f54c0437,2025-02-03,14:44:27,397.8,ef948e13078d5ea5,2025,109
b0fc967e09dc34e6,2025-02-03,14:58:55,397.8,ede2c43c89e02794,2025,108
02983dee34ff2099,2025-02-03,16:17:59,397.8,56ae2849ccf76990,2025,108
424d47f16dd46391,2025-02-03,17:31:49,994.5,47dee7601b7fad4c,2025,108
d2d572cdde60af2a,2025-02-03,17:42:58,397.8,c7a95719789de43c,2025,108
ff05bf09a469a5b0,2025-02-03,18:51:14,397.8,dfa7591e194c63f2,2025,108
7a77a2ad04530833,2025-02-03,19:00:41,1093.95,d9f8c2d5b6737159,2025,108
56e991c39bbe1410,2025-02-04,11:37:44,397.8,776309563aceafa7,2025,108
83561d5b92f14ccb,2025-02-04,12:35:04,397.8,2a2892031b59268b,2025,108
6a58c48c63c23eea,2025-02-04,13:28:38,200.0,1473794f0edc60f3,2025,108
ffef4022a7e1f33f,2025-02-04,15:32:45,397.8,b011961439624cfd,2025,108
c7aaabfae2ce1cb3,2025-02-04,16:10:52,397.8,141be21209495ca9,2025,108
3b4e7516827f80c4,2025-02-04,18:52:10,397.8,71bc7ee259f6ede1,2025,108
712e4bc0f90f65ab,2025-02-05,11:20:52,397.8,e620ffa0cef961ee,2025,108
d40f24d85596b30c,2025-02-05,19:25:59,397.8,b3883f5580dc9222,2025,108
a6bf7d8a54f94ac8,2025-02-06,15:30:31,397.8,9edef0a9aa1990a3,2025,108
45409576e7c9cee7,2025-02-06,16:18:03,200.0,56ae2849ccf76990,2025,108
b712ae39fd4ed741,2025-02-06,16:50:35,397.8,7f7341e2036f51a4,2025,107
8587eb3609634410,2025-02-06,18:53:30,397.8,cac2e422ab8262d2,2025,107
f2cc46e8e2af1e23,2025-02-06,18:57:44,397.8,1e7229b251e50a16,2025,107
9b537333b6a7c84b,2025-02-06,19:27:31,1193.4,dfa7591e194c63f2,2025,107
acd5c313d4d48cc0,2025-02-06,20:00:55,397.8,ed38253efb7b3222,2025,107
0ca9a2c6ed38e456,2025-02-06,20:27:07,1392.3,c7a95719789de43c,2025,107
7e76228d6193d812,2025-02-07,12:12:22,795.6,c250503227f2ab8a,2025,107
b3d024b7e5ea63dc,2025-02-07,14:26:06,397.8,ab5ebb9c0c28f2ac,2025,107
e49e6da045fdfabb,2025-02-07,14:35:15,200.0,085b52b95ffb87d3,2025,107
9e1882d5fba65665,2025-02-07,17:22:45,397.8,e8193510f2826d0d,2025,107
243f3a4c94739034,2025-02-07,17:58:31,298.35,00ad0083a567f708,2025,107
c900e38ee3a0ee68,2025-02-07,18:28:24,397.8,bf3b8ea7a7e401c6,2025,107
2f5dcae534e9ab64,2025-02-07,19:14:21,397.8,4f8d072da6005e9b,2025,107
e9322ec62e46a7f8,2025-02-07,19:21:13,596.7,4f8d072da6005e9b,2025,107
ba240fef332d00d0,2025-02-07,19:40:21,397.8,649646ed4606962a,2025,107
065dafee41e3b8c7,2025-02-08,14:40:23,397.8,0ce9f693a74c2b04,2025,107
69c8ac2ae0fa1f9f,2025-02-08,16:31:47,200.0,dfd3af1135317593,2025,107
3c5f1afda4d72c73,2025-02-08,17:24:10,397.8,1933054b92df99da,2025,107
4e8cce7f34c9936c,2025-02-08,17:35:23,397.8,4c83cf8a2313b55c,2025,107
ce2944ca0dc412bc,2025-02-08,19:27:29,1292.85,9e92611218a7ccd1,2025,107
e1cdfa915673e403,2025-02-08,20:33:10,497.25,d11836664c5bed90,2025,107
41bed20fca7ab33c,2025-02-09,12:24:36,200.0,7334565f9040a95d,2025,107
103afc599d5269e9,2025-02-09,12:41:02,200.0,f516803f65250ff4,2025,107
9630a706cd9761ea,2025-02-09,13:15:52,397.8,2294d49d24ef9f4e,2025,107
dbf57d4fca75311b,2025-02-09,14:10:16,596.7,4b885df3774ad95f,2025,107
8b1e5820701d320c,2025-02-09,14:47:54,200.0,fa857dc31e7d457c,2025,107
8971ecb84d497d6c,2025-02-09,16:37:54,397.8,4ecd6043f0f0cc2b,2025,107
af8f4d8046231b53,2025-02-09,17:05:08,397.8,e84ee76cabfd7007,2025,106
9e1e030e9c38a872,2025-02-09,17:20:50,397.8,8ab9426d9dacec4f,2025,106
0e943e36b7902def,2025-02-09,18:07:24,200.0,16b039442dd95f1a,2025,106
834c7ac403ce5ca4,2025-02-09,19:52:03,397.8,c7749da94cf4ebe7,2025,106
2f57159f683358ce,2025-02-09,21:21:52,397.8,d11836664c5bed90,2025,106
360af936ee19d716,2025-02-10,11:19:18,397.8,675392b2e6e2c990,2025,106
e5e86199a7763802,2025-02-10,16:00:06,397.8,5f9c5e6f9d01c486,2025,106
ae7c869aa926c92e,2025-02-10,16:30:14,397.8,e4534e2b69136809,2025,106
fe45cbfcd8229e7f,2025-02-10,18:23:19,397.8,56ae2849ccf76990,2025,106
2c9456fc2f026ed2,2025-02-10,18:44:11,397.8,bb08ab9050a28f44,2025,106
8bf5d3905a3f034b,2025-02-10,19:05:51,397.8,27e46475ecaa7bd3,2025,106
e1afc8ffbd9635cf,2025-02-10,19:23:25,397.8,d02b796930cddff5,2025,106
2017a936e3d184d5,2025-02-10,20:06:35,397.8,f516803f65250ff4,2025,106
7c5fcdacc59327fb,2025-02-10,20:18:52,397.8,42daeeb2a2eb6cfc,2025,106
a15dea22b4723e52,2025-02-10,20:30:52,696.15,c7a95719789de43c,2025,106
fff1e84f95ea189d,2025-02-11,15:12:34,397.8,b7be2a45ed555292,2025,106
84c54ac1d91c32af,2025-02-11,16:42:42,200.0,a41b18182529b6c0,2025,106
dab039f8bf6c0092,2025-02-11,19:19:19,397.8,92045ea2e6fc1f30,2025,106
743b51a8b933c2ec,2025-02-11,19:32:09,200.0,d87164cf11ac2fcd,2025,106
87ed5e6a16195d81,2025-02-12,12:17:27,397.8,17fcd99a65014762,2025,106
c406b12941343a40,2025-02-12,12:43:06,2486.25,259b630e672606ee,2025,106
d01fe5847f9887a6,2025-02-12,16:32:04,397.8,5dc9a9775bc2ae3c,2025,106
d1ae70d9b67a297b,2025-02-12,17:18:43,397.8,f4d85b1b3b91c7bf,2025,106
a6059b059df8bbc9,2025-02-12,19:41:08,397.8,c9a0b6efff8e2403,2025,105
5f32d684df46d15a,2025-02-13,11:36:37,596.7,9e92611218a7ccd1,2025,105
3d3b107b263f0d20,2025-02-13,18:08:02,397.8,9d625967374abf46,2025,105
51c47900f7744955,2025-02-13,18:13:29,397.8,3545dc5b83739f0a,2025,105
de7b1518a2d5896c,2025-02-13,18:46:18,397.8,58b2154f99ef7de9,2025,105
9a0c1e58b5a02bc4,2025-02-13,19:12:37,397.8,d9f8c2d5b6737159,2025,105
e9d54cf46d1b8036,2025-02-13,20:00:31,397.8,b75e01938ed9b279,2025,105
1c2417805f966369,2025-02-14,12:48:30,397.8,72c749a151559660,2025,105
776cd665b12d4ace,2025-02-14,14:29:08,397.8,d26f18a81b02d2da,2025,105
117e13d451e77b2d,2025-02-14,15:31:33,397.8,04679a7c334756b6,2025,105
1845f3b755a3dd83,2025-02-14,15:34:11,2884.05,c7a95719789de43c,2025,105
03f2eb9f77f677ac,2025-02-14,15:43:41,298.35,00ad0083a567f708,2025,105
f78e875c66c2922b,2025-02-14,16:03:47,397.8,7f7341e2036f51a4,2025,105
a2f2faedfc40c6f2,2025-02-15,12:40:05,397.8,ef948e13078d5ea5,2025,105
ced451540990019a,2025-02-15,12:59:26,397.8,2294d49d24ef9f4e,2025,105
d12273829c21fefb,2025-02-15,14:58:29,200.0,56ae2849ccf76990,2025,105
be95af3f3758fa6e,2025-02-15,17:53:05,397.8,186ce96da4727481,2025,105
27f9515e4249e7d7,2025-02-15,18:03:42,200.0,95f67c749858649e,2025,105
0cdddff4a142b81d,2025-02-15,18:12:49,397.8,4b885df3774ad95f,2025,105
112b4ebf63a6bbff,2025-02-16,12:18:07,397.8,6eebbf5ee54967dd,2025,105
c1f8412ab3bba9ec,2025-02-16,13:49:13,397.8,c61531689535e06e,2025,105
6e6ac0440a683bfa,2025-02-16,17:00:01,397.8,7c540b98303edbb4,2025,105
e2721a878cb00af5,2025-02-16,17:18:13,397.8,58386ba93ab8c0f7,2025,105
c821e552e2f89bee,2025-02-16,17:48:10,200.0,13272d3c48d6a5a6,2025,105
fad22f6962f93f49,2025-02-16,18:08:15,397.8,9fcf8eeb6a70d7df,2025,104
84a2d79ddf2775d3,2025-02-16,19:25:17,200.0,fb26c040572bafe5,2025,104
f53702edc35efee5,2025-02-16,19:35:30,795.6,d11836664c5bed90,2025,104
6c40f7286aea9ea2,2025-02-17,09:54:56,397.8,b011961439624cfd,2025,104
875121d99b681d10,2025-02-17,11:48:15,397.8,a41b18182529b6c0,2025,104
1d1869499046c8ef,2025-02-17,13:42:55,200.0,5dc9a9775bc2ae3c,2025,104
ac6951518a0de001,2025-02-17,14:17:49,397.8,c7749da94cf4ebe7,2025,104
53fb7c8b0e6e09db,2025-02-17,19:06:47,397.8,35fc95cfdc08a809,2025,104
5f372ae8df5c24e7,2025-02-17,19:42:35,397.8,6065e9efff79c35c,2025,104
d2f9731573873126,2025-02-18,15:14:21,397.8,b3883f5580dc9222,2025,104
c71c9f0e354797a5,2025-02-18,18:02:41,397.8,463c283a838fb1e7,2025,104
1adbac1faf1f3375,2025-02-18,21:32:15,596.7,d11836664c5bed90,2025,104
4e7c156e336836b1,2025-02-19,12:32:36,397.8,8d432a587fdd0a4d,2025,103
c93a434f00b677de,2025-02-19,13:42:12,397.8,0ce9f693a74c2b04,2025,103
714325594c2e9461,2025-02-19,14:06:50,596.7,cac2e422ab8262d2,2025,103
4545124f79b38b8f,2025-02-19,15:05:29,397.8,c7a95719789de43c,2025,103
c14e1a0e0bb1f628,2025-02-19,17:26:15,200.0,56ae2849ccf76990,2025,103
02a26c8ec16c43ba,2025-02-20,11:29:02,397.8,0db97f2af0582af5,2025,103
e84efdd2e2c8a0a9,2025-02-20,11:51:47,596.7,c250503227f2ab8a,2025,103
f850e2b9dfa7a12d,2025-02-20,13:22:55,397.8,b7be2a45ed555292,2025,103
ddf232251399f5c4,2025-02-20,14:18:41,397.8,701397aa4ccd3458,2025,103
263acfc7b77a6297,2025-02-20,18:28:06,397.8,e3130ca455dd988e,2025,103
d42f6a7ffe62decd,2025-02-20,19:03:49,397.8,4b885df3774ad95f,2025,103
cd9e7ee11cb1aef8,2025-02-20,19:04:00,397.8,dce022760c906660,2025,103
f31d4ecb71da40d9,2025-02-21,11:13:02,200.0,,2025,103
795ebfd764decb9a,2025-02-21,11:13:57,200.0,54972576411a5acf,2025,103
768f7e9de9cc2c40,2025-02-21,12:52:54,397.8,fc528b33db8d4c6c,2025,103
f57899d505dc18da,2025-02-21,12:58:56,397.8,7f7341e2036f51a4,2025,103
e19e5201dcccdc80,2025-02-21,13:54:18,298.35,00ad0083a567f708,2025,103
12d9fd311bbe7e25,2025-02-21,15:26:34,397.8,ab5ebb9c0c28f2ac,2025,103
13b6fbcd8863d402,2025-02-21,17:57:10,397.8,ed38253efb7b3222,2025,103
0944e038829d7116,2025-02-21,18:26:32,497.25,082ff5f264560c70,2025,103
81f6431a711ca3d8,2025-02-21,19:14:24,200.0,1473794f0edc60f3,2025,103
b6ee7f56ef7d7439,2025-02-21,19:38:51,397.8,af599ee0073c1148,2025,103
6e3aa578c420bbc3,2025-02-22,11:50:19,397.8,012a1d2d190b7588,2025,103
bc0216c6ef8899e7,2025-02-22,12:23:45,397.8,8c7de371d768217f,2025,103
56ccb13eb8ff3f3f,2025-02-22,12:44:49,397.8,ab6cc6c89a759257,2025,103
15a39ec27f1b5ba5,2025-02-22,16:11:55,397.8,ede2c43c89e02794,2025,102
dc0b0a6bfb92d004,2025-02-22,17:14:40,397.8,7386f1db2998ff8b,2025,102
9e6b5a411c62860b,2025-02-22,18:38:03,397.8,d11836664c5bed90,2025,102
f1bdd8d4e1849719,2025-02-22,18:47:48,248.62,ec1d33ae5c344e2e,2025,102
86a1a62c2699144a,2025-02-22,19:59:36,200.0,e22e896f3768f61b,2025,102
fec4e9bae910c2c5,2025-02-23,14:05:50,397.8,38ba69e8511fd6bd,2025,102
552955b43879de06,2025-02-23,15:50:48,397.8,186ce96da4727481,2025,102
6fc857aaece232a4,2025-02-23,16:01:24,200.0,68c571af3ff21546,2025,102
138ef2848401e9d6,2025-02-23,17:10:52,397.8,11553da0d3a71c30,2025,102
1da5efef49ce8bef,2025-02-23,17:24:36,397.8,9b536147493f7a07,2025,102
ecfa0fc5e24c2a65,2025-02-23,17:44:31,596.7,399bd88ce2adcb19,2025,102
8c609ad052c77c68,2025-02-23,17:49:32,200.0,ac7f07a1792798ed,2025,102
c692308ce3113ad5,2025-02-23,19:19:41,397.8,f516803f65250ff4,2025,102
7f529e76d023480b,2025-02-23,20:18:40,200.0,d11836664c5bed90,2025,102
1c57672bc8ca2af4,2025-02-24,13:47:24,298.35,f7627bfdc2eee20f,2025,102
2ae352232b930a8a,2025-02-24,14:34:28,200.0,56ae2849ccf76990,2025,102
519dee9294186dc1,2025-02-24,18:22:55,298.35,03e64a4a30fae8f6,2025,102
496c6b5caa24a67a,2025-02-24,18:43:56,397.8,497bb44d302ff79c,2025,102
fc3780e6d2a8ec4a,2025-02-24,20:53:26,397.8,3090443e8c92d942,2025,102
ba5413eeba786aa0,2025-02-24,20:58:51,397.8,92875e353a5002f1,2025,102
b9b93165f9fea590,2025-02-24,21:12:54,994.5,c7a95719789de43c,2025,102
d117224c73e5f2fd,2025-02-25,16:04:42,397.8,79fe3ceb26ef5bb5,2025,102
8fded60c9c320ca0,2025-02-25,16:06:25,397.8,3a41a1f4ea8a856d,2025,102
63092fef40643ce2,2025-02-25,17:27:18,397.8,ad462ac01134d087,2025,102
9462006a393ae155,2025-02-26,19:32:28,200.0,58386ba93ab8c0f7,2025,102
f17f4c5019004bc3,2025-02-27,11:21:15,298.35,00ad0083a567f708,2025,101
b9d19d32e674db35,2025-02-27,12:33:30,1093.95,4a3dcde6e4cbd0b8,2025,101
ff5565447d7f1e29,2025-02-27,18:21:15,795.6,1e7229b251e50a16,2025,101
1c5e364ca1c08f0f,2025-02-27,18:27:10,397.8,a6b2eb3cfd04917c,2025,101
9937140a54e70453,2025-02-27,20:44:14,397.8,b3883f5580dc9222,2025,101
600c2ccedb18a460,2025-02-27,20:44:42,397.8,c7a95719789de43c,2025,101
7982c39e9f8d08bd,2025-02-28,11:09:42,397.8,4c41b6b0af296e69,2025,101
dc97e45f32898830,2025-02-28,11:27:29,397.8,04679a7c334756b6,2025,101
7ebdfa1af752e567,2025-02-28,12:46:56,397.8,19e7861497d8fb05,2025,101
4bc8d95745a6a2f7,2025-02-28,14:43:58,497.25,67a9b2734b4888d4,2025,101
ac701a8e2cb009bd,2025-02-28,14:57:46,1093.95,9fcf8eeb6a70d7df,2025,101
fc9cac81de0c8167,2025-02-28,14:59:01,397.8,7f7341e2036f51a4,2025,101
670b59d228cb5f71,2025-02-28,15:20:54,397.8,c897b09d0d744b67,2025,101
438ef8819764433c,2025-02-28,16:34:23,397.8,2327eecca46e6ad2,2025,101
81c1fd7ee31f8401,2025-02-28,18:26:41,397.8,56ae2849ccf76990,2025,101
f60ca453f75dfb19,2025-02-28,19:29:22,397.8,2e767cec6d3dc2f4,2025,101
27af35a677d309f2,2025-02-28,20:06:37,397.8,8ab9426d9dacec4f,2025,101
51ea0a269a206abb,2025-03-01,12:19:40,397.8,577656f89b0bd379,2025,101
32ebb485b00d5930,2025-03-01,12:36:44,397.8,d378b421ed3d4d70,2025,101
2a04763d825df851,2025-03-01,12:53:45,397.8,2294d49d24ef9f4e,2025,101
61ce6a612a1d4771,2025-03-01,13:25:51,1491.75,7d4b77d7dd40763c,2025,101
a6e1f9839f0838dc,2025-03-01,15:37:08,397.8,42c8e9b74bd8adb6,2025,101
9bd9996610addfee,2025-03-01,18:10:27,200.0,d0307d80c97bb981,2025,101
e8963c9652407355,2025-03-01,19:28:38,397.8,57c564e815e6576c,2025,101
24a44dbb5c949a18,2025-03-01,20:00:19,497.25,c7a95719789de43c,2025,100
ff5ed3c1865bf930,2025-03-01,23:00:24,795.6,c7a95719789de43c,2025,100
c89ace003e5fe307,2025-03-02,14:04:24,200.0,ec9fdd2bb97ca73f,2025,100
8d8d7e53907418d6,2025-03-02,15:46:01,200.0,2277437a9b487ea6,2025,100
76f7d59b73badb64,2025-03-02,16:54:36,397.8,4b885df3774ad95f,2025,100
35dc3c9fa7cb839e,2025-03-02,17:09:20,200.0,a7b97e66b8270398,2025,100
9166a29a53b793a0,2025-03-02,18:43:31,200.0,c380cae74a5dafab,2025,100
9ab4d3943881aeb9,2025-03-02,19:21:37,397.8,59c8b84e949ef694,2025,100
56052207717ca632,2025-03-02,20:00:49,200.0,1473794f0edc60f3,2025,100
23813402b25b9443,2025-03-02,20:10:23,994.5,42daeeb2a2eb6cfc,2025,100
1cb54fe2897337d3,2025-03-02,20:36:53,397.8,d8fcf1c1ecd37179,2025,100
13f67d65bc91ce63,2025-03-02,20:44:43,397.8,53c414baf30a6876,2025,100
8393e28a2ac105ab,2025-03-03,11:30:35,397.8,19ead4f613ae9fb3,2025,100
2efaf1402f9b3122,2025-03-03,12:07:29,397.8,b011961439624cfd,2025,100
05d95a636dabc017,2025-03-03,14:11:59,994.5,27e46475ecaa7bd3,2025,100
9759729408dd1467,2025-03-03,15:58:12,200.0,56ae2849ccf76990,2025,100
c84743ea0e9372ed,2025-03-03,18:31:32,397.8,6df59b18f42c02e1,2025,100
58abd07c5c10aff2,2025-03-03,18:49:07,497.25,887a64809d7e709e,2025,100
fda9949f80cdc67d,2025-03-03,20:43:48,1947.23,53fcbbd8ba6f25b5,2025,100
96076ab0dc7eff20,2025-03-04,14:11:16,696.15,5c429f69804e1557,2025,99
dba1c6bf5d776889,2025-03-04,14:23:57,397.8,5a44b1b2efef3375,2025,99
d9e5312d3842d476,2025-03-04,15:16:32,397.8,c7749da94cf4ebe7,2025,99
4fb0d96bb0025e31,2025-03-04,15:19:15,994.5,d11836664c5bed90,2025,99
f2e4668062a53e14,2025-03-04,19:46:05,397.8,b44d05cde924a1cf,2025,99
802cc74993a678ea,2025-03-04,19:48:42,298.35,c7a95719789de43c,2025,99
cc11dfa6679f41c8,2025-03-05,13:14:44,200.0,3abe3dbc5553b7ee,2025,99
5be191027480c828,2025-03-05,16:37:01,795.6,f9aa36433cd3c21b,2025,99
64fe1033e333756f,2025-03-05,18:08:39,397.8,ba20692fab0756b5,2025,99
927d5b1797fa1fd8,2025-03-06,11:37:59,397.8,89e64150c114ef80,2025,99
ead32dc4a3b5f7e0,2025-03-06,11:53:44,200.0,19ead4f613ae9fb3,2025,99
d4f6f45a627cc0f4,2025-03-06,12:12:21,298.35,,2025,99
aafd3d9f1845e00f,2025-03-06,13:16:13,397.8,f57f76b7ba722778,2025,99
735eccba19923d17,2025-03-06,17:42:40,298.35,5583d4754815a72c,2025,99
c7fa66bd9e0c3f90,2025-03-06,18:39:48,1093.95,d9f8c2d5b6737159,2025,99
be8997b9a9ef34a3,2025-03-06,19:32:59,397.8,399bd88ce2adcb19,2025,99
3d79a26298b1d656,2025-03-06,21:47:49,795.6,0ce9f693a74c2b04,2025,99
620360b4fca2da84,2025-03-07,13:07:36,397.8,7f7341e2036f51a4,2025,98
4b06f52425b90bd8,2025-03-07,15:08:01,397.8,11bd00c8bf0ca16c,2025,98
90ecd0e87c7cfdd7,2025-03-07,16:07:35,397.8,6a51eaee5e9e58f4,2025,98
a4da4840d2092b1b,2025-03-07,17:19:52,397.8,a41b18182529b6c0,2025,98
79b468fd153cf2ae,2025-03-07,17:32:38,1392.3,d26f18a81b02d2da,2025,98
7c3312b43572ae3a,2025-03-07,17:51:58,397.8,7c261e8c69dcad1b,2025,98
77df2acb351c36e4,2025-03-07,18:45:36,696.15,ec9fdd2bb97ca73f,2025,98
38657d8361cd066e,2025-03-07,19:56:26,397.8,5b09ccaff4d1a03e,2025,98
9331b7e58d77c3a0,2025-03-07,20:07:57,397.8,e5eb792292ed816b,2025,98
2894bb9445228375,2025-03-08,11:28:22,200.0,fbac83ea5354bb7d,2025,98
bfdaa4ebcc589234,2025-03-08,12:17:01,397.8,252816cce102b391,2025,98
523a09d4070cbf4a,2025-03-08,13:34:10,397.8,d7fc4fdd5c3e9f66,2025,98
018f790bb933c728,2025-03-08,14:13:54,397.8,f29900f6e4ae23e8,2025,98
a0846c0a2fb9dfdb,2025-03-08,15:21:11,397.8,7dfe7c0fcd6b2412,2025,98
fc20e372595ba413,2025-03-08,15:44:05,497.25,da3ef5a148b3339b,2025,98
8a5521cee0615e7e,2025-03-08,15:59:20,397.8,42c8e9b74bd8adb6,2025,98
38c3f72e3180257c,2025-03-08,16:17:24,397.8,e8193510f2826d0d,2025,98
ddde9dfef2500bbd,2025-03-08,18:41:35,397.8,56ae2849ccf76990,2025,98
8f5a751956fc82be,2025-03-08,19:09:15,397.8,60e9c46a67fce230,2025,98
e72618251324f89f,2025-03-08,20:08:34,397.8,186ce96da4727481,2025,98
aae4e458380284cb,2025-03-09,13:39:39,397.8,c61531689535e06e,2025,98
c44523130ee62023,2025-03-09,14:37:34,397.8,6a4992bdd8f23ded,2025,98
27ecf42981119885,2025-03-09,16:22:05,397.8,2327eecca46e6ad2,2025,98
bb4f6ff3681b0ba5,2025-03-09,17:02:35,397.8,f516803f65250ff4,2025,98
db4761fae4543467,2025-03-09,17:38:30,795.6,007ffe348c01c7d6,2025,97
959f9988480f66db,2025-03-09,18:54:09,397.8,2294d49d24ef9f4e,2025,97
2907a2f052bd5999,2025-03-10,11:02:35,397.8,19ead4f613ae9fb3,2025,97
3c0992df56bae484,2025-03-10,13:14:37,397.8,e09d01e52d963ed4,2025,97
e722c1a6da33c709,2025-03-10,14:46:31,596.7,50b00a49b5dfc632,2025,97
ac84c532597152e7,2025-03-11,11:56:33,397.8,1933054b92df99da,2025,97
3ec633f36236e25b,2025-03-11,15:21:17,397.8,9edef0a9aa1990a3,2025,97
921776b002ab3a8e,2025-03-11,17:32:54,994.5,f29900f6e4ae23e8,2025,97
f915904664c6938c,2025-03-12,16:20:51,200.0,9ec8f9d27e857727,2025,97
5e7e37ca330fbbd8,2025-03-12,17:43:35,397.8,ddfc6c77ae9af5b5,2025,97
185f2f632e26f186,2025-03-12,18:14:07,397.8,7e1aec8e771b1336,2025,97
3f01336e100664d5,2025-03-12,18:31:11,200.0,95f67c749858649e,2025,97
87d236d348f247e1,2025-03-12,18:48:07,200.0,56ae2849ccf76990,2025,97
5611c2846310e60b,2025-03-12,19:40:51,397.8,b3883f5580dc9222,2025,97
5e799b7b624776a4,2025-03-12,20:12:34,397.8,b011961439624cfd,2025,97
0f8e531aaf0c6eb6,2025-03-13,14:50:19,397.8,a41b18182529b6c0,2025,97
b2f88a347f3b8f04,2025-03-13,15:10:54,397.8,848cc4640593da1a,2025,97
8af8c402fde4ed2e,2025-03-13,20:40:26,994.5,c7a95719789de43c,2025,97
8d2062d54169af0b,2025-03-14,10:37:05,397.8,04679a7c334756b6,2025,97
227717999d9829f8,2025-03-14,11:44:42,397.8,7f7341e2036f51a4,2025,97
0a0b6f02230339e5,2025-03-14,13:05:00,397.8,c57f7dabd96caec4,2025,97
ea6db9888178f327,2025-03-14,13:40:22,895.05,19ead4f613ae9fb3,2025,97
28822470ff86d208,2025-03-14,15:49:54,994.5,57e72f093068644f,2025,96
618eb37ba0b1b821,2025-03-14,15:57:44,397.8,ab5ebb9c0c28f2ac,2025,96
d472f5c855a88752,2025-03-14,20:16:21,397.8,8ab9426d9dacec4f,2025,96
74a0b22433206027,2025-03-14,20:31:49,1093.95,edc766c92dfe0546,2025,96
2b8fa7067ce52632,2025-03-15,12:31:07,397.8,2294d49d24ef9f4e,2025,96
1e9a6f3b71aed05c,2025-03-15,13:20:11,596.7,c9a0b6efff8e2403,2025,96
0c0b944e684cfdf7,2025-03-15,13:39:40,397.8,186ce96da4727481,2025,96
e99f0df0fe5badcc,2025-03-15,16:56:38,795.6,58fbd71919bbafba,2025,96
e06fbd0957d4e907,2025-03-15,17:25:49,1491.75,f5aeadf3e6d40bf1,2025,96
d9b7dd572c87231c,2025-03-15,17:40:20,200.0,16b039442dd95f1a,2025,96
e24df38c59577b56,2025-03-15,17:51:47,397.8,56ae2849ccf76990,2025,96
b9fb6e6400cea1a1,2025-03-15,18:19:01,397.8,b700e4453a752eb4,2025,96
b9e6f1bc930b8916,2025-03-15,20:16:57,397.8,d11836664c5bed90,2025,96
708d23301e306b94,2025-03-16,14:57:53,200.0,1d1913e5ac32fdb2,2025,96
b6258bef145900ae,2025-03-16,15:31:27,397.8,38ba69e8511fd6bd,2025,96
6510dd3567796227,2025-03-16,15:55:02,200.0,ec9fdd2bb97ca73f,2025,96
d845faa89082dec4,2025-03-16,16:00:17,397.8,0ce9f693a74c2b04,2025,96
a6f7ee8a8d3a3f2d,2025-03-16,16:31:08,397.8,ef948e13078d5ea5,2025,96
ef015201d9987f2c,2025-03-16,16:38:53,596.7,d02b796930cddff5,2025,96
386a5443b305efc3,2025-03-16,17:37:33,200.0,d87164cf11ac2fcd,2025,96
b6ce0c34787f64f4,2025-03-16,18:52:26,397.8,d9f8c2d5b6737159,2025,96
853f06bcf1deae0f,2025-03-16,19:00:38,397.8,9fcf8eeb6a70d7df,2025,96
eb680303b8eafbc1,2025-03-16,19:45:10,397.8,6144f4332a72d802,2025,96
30ef650b02d21233,2025-03-17,11:23:59,397.8,e84ee76cabfd7007,2025,95
0ac72d2fcd62487e,2025-03-17,16:09:15,298.35,0f59182047fd2643,2025,95
f3994ef50f57cc2b,2025-03-17,19:47:36,397.8,92045ea2e6fc1f30,2025,95
663ec855cc034217,2025-03-18,09:48:06,397.8,38bf01b2b31e6c64,2025,95
613934e0e055275c,2025-03-18,11:24:49,298.35,,2025,95
920f62a5789c7835,2025-03-18,13:42:39,397.8,fcbcbc0bf3c1bf7a,2025,95
87304ed45613c05d,2025-03-18,17:23:44,298.35,3de68eb7361320b7,2025,95
85b717d9e44ffb16,2025-03-18,17:34:13,397.8,eb2f97ed71155f76,2025,95
f9e560e67d2b34cf,2025-03-18,18:01:43,397.8,da7a33129d78d734,2025,95
a4b9e78179c638da,2025-03-18,19:33:03,397.8,7386f1db2998ff8b,2025,95
a6e36a335e842682,2025-03-18,22:02:57,994.5,c7a95719789de43c,2025,95
0cca605f3aa23cda,2025-03-19,14:01:34,397.8,f29900f6e4ae23e8,2025,95
09f24a64552d9ba7,2025-03-19,14:48:50,397.8,b7be2a45ed555292,2025,95
ef70a201d2e69453,2025-03-19,15:00:12,200.0,56ae2849ccf76990,2025,95
ce0e3dc2f2c08a27,2025-03-20,17:39:47,397.8,5dc9a9775bc2ae3c,2025,95
c3be4b94e07242ca,2025-03-20,18:02:40,397.8,1e7229b251e50a16,2025,95
3aedb030bdcd71c1,2025-03-20,18:30:47,1093.95,d378b421ed3d4d70,2025,95
1bac7b10451095e5,2025-03-20,18:58:15,397.8,b3883f5580dc9222,2025,95
5fdf7b7f5cdfacfc,2025-03-20,19:01:14,397.8,186ce96da4727481,2025,95
6efb8c0df5bf86f4,2025-03-21,12:55:42,397.8,d96d838695219c09,2025,94
ec6903803cafa706,2025-03-21,13:47:55,596.7,99496dc87b25f342,2025,94
7656fba8301b32e0,2025-03-21,16:54:19,200.0,f999441cdb10deed,2025,94
834f94b79b6d27c4,2025-03-21,18:53:52,795.6,5b09ccaff4d1a03e,2025,94
f500822503ec899c,2025-03-22,12:49:36,200.0,7c3dd579ae4c8a7b,2025,94
b44cb761731568c7,2025-03-22,13:07:53,397.8,7f7341e2036f51a4,2025,94
cbf567b6616625b2,2025-03-22,14:19:50,895.05,219f3eb095da1434,2025,94
586361f34dcc00d3,2025-03-22,14:54:25,298.35,f4b811b17180ea83,2025,94
2338c2401f427360,2025-03-22,15:30:32,397.8,0db97f2af0582af5,2025,94
916b2ac5069b06e5,2025-03-22,16:10:10,397.8,acf9b40827660877,2025,94
f1c49e8bdc061e17,2025-03-22,17:09:38,397.8,95ee31353c61790b,2025,94
b6e7fc6de7b02e76,2025-03-22,18:34:07,397.8,2294d49d24ef9f4e,2025,94
cedb0d0759ab91f6,2025-03-22,18:52:53,200.0,31caab83991e0f22,2025,94
c96962f62232fc92,2025-03-22,19:26:20,895.05,e620ffa0cef961ee,2025,94
c08180ce1e67fe3b,2025-03-23,13:05:49,397.8,101eb4e2e7ba33d4,2025,94
1346e834a8809b1a,2025-03-23,14:25:06,200.0,e44723976500dab1,2025,94
6f4a4e90af0ee307,2025-03-23,17:13:45,397.8,35fc95cfdc08a809,2025,94
29d74e97897ac883,2025-03-23,17:53:09,397.8,56ae2849ccf76990,2025,94
4f44f4050b611ae7,2025-03-23,18:28:11,200.0,d11836664c5bed90,2025,94
91947bea8f437e07,2025-03-23,21:17:13,397.8,4c40d25fcbc2cefc,2025,94
805598f58195b5f0,2025-03-24,16:26:09,397.8,04461b7b1457a80b,2025,94
662481c31da7bc20,2025-03-24,18:25:42,397.8,7e66cbb9145ed424,2025,94
daaa64d9405d0970,2025-03-24,19:02:14,397.8,00d0fece35ed14d1,2025,93
4d11f335f8b9d105,2025-03-25,11:42:40,298.35,00ad0083a567f708,2025,93
6e9d41faea975412,2025-03-25,17:05:25,397.8,378c2550f5882027,2025,93
d00771a5da83bb46,2025-03-26,14:58:50,596.7,2a02748fe361e13c,2025,93
8292664cc46a8a34,2025-03-26,19:05:24,397.8,f516803f65250ff4,2025,93
d391a782e76b5f84,2025-03-26,19:38:59,795.6,c7a95719789de43c,2025,93
3dac77d5134f7b33,2025-03-27,13:45:48,397.8,04679a7c334756b6,2025,93
5d5fdac7b55f0e10,2025-03-27,15:28:43,397.8,fb26c040572bafe5,2025,93
9e5b65e462d5330b,2025-03-27,16:23:14,397.8,0ce9f693a74c2b04,2025,93
04175cfc59d0a413,2025-03-27,18:08:19,397.8,ec1d33ae5c344e2e,2025,93
72133a9b7079cce9,2025-03-27,19:02:54,100.0,bc60b5fa42756c96,2025,93
e40dd43d365617f5,2025-03-28,13:22:09,397.8,7f7341e2036f51a4,2025,93
c1a7fc532b7d9010,2025-03-28,14:28:56,397.8,27e46475ecaa7bd3,2025,93
0b9df95c2c31eb08,2025-03-28,17:50:13,397.8,4c30cd878c34df3b,2025,93
4fabadc6955ae4f0,2025-03-28,18:20:51,200.0,16b039442dd95f1a,2025,93
87b539e1da0851af,2025-03-28,19:43:33,397.8,e677c9a6ff2d3353,2025,93
756e0f5ff07ff938,2025-03-29,12:13:38,397.8,e620ffa0cef961ee,2025,93
80ebdc4194607439,2025-03-29,16:01:35,497.25,5c429f69804e1557,2025,93
7b63a68649eb3eed,2025-03-29,16:08:40,200.0,95f67c749858649e,2025,92
76fd49b0098eae34,2025-03-29,16:30:13,200.0,13272d3c48d6a5a6,2025,92
4f84761782fa9851,2025-03-29,17:23:31,397.8,649646ed4606962a,2025,92
0d22dda63a1678f7,2025-03-29,17:27:03,397.8,8ab9426d9dacec4f,2025,92
731126fe2e8acf75,2025-03-29,18:09:36,397.8,e4151b99502b7125,2025,92
0d1072ddd9363084,2025-03-29,18:36:46,397.8,56ae2849ccf76990,2025,92
6ea1ff9fc608b5ce,2025-03-29,19:27:37,497.25,e0a72fec3543dff5,2025,92
17d036f1d70c52cb,2025-03-29,19:57:51,397.8,497bb44d302ff79c,2025,92
346aca886881a2fa,2025-03-30,14:49:42,397.8,2327eecca46e6ad2,2025,92
a05cba585fb76713,2025-03-30,17:49:44,397.8,cad706b69f5c6ac2,2025,92
23f735953e3ef6d8,2025-03-30,18:23:04,397.8,1933054b92df99da,2025,92
0a1bdedac0fdfd61,2025-03-31,11:10:46,200.0,cdfd04fd41b2e7b4,2025,92
38f492866970d29f,2025-03-31,14:01:27,397.8,378c2550f5882027,2025,92
b0737f6f4793c02f,2025-03-31,14:27:45,497.25,42c8e9b74bd8adb6,2025,92
2a20a3fab11dfb8a,2025-03-31,15:09:59,397.8,399bd88ce2adcb19,2025,92
fe4314e05fc642fc,2025-03-31,16:21:57,298.35,00ad0083a567f708,2025,92
15c230727cc82a9f,2025-03-31,18:30:07,298.35,c7a95719789de43c,2025,92
e49a342b613647ad,2025-03-31,18:39:58,397.8,ad462ac01134d087,2025,92
684b53b903035174,2025-03-31,20:48:00,497.25,c7a95719789de43c,2025,92
c39e4b32156135df,2025-04-01,12:13:57,994.5,a6b2eb3cfd04917c,2025,92
bdd61905fd4ec9bf,2025-04-01,12:22:52,397.8,e34b4d0dfd09f9a5,2025,91
2e26c28b6e19881b,2025-04-01,14:14:27,397.8,04461b7b1457a80b,2025,91
0c69bae4429bcdf9,2025-04-01,14:14:35,397.8,b118484f1d681625,2025,91
5c97228f548e45d6,2025-04-01,15:07:31,397.8,923d2804a2439c4e,2025,91
32fb5a43bddd6a87,2025-04-01,16:35:11,200.0,f57fe7a87740dbdd,2025,91
c10168bbc544c21d,2025-04-01,17:57:43,397.8,cac2e422ab8262d2,2025,91
bb9db67d4d652e49,2025-04-01,18:39:34,2486.25,4c30cd878c34df3b,2025,91
4041e47af94aa262,2025-04-02,12:09:06,397.8,d8fcf1c1ecd37179,2025,91
7df3a45ecaeeb602,2025-04-02,16:50:12,200.0,56ae2849ccf76990,2025,91
83789e1cf7f64ae4,2025-04-03,12:56:01,397.8,92875e353a5002f1,2025,91
1d19fe4f21302f68,2025-04-03,14:10:39,397.8,c897b09d0d744b67,2025,91
ed79f4dd4a75ae87,2025-04-03,16:20:07,397.8,7386f1db2998ff8b,2025,91
e9886523aa8d2a0d,2025-04-03,17:03:15,397.8,ef948e13078d5ea5,2025,91
20d1ff15fcfd923e,2025-04-03,18:13:26,397.8,b7b3a6ae2c34ab9c,2025,91
a29c45cc0c17b1d7,2025-04-03,19:39:33,397.8,0ce9f693a74c2b04,2025,91
f5a175858120482d,2025-04-03,20:12:23,397.8,7e1aec8e771b1336,2025,91
d8526f906c09e4ba,2025-04-04,06:50:55,200.0,53fcbbd8ba6f25b5,2025,91
0599bfc2cad1c643,2025-04-04,10:11:25,795.6,d11836664c5bed90,2025,91
d4be7f4edec63648,2025-04-04,11:20:15,298.35,7334565f9040a95d,2025,90
60c0ab317994ca3d,2025-04-04,13:39:57,397.8,7f7341e2036f51a4,2025,90
eba4c6487b1d7ab5,2025-04-04,14:33:54,397.8,af599ee0073c1148,2025,90
8382ca437ba728d2,2025-04-04,14:54:58,298.35,d11836664c5bed90,2025,90
d0b635e7e4d1fb47,2025-04-04,15:02:10,497.25,da7a33129d78d734,2025,90
451e97b15a91a5f8,2025-04-04,15:27:07,200.0,a7b97e66b8270398,2025,90
86191e7c58df6103,2025-04-04,17:32:50,298.35,c7a95719789de43c,2025,90
8b09abe8443daf78,2025-04-05,12:56:44,397.8,f999441cdb10deed,2025,90
532946ffde01b2d5,2025-04-05,13:08:18,397.8,9545d0a24feeed5f,2025,90
ebf2c560d3b2a7d5,2025-04-05,13:14:47,200.0,399bd88ce2adcb19,2025,90
858178440bfbd6a1,2025-04-05,13:38:13,397.8,175ef0916604f418,2025,90
63bc9463e97b3682,2025-04-05,15:47:51,397.8,56ae2849ccf76990,2025,90
9c0ac5405c80ef48,2025-04-05,16:40:54,397.8,61799dab7d05476b,2025,90
4572babc6a1cd4bf,2025-04-05,16:44:13,397.8,5fc14234735326f3,2025,90
5d420109b0d672f0,2025-04-05,18:20:57,696.15,57c564e815e6576c,2025,90
decd1324bacd34e4,2025-04-06,15:57:28,397.8,a41b18182529b6c0,2025,90
0dcf0e1318d96c96,2025-04-06,16:02:41,397.8,661986fc840c8ad2,2025,90
bcc287b2ee619fda,2025-04-06,16:50:40,397.8,96e1904d49006a7c,2025,90
0dc80340b3f13cf1,2025-04-06,19:19:49,298.35,8b923c6638659040,2025,90
10dcfeaf7476c95c,2025-04-07,10:32:54,298.35,,2025,90
df846f570d6ef275,2025-04-07,11:38:23,397.8,8d432a587fdd0a4d,2025,90
04516e7815463bb1,2025-04-07,11:53:34,397.8,04679a7c334756b6,2025,90
e0b90cf2e17c634d,2025-04-07,13:26:55,397.8,00d0fece35ed14d1,2025,90
32a5d1f381eb3a19,2025-04-07,14:21:19,298.35,99496dc87b25f342,2025,89
ef61fd69c05a7192,2025-04-07,14:33:21,397.8,eb57efcec24b7e7d,2025,89
7992a2add1dcb041,2025-04-07,17:41:29,397.8,9fcf8eeb6a70d7df,2025,89
24cd1489fc92e0ff,2025-04-07,17:57:38,397.8,5583d4754815a72c,2025,89
82d48118ec477a04,2025-04-07,18:32:45,994.5,d96d838695219c09,2025,89
80a1f68fb32404bf,2025-04-07,18:50:53,895.05,c21dafceeaae3481,2025,89
9009221afbebea15,2025-04-07,18:53:55,497.25,42c8e9b74bd8adb6,2025,89
7b3b81010f86ecc1,2025-04-07,19:11:20,298.35,0f59182047fd2643,2025,89
4d790dc5fff64721,2025-04-07,19:52:23,397.8,d9f8c2d5b6737159,2025,89
f5e6a3a14e533075,2025-04-08,13:37:59,397.8,ab5ebb9c0c28f2ac,2025,89
a29337d1c696b7a7,2025-04-08,15:39:18,397.8,7e66cbb9145ed424,2025,89
087e40d89036b425,2025-04-08,17:35:35,1790.1,95d6d1472183168b,2025,89
1371fb33f143cd17,2025-04-08,17:40:26,397.8,a3f39a21834e8d2c,2025,89
c4d8dd04cc241b85,2025-04-08,18:57:59,397.8,2327eecca46e6ad2,2025,89
d852d446baa763e5,2025-04-08,18:59:24,200.0,2327eecca46e6ad2,2025,89
54f77a5da1ddf049,2025-04-09,14:51:59,397.8,378c2550f5882027,2025,89
42430ce16b9fc9db,2025-04-09,17:07:12,397.8,86d5c602b824a5f7,2025,89
be6c2bbcb5616062,2025-04-09,17:25:53,397.8,652ed3c6c49f1e90,2025,89
9620d64e08db54a3,2025-04-10,13:19:42,397.8,ba20692fab0756b5,2025,89
bc637886abdb8844,2025-04-10,14:07:57,397.8,89e64150c114ef80,2025,89
8cce796a1e4fb334,2025-04-10,15:01:24,397.8,c7a95719789de43c,2025,89
cd79a5c071dd6ea9,2025-04-10,17:11:54,397.8,ffd09a2a5f6b3b9d,2025,89
a7540f9316f6b443,2025-04-10,20:43:30,298.35,c7a95719789de43c,2025,89
1590bdf406aca6d0,2025-04-11,11:40:33,397.8,fc528b33db8d4c6c,2025,89
7fbd5c8313365c96,2025-04-11,13:19:23,397.8,0014d9cbaa2c997c,2025,88
d6150c2f6785705a,2025-04-11,14:08:26,397.8,7f7341e2036f51a4,2025,88
d354917b6e959819,2025-04-11,14:17:12,397.8,b011961439624cfd,2025,88
c3928d9c7c308417,2025-04-11,14:55:44,397.8,d7fc4fdd5c3e9f66,2025,88
0faf2edcd6976edb,2025-04-11,14:57:38,298.35,c7a95719789de43c,2025,88
27ee2d4cca028cf8,2025-04-11,15:06:57,397.8,183c6f1c964f801c,2025,88
7e948a7bb6899e4c,2025-04-11,17:55:58,397.8,56ae2849ccf76990,2025,88
04b70155d33b71bc,2025-04-11,18:54:30,200.0,0763dedc1815b4b4,2025,88
ee1e4eac69306480,2025-04-11,19:28:38,497.25,8ab9426d9dacec4f,2025,88
08058be7d34f1f8e,2025-04-12,13:22:02,397.8,19e7861497d8fb05,2025,88
15f9260061878aec,2025-04-12,13:37:13,497.25,85b4948c570033d2,2025,88
94a268f4f449c7bb,2025-04-12,14:28:45,298.35,,2025,88
a5b782ce0f3531c2,2025-04-12,14:55:46,994.5,38a233a8eae58071,2025,88
6ff6f96ca8b72f5b,2025-04-12,15:07:57,397.8,f999441cdb10deed,2025,88
c643644a6b0b52da,2025-04-12,15:30:14,397.8,f516803f65250ff4,2025,88
5a1a14801764851e,2025-04-12,17:10:30,200.0,42c8e9b74bd8adb6,2025,88
a67c73037a01b06f,2025-04-12,19:16:19,397.8,60e9c46a67fce230,2025,88
c976e03e52c6ebb1,2025-04-12,19:27:49,397.8,bd88daaa45d94b0d,2025,88
d0840031d642dad9,2025-04-12,20:30:12,1989.0,c7a95719789de43c,2025,88
e0481af03366c7b8,2025-04-13,16:57:02,397.8,38ba69e8511fd6bd,2025,88
ee81290630087115,2025-04-13,17:25:29,397.8,2294d49d24ef9f4e,2025,87
34c52fa5932047f4,2025-04-13,18:03:43,397.8,448f68658b6ae246,2025,87
52d97c3d6ef05e7c,2025-04-14,09:11:51,596.7,d11836664c5bed90,2025,87
a165bf473aeb9112,2025-04-14,12:52:49,397.8,3b9e861ef5021183,2025,87
4f2248001700c500,2025-04-14,13:23:38,397.8,186ce96da4727481,2025,87
db6e862de79ddc35,2025-04-14,17:39:16,497.25,4e4426d10e2e0fe0,2025,87
2802b3b8e89d655c,2025-04-14,19:00:46,397.8,e620ffa0cef961ee,2025,87
a82624a2a6f126ae,2025-04-15,11:41:15,397.8,3a41a1f4ea8a856d,2025,87
9239cd4fe77d7a09,2025-04-15,12:00:28,298.35,f4b811b17180ea83,2025,87
daf69bf9b9f051c8,2025-04-15,12:39:52,200.0,95f67c749858649e,2025,87
516c09b153815745,2025-04-15,14:21:54,397.8,4d6285651dcb1f5d,2025,87
833bad60b43e36f0,2025-04-15,15:36:53,397.8,e677c9a6ff2d3353,2025,87
a9ea81dc0598ed96,2025-04-15,18:29:36,795.6,524c0ce7962dc8a4,2025,87
8efb3f30d1199faf,2025-04-15,20:29:01,397.8,b3883f5580dc9222,2025,87
629eccf8360eecc8,2025-04-16,11:55:16,200.0,7c3dd579ae4c8a7b,2025,87
b1717390b1b87cb3,2025-04-16,12:39:05,397.8,577656f89b0bd379,2025,87
9a33fb285b44a658,2025-04-16,14:15:36,397.8,378c2550f5882027,2025,87
d4dfb2170358d60c,2025-04-16,17:15:48,397.8,9c364b4aaf8a5789,2025,86
e9f16fdd0589b337,2025-04-16,18:09:24,397.8,b9b9cd4822baf71b,2025,86
0d3751026eba15ca,2025-04-17,11:50:33,298.35,99496dc87b25f342,2025,86
01b6176598065d28,2025-04-17,13:44:10,397.8,2327eecca46e6ad2,2025,86
15ec0bb82435b797,2025-04-17,15:43:48,397.8,1933054b92df99da,2025,86
e6a0607d95b5570d,2025-04-17,16:02:10,397.8,f6ebaa4ba93834b3,2025,86
12976a367a2c9426,2025-04-17,17:10:50,397.8,7715b91f954cece7,2025,86
1892171454885456,2025-04-17,17:18:26,397.8,59df3e0fda0e7812,2025,86
d9bb8592004093f2,2025-04-17,17:42:55,596.7,e1f23f36fbd3ee09,2025,86
24f2274f139bb7cf,2025-04-17,19:32:54,397.8,56207710f85602f5,2025,86
9ade0697b57b7d9f,2025-04-18,12:22:05,497.25,2c0c6d4f927808a2,2025,86
93b01e6ad7f1cb88,2025-04-18,13:56:46,397.8,e3130ca455dd988e,2025,86
05d4f8257bcd5230,2025-04-18,15:02:24,397.8,56ae2849ccf76990,2025,86
358ffe6efffbe7d4,2025-04-18,17:33:48,397.8,b7b3a6ae2c34ab9c,2025,86
adee797ecf882ce6,2025-04-18,18:25:56,397.8,921f2aefd726d4c8,2025,86
37cced8cd2fa96b4,2025-04-19,11:15:29,397.8,64f0d38d882fa56b,2025,86
07a71f7f373f9f0e,2025-04-19,12:20:08,397.8,f999441cdb10deed,2025,86
9cbaba51f32172a3,2025-04-19,13:01:33,397.8,4c30cd878c34df3b,2025,86
a92d0a12c9d9b985,2025-04-19,15:26:48,397.8,007ffe348c01c7d6,2025,86
37224033c153d7c1,2025-04-19,16:24:13,397.8,7f7341e2036f51a4,2025,86
d0732f551b846a5e,2025-04-19,16:39:37,397.8,ef948e13078d5ea5,2025,86
6595b325f1ba8f56,2025-04-19,20:16:34,397.8,c7a95719789de43c,2025,86
54a7569d0309e3f3,2025-04-20,14:51:27,397.8,3de68eb7361320b7,2025,86
900584d3befad5dc,2025-04-20,15:17:11,397.8,39bc17f41b527c3b,2025,86
eca9c93afdb7e3bb,2025-04-20,16:41:22,397.8,186ce96da4727481,2025,85
432d9125edfe4baf,2025-04-20,19:49:01,397.8,7d5f02c061b03e7a,2025,85
d7ce508ac474d58e,2025-04-21,11:39:24,795.6,d02b796930cddff5,2025,85
f7c9952537d6fa9f,2025-04-21,13:35:43,397.8,bb08ab9050a28f44,2025,85
e98a693af60eb514,2025-04-21,14:07:37,200.0,e84ee76cabfd7007,2025,85
05de2baa227b4798,2025-04-21,16:12:31,397.8,7751c9c892c897b6,2025,85
b860e9037a97f16e,2025-04-22,12:09:43,397.8,e84ee76cabfd7007,2025,85
2eb49b5e4a40988e,2025-04-22,17:01:50,200.0,dc9f9d8e086d1326,2025,85
df0814eb4828ca45,2025-04-22,18:18:48,397.8,19e7861497d8fb05,2025,85
ba36e92746952f6d,2025-04-22,18:54:28,397.8,7386f1db2998ff8b,2025,85
4566ea540e721625,2025-04-22,19:29:08,397.8,c897b09d0d744b67,2025,85
14fe2b9bdaf2051f,2025-04-22,19:57:31,497.25,9272d2f1e36848ca,2025,85
2a015c8f0185bef9,2025-04-23,14:04:04,397.8,bcbcd80d4652a39b,2025,85
2fe252034f8b039a,2025-04-23,14:59:36,397.8,bb6af2c7805567dd,2025,85
0b1a062d0343e6ac,2025-04-23,16:27:20,397.8,378c2550f5882027,2025,85
557db21d46119144,2025-04-23,16:51:00,397.8,26d7e307047a6b8e,2025,85
6f6a4bea0a2b48ad,2025-04-23,18:52:48,397.8,b772b1231718b603,2025,85
0aa0e506217bd0a9,2025-04-24,11:23:24,200.0,d1be6d99604081e1,2025,85
f156688fe7e19485,2025-04-24,14:16:29,497.25,3e5471f3808e1bc8,2025,85
6a6969336f888f43,2025-04-24,16:40:51,397.8,886da114699e3a04,2025,85
0c41d26db529a5cd,2025-04-24,18:00:11,397.8,d11836664c5bed90,2025,85
ca709464e448e958,2025-04-24,19:13:49,397.8,4d6285651dcb1f5d,2025,85
037ef641c04adf67,2025-04-24,19:28:47,200.0,e22e896f3768f61b,2025,85
c61a41dbfae6efe3,2025-04-25,12:06:08,397.8,20e3125dbb6b4962,2025,84
f2524eac9229c476,2025-04-25,14:53:27,397.8,00d0fece35ed14d1,2025,84
5b68253dfdd65b8c,2025-04-25,15:15:51,397.8,da7a33129d78d734,2025,84
200b46ef365826d3,2025-04-25,21:43:01,994.5,5fc14234735326f3,2025,84
282b295b7a48a880,2025-04-26,14:25:18,397.8,ab6cc6c89a759257,2025,84
dcf2c78624b0fab4,2025-04-26,14:56:40,397.8,48bce7813a96f38c,2025,84
56b45791cbae5279,2025-04-26,15:16:41,397.8,491074a4cf92a5b8,2025,84
d20192b634d6554e,2025-04-26,15:56:13,397.8,7e1aec8e771b1336,2025,84
6c7129193f60696c,2025-04-26,16:32:44,397.8,47eb0134ac5c29e9,2025,84
00864c1ac3efe822,2025-04-26,16:54:00,298.35,00ad0083a567f708,2025,84
c55e3b6d6abbebfd,2025-04-26,18:40:04,298.35,d11836664c5bed90,2025,84
df8817ff275f3122,2025-04-26,19:31:04,397.8,e620ffa0cef961ee,2025,84
531f4f4557d486fa,2025-04-26,21:02:27,696.15,c7a95719789de43c,2025,84
fa9e79a22858f7c8,2025-04-27,12:27:15,397.8,101eb4e2e7ba33d4,2025,84
38dcd902aa972202,2025-04-27,14:52:46,298.35,d7b41f355192792e,2025,84
7da1fe66c2b9621d,2025-04-27,17:14:59,200.0,56ae2849ccf76990,2025,84
549d1db21a2afa84,2025-04-27,18:00:35,397.8,42daeeb2a2eb6cfc,2025,84
d4adccf944acdc78,2025-04-27,18:30:37,200.0,4b885df3774ad95f,2025,84
9c6dae2952ea28f2,2025-04-27,19:44:21,397.8,1e0727db716a8910,2025,84
0c5c07c67dc4e0c9,2025-04-27,19:47:30,397.8,101eb4e2e7ba33d4,2025,84
955a23de517a3b74,2025-04-27,21:16:13,298.35,d11836664c5bed90,2025,84
c307e75254b93ff9,2025-04-28,12:45:28,200.0,95f67c749858649e,2025,84
d6024bc7fdaaca01,2025-04-28,13:36:20,200.0,f516803f65250ff4,2025,84
d9e041e191ea5e2c,2025-04-28,16:41:11,200.0,8f5f3316cc5fb713,2025,84
8a7b3b88f995bc9d,2025-04-28,17:03:58,397.8,59c8b84e949ef694,2025,83
40af151c69137415,2025-04-28,17:08:54,200.0,d87164cf11ac2fcd,2025,83
ef5ac2c45ac575a4,2025-04-28,18:02:02,397.8,17ebb96808a0ab76,2025,83
0739157ae7f28391,2025-04-28,18:21:36,397.8,96e1904d49006a7c,2025,83
f068723ea052b8c6,2025-04-28,18:51:00,397.8,d9f8c2d5b6737159,2025,83
80abda4d9946941e,2025-04-28,19:29:57,200.0,53fcbbd8ba6f25b5,2025,83
001c63da3fe290d4,2025-04-28,19:31:16,200.0,a8b58b3adcaa777a,2025,83
29987ce51f2213ec,2025-04-29,13:48:33,397.8,2327eecca46e6ad2,2025,83
c65dd633a3e695ae,2025-04-29,15:21:02,200.0,00d0fece35ed14d1,2025,83
9f681e293361d8e0,2025-04-29,16:51:36,397.8,5b09ccaff4d1a03e,2025,83
bcdc5c62c51b123c,2025-04-29,17:03:06,397.8,fcbcbc0bf3c1bf7a,2025,83
00c84fdfe5aa5df7,2025-04-29,17:13:27,497.25,5c429f69804e1557,2025,83
96540f9a6370a4a7,2025-04-29,19:49:36,397.8,b75e01938ed9b279,2025,83
bfd54c8332b843bd,2025-04-30,13:31:37,397.8,f94533bb14d724e4,2025,83
11233d3136e11b4d,2025-04-30,14:50:25,397.8,378c2550f5882027,2025,83
dac8e0abbd8612bc,2025-04-30,15:30:48,397.8,577656f89b0bd379,2025,83
05a0a32b5d3c7b4a,2025-04-30,16:38:47,397.8,af599ee0073c1148,2025,83
a50a2b1d8b732bde,2025-05-01,11:25:49,994.5,e620ffa0cef961ee,2025,83
3b59d837d97dadb3,2025-05-01,11:53:23,696.15,53fcbbd8ba6f25b5,2025,83
71b1a2d23ffdd306,2025-05-01,12:16:44,397.8,19e7861497d8fb05,2025,83
74f2bd42151100c6,2025-05-01,12:31:49,397.8,ef0c624b12bd7fb7,2025,83
4d3e3db3af58d9e8,2025-05-01,14:31:07,397.8,,2025,83
1ff524a66e25366f,2025-05-01,14:31:59,397.8,92875e353a5002f1,2025,83
7068bdd81d1a53ed,2025-05-01,15:14:52,1093.95,c61531689535e06e,2025,83
414e2459a9e8bfd2,2025-05-01,16:16:04,397.8,56ae2849ccf76990,2025,83
f8f4cfaa0b7b0574,2025-05-01,16:33:05,397.8,9fcf8eeb6a70d7df,2025,82
e3131b8b8aafd4a4,2025-05-01,16:41:10,397.8,c17c775a93f5ee00,2025,82
a225adccb0b1fd17,2025-05-01,17:18:08,397.8,186ce96da4727481,2025,82
80e60a992b82a3a2,2025-05-01,17:46:16,397.8,7f7341e2036f51a4,2025,82
24bc8dca6407b781,2025-05-01,18:44:40,200.0,68c571af3ff21546,2025,82
72b3d432145e56b6,2025-05-01,18:44:43,397.8,8647950a4efa87b0,2025,82
6b0c7011a6db6de2,2025-05-01,19:07:44,397.8,fa68f06bbd6067e8,2025,82
fc9b0b228f5c4ee0,2025-05-02,12:06:17,397.8,93dc137803aa0eb6,2025,82
678bb2c9254fa040,2025-05-02,12:07:47,1093.95,818db341691ad022,2025,82
e32d8a70fc608e04,2025-05-02,12:37:45,397.8,10ff5c9d46de0901,2025,82
17081a171cf1f6bb,2025-05-02,13:24:17,397.8,e4bb040664595a3a,2025,82
0dc50fc4d21e0d29,2025-05-02,14:49:26,1591.2,3e5471f3808e1bc8,2025,82
a28fff72e513d84d,2025-05-02,15:13:39,397.8,22a6c37bd1bfbb75,2025,82
ef6bb34c57f6bd70,2025-05-02,16:31:43,397.8,18492e2f66c9327f,2025,82
c205a738078bc464,2025-05-02,17:53:26,397.8,da7a33129d78d734,2025,82
c6ee535228594619,2025-05-02,18:23:14,397.8,388714140d80e76c,2025,82
b7624863116b19f9,2025-05-02,18:32:49,397.8,64f0d38d882fa56b,2025,82
cb7dad345ffc10c0,2025-05-02,18:50:21,397.8,35fc95cfdc08a809,2025,82
75400f407afea88f,2025-05-02,19:20:38,397.8,c7a95719789de43c,2025,82
05ae0f02d2dc832a,2025-05-02,19:51:20,397.8,d26f18a81b02d2da,2025,82
211cc60c258a5ae8,2025-05-02,20:07:55,397.8,d96d838695219c09,2025,82
c4f7f8a8bd64f8a7,2025-05-03,12:20:01,1591.2,c7cbdd759488bb0f,2025,82
8c25eccbd96e50a9,2025-05-03,13:35:06,200.0,8c4e96019d4a4f9b,2025,82
73f3a72b43f62cde,2025-05-03,13:55:44,497.25,cb34406b97644fbb,2025,82
50fe1d9f25f9aec5,2025-05-03,14:41:10,497.25,3e5471f3808e1bc8,2025,82
def982b377961572,2025-05-03,15:27:46,397.8,04461b7b1457a80b,2025,82
f93e038111ed8755,2025-05-03,15:58:40,298.35,00ad0083a567f708,2025,81
e6852bdf00b6773c,2025-05-03,17:57:27,994.5,8ab9426d9dacec4f,2025,81
e735719d2f15ccc2,2025-05-03,18:06:08,200.0,d11836664c5bed90,2025,81
85b9b41deeaf7857,2025-05-03,20:43:46,397.8,2f7e8c3aef6c3a8d,2025,81
9c46851e8eedcbd3,2025-05-03,21:42:22,696.15,c7a95719789de43c,2025,81
fb338e1456bd0224,2025-05-04,13:58:37,397.8,50b00a49b5dfc632,2025,81
3c0d8186d63c1afd,2025-05-04,14:57:05,200.0,56ae2849ccf76990,2025,81
0e689bd27d3e07ac,2025-05-04,15:55:21,397.8,835352043d49624a,2025,81
3489e19b16e8783f,2025-05-04,17:05:17,200.0,44f7982f16a4ece4,2025,81
908945705c1d71b2,2025-05-04,17:56:19,397.8,38ba69e8511fd6bd,2025,81
1a7fd2fdb9f697ad,2025-05-04,18:23:57,397.8,e84ee76cabfd7007,2025,81
e7c9e8b3cc581539,2025-05-04,19:53:47,397.8,bb6af2c7805567dd,2025,81
268688d6067f3771,2025-05-05,15:42:14,397.8,d12c528eaf1149e8,2025,81
b6dc6ee1f0fc3085,2025-05-05,16:50:11,397.8,eb57efcec24b7e7d,2025,81
0b67a2140157df2e,2025-05-05,17:06:34,200.0,853bfa6ae7f758d8,2025,81
8e225a71445490e0,2025-05-05,17:07:03,397.8,d02b796930cddff5,2025,81
a30ad8c5a057c1a5,2025-05-05,18:57:21,397.8,378c2550f5882027,2025,81
4a1ca68977c228e9,2025-05-06,11:59:39,397.8,1966b2b5a74d42a2,2025,81
a7e63f6db5130e14,2025-05-06,12:54:57,397.8,675392b2e6e2c990,2025,81
de2ceb890a294b52,2025-05-06,19:25:13,397.8,d9f8c2d5b6737159,2025,80
425ad0082d21c717,2025-05-06,19:40:41,397.8,c7a95719789de43c,2025,80
07f68d58bba501f6,2025-05-07,16:08:00,497.25,625f4c6aacf6fa4f,2025,80
ff5815854a2ac3b6,2025-05-07,17:52:19,397.8,5dc9a9775bc2ae3c,2025,80
a31d6b5b425a38fe,2025-05-07,23:07:47,497.25,c7a95719789de43c,2025,80
b194e7c2d86e9931,2025-05-08,11:13:53,397.8,840e7b31547f619e,2025,80
02a419c5a7634c37,2025-05-08,13:14:06,994.5,cac2e422ab8262d2,2025,80
620c886989717a0e,2025-05-08,14:57:45,200.0,f516803f65250ff4,2025,80
6effc2f0eb581e67,2025-05-08,15:33:16,397.8,6dbb72186f07b942,2025,80
2219104db0017f1e,2025-05-08,15:48:25,397.8,eb2f97ed71155f76,2025,80
19d39cfc7b1f8ae3,2025-05-08,16:04:35,397.8,8647950a4efa87b0,2025,80
becfe6d5968363ec,2025-05-09,11:25:33,397.8,7e1aec8e771b1336,2025,80
c3dd0dde59f2379e,2025-05-09,11:54:29,397.8,9edef0a9aa1990a3,2025,80
21a68d709d62300d,2025-05-09,13:15:21,497.25,7715b91f954cece7,2025,80
aa575c278a029253,2025-05-09,15:37:39,596.7,451f3c1ce7e91455,2025,80
c4d8d70112ebe20e,2025-05-09,19:21:04,397.8,7c261e8c69dcad1b,2025,80
c8cf00a0a4bc4358,2025-05-09,20:33:42,397.8,d11836664c5bed90,2025,80
aa9af4874bb8355d,2025-05-10,08:59:38,298.35,,2025,80
15f13f7f6ec18c11,2025-05-10,11:01:29,200.0,7c3dd579ae4c8a7b,2025,80
e427f0a250b50129,2025-05-10,11:26:20,200.0,95f67c749858649e,2025,80
a7f1fbae2362ded1,2025-05-10,12:32:44,397.8,56ae2849ccf76990,2025,79
e5a447ef33473df6,2025-05-10,12:44:58,397.8,ef948e13078d5ea5,2025,79
33fa8bfe46175700,2025-05-10,12:54:58,397.8,bb08ab9050a28f44,2025,79
bed44e9fac869901,2025-05-10,13:04:32,397.8,cdcc31eee8347daa,2025,79
05d668a08c3983fa,2025-05-10,13:24:08,397.8,7f7341e2036f51a4,2025,79
ad566a41f205ef3d,2025-05-10,13:46:06,994.5,bd88daaa45d94b0d,2025,79
48915f394603442c,2025-05-10,13:56:12,397.8,64f0d38d882fa56b,2025,79
efa46c5f9aaaff8a,2025-05-10,14:25:34,397.8,04679a7c334756b6,2025,79
69b2cbf979791b33,2025-05-10,15:31:14,397.8,56bb55b82f796c76,2025,79
6d82e812a5ae9634,2025-05-10,16:26:03,397.8,186ce96da4727481,2025,79
1d67d356b6f12114,2025-05-10,16:42:13,397.8,f999441cdb10deed,2025,79
072782468a1225d6,2025-05-10,19:09:20,397.8,7386f1db2998ff8b,2025,79
fd5274169f03670a,2025-05-10,19:22:30,397.8,c897b09d0d744b67,2025,79
713f92a782df9247,2025-05-11,13:46:29,397.8,7e66cbb9145ed424,2025,79
8c1a0e855bddf7c7,2025-05-11,15:08:16,397.8,c17c775a93f5ee00,2025,79
210357d0b96fe077,2025-05-11,15:29:10,795.6,e0f76012361ff60c,2025,79
6796535fb0f60c18,2025-05-11,15:34:59,397.8,38ba69e8511fd6bd,2025,79
f033ede1ce37c4d7,2025-05-11,17:07:37,397.8,a3f39a21834e8d2c,2025,79
037fbb80229f541a,2025-05-11,17:41:49,397.8,cad706b69f5c6ac2,2025,79
be92e8111983b13c,2025-05-11,19:15:46,397.8,92045ea2e6fc1f30,2025,79
b72ee6ec258c9e50,2025-05-11,19:49:12,397.8,45bcef3fb3f7086c,2025,79
b148f77fb31895e4,2025-05-12,14:26:23,397.8,9545d0a24feeed5f,2025,79
aacd5f8ecb0e844e,2025-05-12,14:33:22,397.8,0c56e804044060f9,2025,79
65d562e46842b002,2025-05-12,15:22:54,795.6,5523b938c96b7c6c,2025,79
a75a9188bb51fcd2,2025-05-12,18:03:28,397.8,5583d4754815a72c,2025,79
34a9193ed12e5782,2025-05-12,18:42:39,397.8,448f68658b6ae246,2025,79
b05a284f51d4b500,2025-05-13,12:06:34,397.8,ede2c43c89e02794,2025,79
fa56bc8b65746052,2025-05-13,17:05:06,994.5,e3556cdb0db48cc6,2025,78
9d39b0821a54409d,2025-05-13,17:21:33,1392.3,e3556cdb0db48cc6,2025,78
bb5fda78f2233aed,2025-05-13,18:28:47,497.25,11553da0d3a71c30,2025,78
f0610f5b0225b033,2025-05-13,22:38:29,397.8,c7a95719789de43c,2025,78
897087baf9c04d75,2025-05-14,13:13:46,397.8,ab5ebb9c0c28f2ac,2025,78
af79d8e5cd94bde8,2025-05-14,14:27:01,397.8,f9aa36433cd3c21b,2025,78
215224f84342d516,2025-05-14,20:10:07,1392.3,c7a95719789de43c,2025,78
34933acc4efebb19,2025-05-14,20:29:56,397.8,58386ba93ab8c0f7,2025,78
f2309b1204de1471,2025-05-15,11:58:44,397.8,f94533bb14d724e4,2025,78
61d61b4710d54a50,2025-05-15,15:09:12,397.8,183c6f1c964f801c,2025,78
1c1f319883293ecc,2025-05-15,15:13:24,397.8,59df3e0fda0e7812,2025,78
8e4a1d3db7f8fbfc,2025-05-15,15:50:11,994.5,0a4a762a8a3ec6fc,2025,78
a9081ba622da9e55,2025-05-15,16:33:17,497.25,42c8e9b74bd8adb6,2025,78
3863c780b2e9ff83,2025-05-15,16:37:41,397.8,1e7229b251e50a16,2025,78
8636b4445b3a691c,2025-05-15,16:41:42,397.8,f516803f65250ff4,2025,78
e176809c83b9810d,2025-05-15,17:30:46,397.8,d9f8c2d5b6737159,2025,78
1d6d0756e15d0b71,2025-05-15,18:52:32,100.0,c7a95719789de43c,2025,78
3bbec88392ecfbbb,2025-05-15,19:42:24,397.8,ed38253efb7b3222,2025,78
b5eb46bf86dd6d92,2025-05-15,19:42:56,348.07,a810fd3bf007081b,2025,78
e0bd599c1d414332,2025-05-16,11:16:53,397.8,da7a33129d78d734,2025,78
c820d2763df47975,2025-05-16,12:44:57,397.8,c7a95719789de43c,2025,78
6776ad5420d1273f,2025-05-16,13:33:23,200.0,e0167d9252253391,2025,78
25b7636b6a2e7343,2025-05-16,15:33:14,397.8,af599ee0073c1148,2025,78
a5eccd680dfa76a6,2025-05-16,16:57:38,497.25,36cd9c834179b144,2025,78
28d239c018f18e13,2025-05-16,19:17:52,397.8,68ba446d1ac33d74,2025,78
cf3a9396d36ae61b,2025-05-17,11:27:51,427.63,e620ffa0cef961ee,2025,78
fa0a2413b1a5ce3a,2025-05-17,12:42:50,298.35,00ad0083a567f708,2025,78
ec737bcb9196da6d,2025-05-17,13:03:33,497.25,bb08ab9050a28f44,2025,77
2aec07eda42794bf,2025-05-17,13:35:45,200.0,04bbd260f52e6d36,2025,77
8311ac3f59f3b5c7,2025-05-17,13:41:55,397.8,f999441cdb10deed,2025,77
0f625d310f71a89e,2025-05-17,14:01:30,397.8,b9b9cd4822baf71b,2025,77
f17b2d0350a553a2,2025-05-17,14:05:39,1093.95,b1e3cc81c8691a5f,2025,77
7159effbe19a0db5,2025-05-17,14:15:04,397.8,56ae2849ccf76990,2025,77
f5e35cf45422ad09,2025-05-17,14:27:28,268.51,a0975745c0356dd8,2025,77
a9b513c41c1de62d,2025-05-17,17:09:43,397.8,2294d49d24ef9f4e,2025,77
e8083498bcac0dca,2025-05-17,18:03:05,795.6,007ffe348c01c7d6,2025,77
ee58c77c83ca1cc4,2025-05-17,18:31:48,397.8,ec1d33ae5c344e2e,2025,77
a8b25e79b5653825,2025-05-17,18:52:13,895.05,c7a95719789de43c,2025,77
43d92692d5956ba9,2025-05-17,19:52:38,994.5,bd88daaa45d94b0d,2025,77
525c5bb42650040a,2025-05-18,13:51:49,397.8,7e66cbb9145ed424,2025,77
74a0a5aa000d00ab,2025-05-18,14:21:25,200.0,a7b97e66b8270398,2025,77
47d803ed2162b5e7,2025-05-18,14:22:43,298.35,4f22d13186048b42,2025,77
751c7408be2064c9,2025-05-18,15:54:06,397.8,bb6af2c7805567dd,2025,77
a7fadf82a5d6ccc7,2025-05-18,15:57:26,200.0,c17c775a93f5ee00,2025,77
62a9a7a169ac3c19,2025-05-18,16:00:44,298.35,f4b811b17180ea83,2025,77
eaae56ddcd750abe,2025-05-18,16:49:34,200.0,2277437a9b487ea6,2025,77
038f7b97ddb1455b,2025-05-18,16:55:33,397.8,19d8b75eef263d3f,2025,77
2ab5c5022617eb79,2025-05-18,17:57:04,397.8,38ba69e8511fd6bd,2025,77
6eb9ed18b0e9f2e4,2025-05-18,18:01:10,397.8,d02b796930cddff5,2025,77
8e61564565b094fe,2025-05-18,18:46:18,397.8,d2b377bd63f7926b,2025,77
3ee8751e11101bbf,2025-05-18,19:08:50,200.0,e22e896f3768f61b,2025,77
761d8883e4314aed,2025-05-19,11:48:55,397.8,19e7861497d8fb05,2025,77
ad627d04204aca08,2025-05-19,17:24:43,397.8,9fcf8eeb6a70d7df,2025,77
5583c9c49eab9a35,2025-05-19,18:12:25,397.8,2327eecca46e6ad2,2025,76
ed34479b2c8fd206,2025-05-19,18:15:09,397.8,ab6cc6c89a759257,2025,76
fa7591238e2a35cf,2025-05-19,19:08:19,596.7,c7a95719789de43c,2025,76
1368cbec5696aa4c,2025-05-19,19:38:45,397.8,d26f18a81b02d2da,2025,76
76b05f5f1102c1f4,2025-05-20,12:39:30,200.0,d6ae6eb08b38b89a,2025,76
dc74724b5cb1f242,2025-05-20,15:53:48,1093.95,7715b91f954cece7,2025,76
bb9b9e0f19d9669a,2025-05-20,16:10:50,397.8,15baa2c7640c19b9,2025,76
c43110b07355f900,2025-05-20,16:51:02,397.8,9fc958b6f52e0b6a,2025,76
f2152e8a3cf30b06,2025-05-20,17:32:33,596.7,04461b7b1457a80b,2025,76
3a6f45d255b4b0d8,2025-05-20,19:38:10,397.8,463c283a838fb1e7,2025,76
ca48b929bd828bc9,2025-05-20,19:39:33,200.0,d87164cf11ac2fcd,2025,76
aac9007fb1bea253,2025-05-20,20:13:02,2784.6,965a36ff38b57fc5,2025,76
2360a9d069363b7d,2025-05-21,12:28:58,298.35,72c749a151559660,2025,76
c2fa1ad5ca884576,2025-05-21,15:20:31,397.8,c7a95719789de43c,2025,76
94128b4fe6856b8b,2025-05-21,16:21:56,397.8,26d7e307047a6b8e,2025,76
c2fe2f7c235758f4,2025-05-22,12:43:23,397.8,b7b3a6ae2c34ab9c,2025,76
00daecd8e6f8c7ba,2025-05-22,13:41:04,397.8,79fe3ceb26ef5bb5,2025,76
a3cf33c6932c07bf,2025-05-22,16:18:08,1889.55,ee76a760685f9a4a,2025,76
dfc7e44eedd78ab8,2025-05-22,16:28:00,795.6,1e7229b251e50a16,2025,76
ece52ffda730b5b9,2025-05-22,16:34:13,397.8,c7a95719789de43c,2025,76
a29a37ca717109ae,2025-05-22,17:32:21,397.8,d1be6d99604081e1,2025,76
11ceeabd7811ee1d,2025-05-22,17:38:29,200.0,56ae2849ccf76990,2025,76
11002b17c704791f,2025-05-22,19:26:26,397.8,bbee9e9f107df7b2,2025,76
c7738f71b69d5b5c,2025-05-22,20:56:17,397.8,bd88daaa45d94b0d,2025,76
9e0c13892d79e19a,2025-05-22,21:42:11,1093.95,13ef6aafa556cd37,2025,75
fabd7f20477e21e6,2025-05-23,11:53:19,100.0,072a79e35939849a,2025,75
642dd48d700083e7,2025-05-23,12:03:43,397.8,8f7bab0bff9ea304,2025,75
0d57f256b532e6a9,2025-05-23,12:49:40,200.0,3a41a1f4ea8a856d,2025,75
b7b1195b70654fc9,2025-05-23,13:10:05,795.6,e0167d9252253391,2025,75
a3726b1e0f821b56,2025-05-23,16:53:24,298.35,00ad0083a567f708,2025,75
6c5e84e86466341f,2025-05-23,16:58:22,200.0,95f67c749858649e,2025,75
66ed513cfbf3bdd0,2025-05-23,17:32:43,397.8,56207710f85602f5,2025,75
8bf6666a1bf622b6,2025-05-23,18:01:41,397.8,7f7341e2036f51a4,2025,75
e578f4d539dc0577,2025-05-23,18:12:04,397.8,497bb44d302ff79c,2025,75
4e74bf14c32031cc,2025-05-23,19:19:07,994.5,9068b9104725164c,2025,75
f2f34a831e478987,2025-05-23,20:28:42,1790.1,de9166bd32a089f2,2025,75
2217682b998eebc7,2025-05-24,12:02:32,397.8,e620ffa0cef961ee,2025,75
c6c514a0d3633062,2025-05-24,12:28:26,397.8,5d56a4e946e8a214,2025,75
6cc89e7d2e849da8,2025-05-24,12:41:41,397.8,d7fc4fdd5c3e9f66,2025,75
9185d38fae2704f3,2025-05-24,13:19:23,397.8,e0f76012361ff60c,2025,75
0f8552672f69c4c5,2025-05-24,13:43:02,200.0,252816cce102b391,2025,75
ad6452642a78308f,2025-05-24,15:37:15,397.8,0db97f2af0582af5,2025,75
3bfc3f1a3689df85,2025-05-24,15:40:50,397.8,45bcef3fb3f7086c,2025,75
5e90a086e33e9094,2025-05-24,15:42:49,200.0,cc93e32c701c0b4e,2025,75
95a76f572ae80b3a,2025-05-24,16:27:19,1093.95,8bb55ee260d7d193,2025,75
348010594114dba2,2025-05-24,17:09:55,397.8,ba20692fab0756b5,2025,75
ab07673971a73bd8,2025-05-24,18:17:17,497.25,8ab9426d9dacec4f,2025,75
f1d94223760c578a,2025-05-24,19:13:53,397.8,1933054b92df99da,2025,75
cb76f7e36496bf32,2025-05-24,20:10:24,397.8,7386f1db2998ff8b,2025,75
adf39052cbcce6a5,2025-05-24,20:59:08,397.8,186ce96da4727481,2025,75
2664b6ed18bc76e5,2025-05-25,15:10:12,200.0,ae34452aa8dedd6a,2025,74
cd4afa255ac6bc9b,2025-05-25,15:56:13,397.8,56ae2849ccf76990,2025,74
87ed5ef31723692a,2025-05-25,17:25:53,200.0,86b5c2458c15815b,2025,74
c2315adb7e1f433c,2025-05-26,12:37:37,200.0,58d6d524075d60d9,2025,74
cd2fad254c58ba63,2025-05-26,12:53:41,397.8,7e66cbb9145ed424,2025,74
98b7553ab1b7050e,2025-05-26,14:14:05,200.0,604ac63cc3cb40c2,2025,74
45ff023e89311d43,2025-05-26,14:44:17,397.8,f94533bb14d724e4,2025,74
a3300050b613b7e2,2025-05-26,15:28:43,994.5,23b9e86d05e7cb84,2025,74
6ed6b4de87070b40,2025-05-26,15:29:59,397.8,92045ea2e6fc1f30,2025,74
47a39672f62b134f,2025-05-26,17:10:14,397.8,38ba69e8511fd6bd,2025,74
d7d881ecac17de3e,2025-05-26,17:12:24,1292.85,5c429f69804e1557,2025,74
336a75ec3418722e,2025-05-26,18:11:47,200.0,391c69948d4c9b96,2025,74
597c4c54bcec42fc,2025-05-27,11:19:08,397.8,e2451e43ca3ebbbb,2025,74
b311b5535a9ef0e2,2025-05-27,11:32:56,397.8,835352043d49624a,2025,74
261d1551bb2629a1,2025-05-27,12:21:39,397.8,3a41a1f4ea8a856d,2025,74
291a792a3f696767,2025-05-27,14:31:29,397.8,c897b09d0d744b67,2025,74
676f8e08d8f1125d,2025-05-27,15:09:41,298.35,5e378bd3d1a36100,2025,74
e73dede4a21180bc,2025-05-27,18:58:07,397.8,d9f8c2d5b6737159,2025,74
bb067e71eef7afea,2025-05-27,19:06:45,397.8,5adf440e75459654,2025,74
14f285ae34752f66,2025-05-27,19:20:56,1690.65,36cd9c834179b144,2025,74
e3932cf7b2919a1f,2025-05-27,19:41:55,596.7,ec6f167287d2e6d3,2025,74
50eb73c56640807a,2025-05-27,20:21:57,397.8,ef948e13078d5ea5,2025,74
004f0a1c6679228d,2025-05-28,15:11:29,397.8,34c1fbbe4a6681a3,2025,74
3a6fb7aa97936ca3,2025-05-28,16:57:09,397.8,fd48be66bbd0319d,2025,74
723ad5b2acc79f49,2025-05-28,18:09:02,200.0,48d149b6d6280123,2025,73
bdb48e655c314ef5,2025-05-28,18:15:10,397.8,175ef0916604f418,2025,73
4166e625dcc9115a,2025-05-28,19:06:19,397.8,7c261e8c69dcad1b,2025,73
6958be46333312cf,2025-05-29,10:43:56,397.8,f99b200035fa422c,2025,73
d903e2f26b1c8b4e,2025-05-29,11:06:25,200.0,463c283a838fb1e7,2025,73
177cbf07156cdc4a,2025-05-29,13:52:51,994.5,bb08ab9050a28f44,2025,73
97bbe922abfa74da,2025-05-29,15:02:44,895.05,0eeb9d90b54355e8,2025,73
7d6d07a7b60824b9,2025-05-29,16:59:12,200.0,56ae2849ccf76990,2025,73
da4fa781c8cecc4e,2025-05-29,17:00:21,397.8,1e7229b251e50a16,2025,73
80ab38b71ade97ab,2025-05-29,17:12:26,696.15,2a8c5a3689edc05b,2025,73
7982f89e78e206b9,2025-05-30,09:59:43,298.35,00ad0083a567f708,2025,73
fcc3c786593cbdb6,2025-05-30,11:04:26,457.47,e620ffa0cef961ee,2025,73
b5df6751fc14ef08,2025-05-30,14:07:15,397.8,7f7341e2036f51a4,2025,73
3b03cdda1e373c2b,2025-05-30,15:44:41,397.8,bb6af2c7805567dd,2025,73
a772cedbd0f9ff95,2025-05-30,17:07:37,397.8,965a36ff38b57fc5,2025,73
d79d6f4d39275c99,2025-05-30,17:44:19,397.8,47eb0134ac5c29e9,2025,73
c2689a8481dfa0b2,2025-05-30,18:54:32,397.8,923d2804a2439c4e,2025,73
4fa654fab51ca9a6,2025-05-30,19:56:58,397.8,604ac63cc3cb40c2,2025,73
b54c9c0c2bb0b380,2025-05-30,20:01:35,397.8,ac69430bf347a68d,2025,73
fe6173cada8ec824,2025-05-30,20:21:05,735.93,965a36ff38b57fc5,2025,73
de30295dec255801,2025-05-30,20:25:31,397.8,58386ba93ab8c0f7,2025,73
ed1c79fdd1c2ac03,2025-05-31,10:42:36,795.6,13456a2467957ec5,2025,73
59043c78eb566751,2025-05-31,12:11:11,397.8,ef0c624b12bd7fb7,2025,73
610bfa459ff11680,2025-05-31,12:54:14,397.8,e8193510f2826d0d,2025,73
73bbcc4e61601a1e,2025-05-31,13:34:07,200.0,e0167d9252253391,2025,72
b879d2c731ec1dea,2025-05-31,17:07:41,397.8,59df3e0fda0e7812,2025,72
2ba4fdae78971f8f,2025-05-31,18:08:20,200.0,13652f2048bfb6c2,2025,72
690abf201dd997eb,2025-05-31,19:28:56,397.8,c7a95719789de43c,2025,72
fb19e34aed43b3dc,2025-05-31,20:20:25,200.0,53fcbbd8ba6f25b5,2025,72
2ac098905551dc37,2025-05-31,20:40:37,397.8,f19707e7feaab25f,2025,72
e13e3df566d258e8,2025-06-01,14:11:38,397.8,7e66cbb9145ed424,2025,72
d19cbbf4db46eee0,2025-06-01,14:37:20,397.8,074a0e5d8cde1acb,2025,72
7ea0adc7ce3cdd20,2025-06-01,14:43:00,397.8,27e46475ecaa7bd3,2025,72
daf30d0b1d32d2c5,2025-06-01,15:52:02,696.15,de9166bd32a089f2,2025,72
1af059bfbf9b51d3,2025-06-01,15:54:07,397.8,5523b938c96b7c6c,2025,72
6923600ff8331535,2025-06-01,16:57:08,200.0,979fb850c7160e13,2025,72
b1535c4305be4cdf,2025-06-01,17:09:13,397.8,56ae2849ccf76990,2025,72
592ceca300c9ccfb,2025-06-01,18:08:59,397.8,c78bafcf77a20947,2025,72
9640a8a4108005ad,2025-06-01,18:24:28,397.8,03dbccbc57561932,2025,72
2ddc0ce1be06052f,2025-06-01,18:59:54,397.8,04679a7c334756b6,2025,72
3a3d39096f9298f6,2025-06-01,19:26:31,497.25,03dbccbc57561932,2025,72
a425e29199e53011,2025-06-02,11:37:20,1292.85,55632175da0b5678,2025,72
a4c9bd82c8b97ad8,2025-06-02,11:41:42,397.8,e4151b99502b7125,2025,72
b0e4fd66495561d5,2025-06-02,12:24:23,200.0,95f67c749858649e,2025,72
064f6b6619215ff4,2025-06-02,13:02:29,397.8,e0f76012361ff60c,2025,72
d373870d6c90f92f,2025-06-02,14:03:59,994.5,4c3fc272e1c5b741,2025,72
5f55e592285fec14,2025-06-02,14:17:28,397.8,e38999a584324f7f,2025,72
6f62b497fe0b07ba,2025-06-02,16:46:56,397.8,45bcef3fb3f7086c,2025,72
03af53c326d9e9b3,2025-06-02,16:49:39,795.6,af14c71d7b44ac63,2025,71
ffe408e7a6998cba,2025-06-02,17:20:02,397.8,c61531689535e06e,2025,71
b99134f30ca9d1ed,2025-06-02,17:21:10,200.0,1112dd6a0a4f74a6,2025,71
cc3e773d8f992e4c,2025-06-02,17:34:56,596.7,00d0fece35ed14d1,2025,71
e519156a7ddfba07,2025-06-02,17:49:54,200.0,7c3dd579ae4c8a7b,2025,71
38e804a3f7860b38,2025-06-02,18:10:59,298.35,ca255a6adc4f739c,2025,71
2d043d5d0b3dfd75,2025-06-02,18:28:02,397.8,11bd00c8bf0ca16c,2025,71
79ddd697cbbc1ea5,2025-06-02,18:41:56,397.8,54662fb85f170172,2025,71
919eaf5c968d82d6,2025-06-02,18:54:57,397.8,4049490ab9ab316a,2025,71
a340122c8ca6369a,2025-06-02,18:56:51,397.8,a3f39a21834e8d2c,2025,71
66efda19a72fca6d,2025-06-02,19:12:57,397.8,f516803f65250ff4,2025,71
ba5a39599d3bc76e,2025-06-02,19:16:16,200.0,d35db10b795f1936,2025,71
44693e0468c1a8f4,2025-06-02,20:01:45,397.8,c814c4089916a5b3,2025,71
90c7daeea983b6f1,2025-06-03,15:10:24,397.8,463c283a838fb1e7,2025,71
94ebd68da6b10a2c,2025-06-03,17:31:35,397.8,7e1aec8e771b1336,2025,71
76593a648e19247a,2025-06-03,18:49:37,596.7,2b8127ced79bb18c,2025,71
229111bd4dd1cf8a,2025-06-03,19:11:36,397.8,d9f8c2d5b6737159,2025,71
2b7a40bc6c4c27e4,2025-06-03,19:18:20,397.8,4ecd6043f0f0cc2b,2025,71
0dfbfc4502b1c266,2025-06-03,19:43:55,397.8,35fc95cfdc08a809,2025,71
65816a37b1a6a65b,2025-06-04,10:19:25,397.8,9edef0a9aa1990a3,2025,71
9288dcb6f18e10a8,2025-06-04,11:12:07,994.5,dbcd045d65baef73,2025,71
d6dad84424f8f33f,2025-06-04,13:11:53,596.7,326a1a4339e6856d,2025,71
5f3c261746374484,2025-06-04,17:17:57,200.0,d6ae6eb08b38b89a,2025,71
78dd101e50668d05,2025-06-04,17:38:53,397.8,e677c9a6ff2d3353,2025,71
c2878f90c3fc30b8,2025-06-04,17:40:02,397.8,6a445ece70c5468a,2025,70
ec7aa0ebf2d8c024,2025-06-04,17:59:16,200.0,56ae2849ccf76990,2025,70
01e8f93b950be72a,2025-06-04,19:27:44,994.5,0e5ced7ee503503e,2025,70
d14c61fed5967d53,2025-06-04,20:24:55,397.8,f045f6b80fcaa81f,2025,70
a7eb4bf0947f85ab,2025-06-04,20:38:25,397.8,ddfc6c77ae9af5b5,2025,70
0dfe4f3d68aa2c55,2025-06-05,11:22:01,497.25,625f4c6aacf6fa4f,2025,70
65b48a30af077f34,2025-06-05,13:19:47,397.8,577656f89b0bd379,2025,70
e37a5432ec44961d,2025-06-05,13:20:35,397.8,1e7229b251e50a16,2025,70
f191f80626db7a8c,2025-06-05,13:52:36,397.8,9d625967374abf46,2025,70
64fe479713675e04,2025-06-05,14:03:01,397.8,3c4abdbd0838310d,2025,70
4acb9e7ed947c768,2025-06-05,14:25:28,596.7,03ff983af2a1fde0,2025,70
2037e95afab3af9f,2025-06-05,14:29:17,397.8,10ff5c9d46de0901,2025,70
0e70a397b399836f,2025-06-05,14:50:34,397.8,ab5ebb9c0c28f2ac,2025,70
2b47fbced99ee174,2025-06-05,15:38:00,397.8,d26f18a81b02d2da,2025,70
053a22156df0da01,2025-06-05,16:46:11,397.8,7715b91f954cece7,2025,70
ed80862555432223,2025-06-05,16:47:40,397.8,af14c71d7b44ac63,2025,70
82fd0a9b81cf9677,2025-06-05,17:04:16,397.8,29d37f0450cd4f23,2025,70
31d6694df99fde63,2025-06-05,18:08:30,397.8,0586f91583d98424,2025,70
872761efbc62bc3a,2025-06-05,18:32:52,397.8,6f9ffba5800fc7f9,2025,70
9b3fd985211edb40,2025-06-05,19:26:31,795.6,edc766c92dfe0546,2025,70
2f246f73e9478400,2025-06-06,10:42:26,497.25,52e8b214ba81d907,2025,70
0baad017794a1e74,2025-06-06,12:16:22,397.8,89e64150c114ef80,2025,70
fa91c2be1947687f,2025-06-06,12:18:45,1392.3,de9166bd32a089f2,2025,70
72167ceb0872c6ec,2025-06-06,15:06:57,397.8,7c540b98303edbb4,2025,70
eb80f5d7bf6f8fcc,2025-06-06,15:40:38,397.8,f948c0ccacf007d2,2025,70
94c6e70b6a9940f2,2025-06-06,16:37:40,397.8,bbee9e9f107df7b2,2025,70
9ca834d79c64c873,2025-06-06,16:59:07,298.35,8e8b400f4702c938,2025,70
507356e97174ee4b,2025-06-06,17:09:22,397.8,5fc14234735326f3,2025,69
51d142da33253bcc,2025-06-06,19:17:00,397.8,ccb8e8d57119f911,2025,69
ef73587fc273f23d,2025-06-06,20:07:19,397.8,9068b9104725164c,2025,69
406f482f1642938b,2025-06-06,20:13:47,497.25,42c8e9b74bd8adb6,2025,69
873c19ba9321ee5c,2025-06-07,09:54:00,298.35,cfb9a9b7aa45168d,2025,69
16b4b30d534c70a8,2025-06-07,12:18:11,397.8,e620ffa0cef961ee,2025,69
8ba3541df611ae51,2025-06-07,12:32:43,397.8,1773da2e182b8c0d,2025,69
b93001394fe2206e,2025-06-07,14:17:15,397.8,eb57efcec24b7e7d,2025,69
5da435ccf2bb14fe,2025-06-07,15:38:07,397.8,4c0073b13fc57fef,2025,69
f4c5491700fb1adb,2025-06-07,16:24:55,397.8,56ae2849ccf76990,2025,69
8b6a530b0425e30b,2025-06-07,16:31:12,397.8,bb08ab9050a28f44,2025,69
35678c29be804791,2025-06-07,18:41:25,397.8,7386f1db2998ff8b,2025,69
fa3bf0e65ff58b88,2025-06-07,20:04:54,397.8,1933054b92df99da,2025,69
18052e6db9a1223c,2025-06-08,14:38:00,397.8,d2b377bd63f7926b,2025,69
162b101b2eade9c9,2025-06-08,15:05:15,200.0,c17c775a93f5ee00,2025,69
5203bbf7e0824157,2025-06-08,15:20:23,397.8,92d5b941b3e96cce,2025,69
b1ebb17071af8598,2025-06-08,16:53:48,397.8,a41b18182529b6c0,2025,69
2611c24da90e56bc,2025-06-08,17:17:52,200.0,58d6d524075d60d9,2025,69
75c5e5e159eff0f5,2025-06-08,17:23:52,397.8,cad706b69f5c6ac2,2025,69
44dd1a149f578771,2025-06-08,18:17:49,397.8,7e66cbb9145ed424,2025,69
71d70f9e80e5a59b,2025-06-08,19:17:15,795.6,748b7dcfc42a4e48,2025,69
622cb7ee9559787e,2025-06-08,19:55:23,397.8,92045ea2e6fc1f30,2025,69
73b7916e92335247,2025-06-08,20:13:38,397.8,784f079600a87742,2025,69
e8682071d2f753de,2025-06-08,20:56:11,397.8,b7b3a6ae2c34ab9c,2025,69
9ef9a9a1d41606fd,2025-06-08,21:22:22,397.8,52279702d43d9f5b,2025,69
ddbd2c52be2fa3d9,2025-06-09,15:02:47,200.0,00ad0083a567f708,2025,68
eadb181348c25b06,2025-06-09,15:41:11,397.8,af4be46a346f44a7,2025,68
1823373a4902f02b,2025-06-09,16:27:13,397.8,cc7091122a424f85,2025,68
812d287cfe85ddd1,2025-06-09,18:52:28,397.8,1afa480227a13be6,2025,68
b7b0664ded218f68,2025-06-09,18:57:37,397.8,e38999a584324f7f,2025,68
e8c835e0adb4cb80,2025-06-09,19:22:35,200.0,79ad3111fff86f35,2025,68
b93abdce34994490,2025-06-10,10:23:15,397.8,5a44b1b2efef3375,2025,68
bad7e6b501d99e06,2025-06-10,12:42:53,397.8,7f7341e2036f51a4,2025,68
c1dbf4f18f7e444e,2025-06-10,14:04:52,895.05,b3e1147a03e43932,2025,68
bcdaeaad773abf47,2025-06-10,15:16:38,200.0,d6ae6eb08b38b89a,2025,68
702cfcfc761cfe8c,2025-06-10,17:10:21,497.25,77abb04635e75686,2025,68
ee32ec2dc70df498,2025-06-10,18:30:45,417.69,2a8c5a3689edc05b,2025,68
44de937e46ab812e,2025-06-10,19:05:00,397.8,041cae244455573e,2025,68
cc3f7f370dad3d50,2025-06-10,19:17:52,397.8,4ee0e1c6be182e43,2025,68
cea97d4e03f7a8d9,2025-06-11,14:44:42,397.8,22fc006d78e61c61,2025,68
95b15f0feef9ddab,2025-06-11,18:07:38,397.8,9fcf8eeb6a70d7df,2025,68
a60f1a851ed6441c,2025-06-11,18:56:05,200.0,d11836664c5bed90,2025,68
347ee54cdf779f81,2025-06-12,10:24:52,200.0,00ad0083a567f708,2025,68
4d903a745cc36a52,2025-06-12,12:54:01,200.0,840e7b31547f619e,2025,68
ba3a24a1c6b36adf,2025-06-12,13:10:42,397.8,e06579ade0163957,2025,68
222c8380d4fd0fa8,2025-06-12,13:54:02,895.05,638eb7539b16b29c,2025,68
f3ba719d9b954a1b,2025-06-12,16:58:19,397.8,da7a33129d78d734,2025,68
0ac08a377e551ca6,2025-06-12,17:49:34,200.0,e34b4d0dfd09f9a5,2025,68
836ce41a8eb53489,2025-06-12,18:03:37,397.8,8f233ed5ce938954,2025,67
aa81667901c1ccd9,2025-06-12,18:11:34,200.0,e34b4d0dfd09f9a5,2025,67
9533bd43393b535b,2025-06-12,20:04:00,994.5,7e1aec8e771b1336,2025,67
8639c639acdecba4,2025-06-12,20:28:50,397.8,d9f8c2d5b6737159,2025,67
f78ad7ef84d81b4d,2025-06-13,12:12:57,397.8,183c6f1c964f801c,2025,67
4578496ead9933b7,2025-06-13,13:11:09,397.8,555b18b791ccf7b4,2025,67
a3557c8790b410a3,2025-06-13,14:44:53,397.8,bb08ab9050a28f44,2025,67
d4e2940f73940d64,2025-06-13,15:00:05,397.8,6b286641a8f8a73a,2025,67
d51d8e53bf0fee79,2025-06-13,16:38:12,696.15,1c74810d4601f487,2025,67
8b663217653eecf0,2025-06-13,17:25:52,397.8,12dfa45b04d63838,2025,67
b036eaa7d5a5115f,2025-06-13,18:29:18,200.0,8e31976309671a4e,2025,67
ea4942bf1e3881ac,2025-06-13,19:45:58,397.8,1e0727db716a8910,2025,67
9218cdc76f018f8c,2025-06-13,20:30:31,397.8,8121e111a5f8a3d3,2025,67
40eb4f52171bf4d5,2025-06-14,12:09:13,397.8,e620ffa0cef961ee,2025,67
554b3fc4d3e09854,2025-06-14,12:49:08,200.0,7c721c65a9917845,2025,67
831bdb6835322a32,2025-06-14,13:05:47,298.35,6a4992bdd8f23ded,2025,67
c3c4434b7286a2a2,2025-06-14,13:41:50,397.8,f19707e7feaab25f,2025,67
2a0f2f22e5dd7591,2025-06-14,14:38:13,397.8,ba20692fab0756b5,2025,67
1f93a65088ab0f07,2025-06-14,15:01:32,596.7,38bf01b2b31e6c64,2025,67
c8c7e4d4b607983b,2025-06-14,15:29:39,397.8,f999441cdb10deed,2025,67
14389eaaa8d96310,2025-06-14,16:34:02,397.8,b9b9cd4822baf71b,2025,67
a5898ad04725f9ff,2025-06-14,17:13:40,397.8,909a95622e0c7ba0,2025,67
ff3f81b4767fa633,2025-06-14,17:32:33,397.8,e38999a584324f7f,2025,67
55a27d12760897d4,2025-06-14,17:38:39,1790.1,049ec8eb0a1aa611,2025,67
1732063b58780112,2025-06-14,17:44:09,397.8,56ae2849ccf76990,2025,66
763d52c11084f183,2025-06-14,17:59:46,397.8,19d8b75eef263d3f,2025,66
ad0e1ffc63d0addb,2025-06-14,18:00:54,397.8,424aa970b147f7be,2025,66
47c1d0231082d007,2025-06-14,18:11:59,200.0,13272d3c48d6a5a6,2025,66
560f17c9414d674c,2025-06-14,19:15:19,397.8,10c44203ecd9a83a,2025,66
e28521a34f778040,2025-06-14,19:26:31,895.05,d4ddc2d3a5b9caf1,2025,66
ecfef689d460cafa,2025-06-14,20:43:11,100.0,965a36ff38b57fc5,2025,66
1e70731f2fc377cf,2025-06-14,20:44:02,397.8,965a36ff38b57fc5,2025,66
00ed149a439e82d0,2025-06-15,15:05:38,298.35,af14c71d7b44ac63,2025,66
2f972aae21970899,2025-06-15,17:16:13,298.35,505bb2e4032b9c6d,2025,66
ecdc74af565c7984,2025-06-15,19:20:36,397.8,38ba69e8511fd6bd,2025,66
1855ccd9aff8498e,2025-06-15,19:40:38,497.25,1551723a46fb162a,2025,66
e1e6ab85cd2c56a9,2025-06-15,20:29:36,596.7,58386ba93ab8c0f7,2025,66
ba141dcf90063e43,2025-06-15,20:43:27,397.8,ac69430bf347a68d,2025,66
6d07223168c191e6,2025-06-16,11:19:34,397.8,fe0bdef270e5ee70,2025,66
e55aab562c29e0a4,2025-06-16,11:23:15,397.8,cac2e422ab8262d2,2025,66
9c025820cb40fdf9,2025-06-16,15:54:35,397.8,d6ae6eb08b38b89a,2025,66
5a1ce8d5fb4b479e,2025-06-16,17:10:56,397.8,7929a2c3dc52e08d,2025,66
6a328b4c04268f94,2025-06-16,18:15:12,696.15,abe4299fe2735277,2025,66
30ecebfddf9ee208,2025-06-16,18:58:54,1093.95,f516803f65250ff4,2025,66
8e987ceb2d48a61c,2025-06-16,19:33:22,497.25,42c8e9b74bd8adb6,2025,66
75dfa0dfd8b9eb60,2025-06-17,10:26:40,397.8,70e92e15ae852cf6,2025,66
ffc8e4566ce8bc02,2025-06-17,14:41:51,397.8,e0167d9252253391,2025,66
2cf019d568cc25ae,2025-06-17,15:06:05,397.8,7f7341e2036f51a4,2025,66
ee351ae53cb61edd,2025-06-17,17:04:59,397.8,7a7f1da0425da3ff,2025,66
9efd019a9058c454,2025-06-17,17:48:04,1989.0,4fd9d588f8744e18,2025,65
5c694f1a673d0cdc,2025-06-17,17:48:17,200.0,56ae2849ccf76990,2025,65
814f4412a58a398e,2025-06-17,18:56:12,397.8,6baf77fede13754d,2025,65
103dbcbefffeeb0e,2025-06-17,19:11:26,298.35,00ad0083a567f708,2025,65
5ab8cc5ce37f22e1,2025-06-17,20:11:17,1093.95,4da47086322482c1,2025,65
fea2f915788e02a0,2025-06-17,20:17:31,397.8,965a36ff38b57fc5,2025,65
26f8d069a5ebdbf6,2025-06-18,13:59:09,497.25,bc06b1f6f7ac5086,2025,65
f6f2f07ded16da6a,2025-06-18,15:19:31,397.8,00d0fece35ed14d1,2025,65
f2f92c7f75cef912,2025-06-18,16:12:15,1491.75,cc0f8f5a87711b74,2025,65
5b96dd02aa12a71c,2025-06-18,16:39:28,397.8,b06d9e99739ef58e,2025,65
98c128871fd46128,2025-06-19,11:13:44,397.8,809ddeafd8ed7d65,2025,65
14feca32d8fc6e8b,2025-06-19,12:00:44,397.8,7c261e8c69dcad1b,2025,65
5923f7fc5a39618a,2025-06-19,12:06:35,397.8,d1be6d99604081e1,2025,65
171a365b095284b7,2025-06-19,12:34:56,397.8,809ddeafd8ed7d65,2025,65
0d37492e36444441,2025-06-19,14:06:18,1093.95,183c6f1c964f801c,2025,65
29ff2a95c9677969,2025-06-19,14:37:52,397.8,1e7229b251e50a16,2025,65
634aa7a17e141209,2025-06-19,15:51:34,200.0,78956a74703e18ec,2025,65
8b8efb0a96a0b000,2025-06-19,15:53:51,200.0,32a34927c613586a,2025,65
ef92fcbb73c7e969,2025-06-19,16:41:57,397.8,22a6c37bd1bfbb75,2025,65
1ced91989de63f6a,2025-06-19,16:50:04,200.0,95f67c749858649e,2025,65
b8bc8203ba837c95,2025-06-19,18:06:29,397.8,ad462ac01134d087,2025,65
ac83a1ee56ed82a3,2025-06-19,18:41:15,397.8,007ffe348c01c7d6,2025,65
15a1a9e81d8df75c,2025-06-19,19:13:47,397.8,27e46475ecaa7bd3,2025,65
46164c3eb016f1fa,2025-06-19,19:32:24,397.8,1afa480227a13be6,2025,65
2e116bd4929ddad1,2025-06-19,20:00:31,397.8,d11836664c5bed90,2025,65
c008f41664efe3b3,2025-06-20,11:45:51,397.8,101eb4e2e7ba33d4,2025,65
32215b3700964bc5,2025-06-20,12:20:28,200.0,e0167d9252253391,2025,65
8255ef4e62a2a04b,2025-06-20,13:53:26,1193.4,d6ae6eb08b38b89a,2025,64
b26767c93b4136a1,2025-06-20,14:09:41,397.8,1933054b92df99da,2025,64
3d915a67de852755,2025-06-20,14:22:39,397.8,8d432a587fdd0a4d,2025,64
59ebfeb47311f539,2025-06-20,14:48:32,397.8,ed38253efb7b3222,2025,64
2d09e2502f420d1d,2025-06-20,15:41:20,397.8,b736de29e8a64381,2025,64
5e3082e2e3dfcc05,2025-06-20,18:52:44,397.8,8af5af2e08fb6b16,2025,64
d9a2288e7c659473,2025-06-20,19:23:53,2187.9,a550f0b2477d899b,2025,64
372e489c3a2f588c,2025-06-21,11:04:58,298.35,638eb7539b16b29c,2025,64
36d70c8a31775d84,2025-06-21,11:36:06,795.6,59df3e0fda0e7812,2025,64
e74ac152e67e5041,2025-06-21,12:32:13,397.8,bb08ab9050a28f44,2025,64
000fd770e7b9345f,2025-06-21,15:08:56,497.25,42c8e9b74bd8adb6,2025,64
f9be0cb027b52d85,2025-06-21,16:40:18,1093.95,049ec8eb0a1aa611,2025,64
3c0cf4fd18ffdf28,2025-06-21,16:46:28,397.8,af4be46a346f44a7,2025,64
858a971f34116ec8,2025-06-21,17:55:28,397.8,56ae2849ccf76990,2025,64
d81153e56247cf4b,2025-06-21,18:38:49,397.8,ec1d33ae5c344e2e,2025,64
193ccea6b2b54b65,2025-06-21,19:13:32,397.8,7e66cbb9145ed424,2025,64
342082923bc8e6fd,2025-06-21,19:39:00,397.8,d11836664c5bed90,2025,64
4761e4e51330c0c5,2025-06-22,14:20:18,397.8,e0f76012361ff60c,2025,64
b2be04120da233d2,2025-06-22,15:12:15,397.8,ef948e13078d5ea5,2025,64
6258365d730d40cb,2025-06-22,15:22:48,397.8,2327eecca46e6ad2,2025,64
a6d86ca36bee892c,2025-06-22,16:43:55,397.8,e06579ade0163957,2025,64
901b75e65c7e9c22,2025-06-22,17:06:49,397.8,38ba69e8511fd6bd,2025,64
03b7d44f7fe33b11,2025-06-22,17:38:10,397.8,50b00a49b5dfc632,2025,64
7b88a4be01dd4336,2025-06-22,17:45:58,397.8,c61531689535e06e,2025,64
95f7f4681c5563f3,2025-06-22,19:39:32,1093.95,d9f8c2d5b6737159,2025,64
582b1ea7a2fdb8fd,2025-06-22,20:29:17,397.8,ccb8e8d57119f911,2025,64
190fda31e39b3a04,2025-06-22,20:30:52,397.8,a1a91d975ed6478c,2025,64
41a8da3f49c4b1c7,2025-06-22,20:46:58,1392.3,965a36ff38b57fc5,2025,63
1bc86f28bc55ddcd,2025-06-23,13:20:02,397.8,e1cf444d361d1db5,2025,63
1dfb52971d9179a3,2025-06-23,17:26:47,397.8,d11836664c5bed90,2025,63
27fe3b636f12af69,2025-06-23,17:26:57,397.8,eb2f97ed71155f76,2025,63
98a64f478c7fb8a9,2025-06-23,18:16:41,795.6,809ddeafd8ed7d65,2025,63
629bf49d0bda0a9b,2025-06-23,18:35:08,397.8,072a79e35939849a,2025,63
8a32bf4c09c4c88a,2025-06-23,20:09:40,298.35,bb855c5fef98547f,2025,63
50bccb697f19e491,2025-06-24,11:56:45,795.6,2c0c6d4f927808a2,2025,63
9f889ed2ecc81c0b,2025-06-24,13:01:52,397.8,1c77ce0ab867c2a9,2025,63
8ec06945e21fc6d5,2025-06-24,13:43:50,397.8,26d7e307047a6b8e,2025,63
75a8c03bcf4c18a0,2025-06-24,15:12:21,397.8,33cb9da1c4de4e0f,2025,63
4d8e534adb39c10d,2025-06-24,16:15:04,248.62,2462531467bd30f8,2025,63
b9fcb40622d7be1a,2025-06-24,17:15:29,397.8,e2451e43ca3ebbbb,2025,63
c76cc8ab61a48ae0,2025-06-24,18:35:38,397.8,d11836664c5bed90,2025,63
343dabf8a6125c58,2025-06-24,18:56:53,397.8,f516803f65250ff4,2025,63
5eb4bfb15df31216,2025-06-25,13:54:31,497.25,de9166bd32a089f2,2025,63
cee97c8ba821cb4b,2025-06-25,15:21:34,200.0,56ae2849ccf76990,2025,63
b45a9338649322ce,2025-06-26,13:35:13,397.8,7f7341e2036f51a4,2025,63
eee9b9ea7ffc9b4c,2025-06-26,14:03:54,596.7,403001132e8ad543,2025,63
0d9ef5b5fb7d0ccf,2025-06-26,16:04:27,1989.0,ba20692fab0756b5,2025,63
c0cd912df6bcfbf2,2025-06-26,16:20:06,397.8,65422f42221e6ae2,2025,63
9e0cdaf8b1a4dfc2,2025-06-26,16:26:34,994.5,5c1b4f48b9ebe9e0,2025,63
b7267e193be0538e,2025-06-26,16:50:14,298.35,f8853c6e38124255,2025,63
802e7b606cd8b0e2,2025-06-26,17:30:45,100.0,d11836664c5bed90,2025,63
8c89e055b7228c55,2025-06-26,17:34:20,397.8,d26f18a81b02d2da,2025,63
b5c965aebddec794,2025-06-26,19:01:31,397.8,cac2e422ab8262d2,2025,63
6108d1199bb8da17,2025-06-26,19:19:30,397.8,b06d9e99739ef58e,2025,63
ff25fd8228ffc4d2,2025-06-26,19:32:11,397.8,acf9b40827660877,2025,62
f5e97c44507d5052,2025-06-26,19:46:31,397.8,e0f76012361ff60c,2025,62
40c40d23c67032fa,2025-06-26,21:05:33,795.6,d11836664c5bed90,2025,62
63b6a076f2a5eeaa,2025-06-27,11:05:25,200.0,391c69948d4c9b96,2025,62
37983fa8bf986587,2025-07-03,18:50:34,397.8,9d625967374abf46,2025,62
72a1f0e21342d0b5,2025-07-13,14:18:23,397.8,35fc95cfdc08a809,2025,62
588c7b542190f629,2025-07-13,14:49:49,397.8,ef948e13078d5ea5,2025,62
aed6ec416a664b7a,2025-07-13,15:06:13,397.8,c897b09d0d744b67,2025,62
63ba9eccb0af03b3,2025-07-13,17:06:53,397.8,27e46475ecaa7bd3,2025,62
1731a62b6c2141f6,2025-07-13,17:11:16,397.8,bd2d5b47b72cccf2,2025,62
40d9ed01e9c725a6,2025-07-13,17:56:45,497.25,5ebd6aba82bddc89,2025,62
295761325464d218,2025-07-13,18:16:50,200.0,58386ba93ab8c0f7,2025,62
3e6bb9ebca3c828a,2025-07-13,18:25:28,397.8,aae074fdf96fc63e,2025,62
479774f7ac18d8a3,2025-07-13,18:55:17,397.8,92875e353a5002f1,2025,62
be2c14a12c27dbb7,2025-07-14,11:20:40,497.25,705e73fa7f00ab6d,2025,62
9ddf05433e7ccb5a,2025-07-14,12:15:02,397.8,841ca2e2dc96a3a2,2025,62
2339c55b66f71c59,2025-07-14,12:24:41,397.8,805904c6c21fc2c5,2025,62
952d63366da640c4,2025-07-14,14:24:07,447.52,872c319eb8df196a,2025,62
e230b90badce0261,2025-07-14,17:05:52,397.8,d02b796930cddff5,2025,61
d6b647a336536608,2025-07-14,17:59:46,200.0,9bddb70ea20a54b1,2025,61
4f9cad882e1decc9,2025-07-14,18:53:59,397.8,497bb44d302ff79c,2025,61
be018240180b4bbf,2025-07-14,19:20:42,397.8,969769b65e3880a0,2025,61
f440ecceab951f68,2025-07-14,19:36:41,397.8,7386f1db2998ff8b,2025,61
845570aed66b0254,2025-07-14,20:06:42,298.35,0a5fb71e8d3edda1,2025,61
5a32955a4f853196,2025-07-15,13:03:01,397.8,79fe3ceb26ef5bb5,2025,61
25ad16ccf80b718f,2025-07-15,14:36:32,397.8,ab5ebb9c0c28f2ac,2025,61
2303720ba69b6623,2025-07-15,14:58:57,397.8,04679a7c334756b6,2025,61
3ef024794a5397a0,2025-07-15,17:35:48,397.8,5b09ccaff4d1a03e,2025,61
35dde4de5c227cc4,2025-07-16,12:10:11,895.05,809ddeafd8ed7d65,2025,61
986be1aa40357122,2025-07-16,14:26:56,397.8,5e4af170e1b2fcde,2025,61
40279fcb222375f6,2025-07-16,15:45:15,397.8,4b885df3774ad95f,2025,61
e59d9a86ddcf2c0e,2025-07-16,20:00:53,100.0,2dd006ef921ec442,2025,61
a87332b28790cf58,2025-07-16,20:01:45,100.0,e04025ce33a1c6f6,2025,61
4f9cceaa7e557adc,2025-07-16,20:12:06,100.0,5f369cff15cc1155,2025,61
5176fe85ea1b58b5,2025-07-17,11:20:28,397.8,eb57efcec24b7e7d,2025,61
e12f0e6ba0cba37a,2025-07-17,12:41:32,497.25,42c8e9b74bd8adb6,2025,61
6a55bbad02d38eef,2025-07-17,14:30:02,397.8,00d0fece35ed14d1,2025,61
27602b624415e108,2025-07-17,15:20:55,397.8,56ae2849ccf76990,2025,61
62720c50779af961,2025-07-17,16:02:02,397.8,7a7f1da0425da3ff,2025,61
ad7ab5845e08cd96,2025-07-17,16:53:03,397.8,f19707e7feaab25f,2025,61
f6565003f2fa6058,2025-07-17,18:21:44,397.8,9068b9104725164c,2025,61
6b497291a43dec71,2025-07-17,20:20:38,397.8,26d7e307047a6b8e,2025,61
e20bee787dd699ec,2025-07-17,20:33:07,397.8,0db97f2af0582af5,2025,61
784b8c43bc0a60c0,2025-07-18,14:53:14,1491.75,1c0444ba3845524c,2025,61
7b0451c2708f7eeb,2025-07-18,14:55:24,497.25,2327eecca46e6ad2,2025,61
b6c595f35ea32588,2025-07-18,15:45:51,200.0,e1cf444d361d1db5,2025,60
b4593f9b47e322e0,2025-07-18,16:20:43,397.8,7e66cbb9145ed424,2025,60
942c5677676926eb,2025-07-18,16:53:49,397.8,ab6cc6c89a759257,2025,60
4432e69ae3120fbf,2025-07-18,17:13:18,497.25,980622329380b024,2025,60
7c7dff26a2f0fab0,2025-07-18,18:20:46,397.8,12223fa5f3ed2483,2025,60
9b5d8779b309e128,2025-07-18,18:43:33,397.8,da7a33129d78d734,2025,60
962a9f959176a9ed,2025-07-18,19:25:39,397.8,58386ba93ab8c0f7,2025,60
14d05913a0824f54,2025-07-18,19:48:45,596.7,af14c71d7b44ac63,2025,60
5b87931c6e26991c,2025-07-18,20:04:42,1839.82,965a36ff38b57fc5,2025,60
aebbd00e6609344d,2025-07-19,10:56:30,497.25,a6b2eb3cfd04917c,2025,60
343e2d9a102375d9,2025-07-19,13:12:43,497.25,36cd9c834179b144,2025,60
6e8ce28cc40d8bd8,2025-07-19,13:19:59,397.8,d9f8c2d5b6737159,2025,60
fbcf432d12fa18e2,2025-07-19,15:05:24,397.8,4b885df3774ad95f,2025,60
97c7c63920de683f,2025-07-19,15:14:41,397.8,27e46475ecaa7bd3,2025,60
997d4f557f8a003b,2025-07-19,16:25:42,1491.75,85338419722fbecd,2025,60
ef7d74b11440c78c,2025-07-19,17:16:03,397.8,d6ae6eb08b38b89a,2025,60
0a4e971c11df50b3,2025-07-19,17:58:53,200.0,af14c71d7b44ac63,2025,60
08943c24d6e14c53,2025-07-19,18:12:43,397.8,8ab9426d9dacec4f,2025,60
7da10926aa5262a7,2025-07-19,18:23:31,497.25,049ec8eb0a1aa611,2025,60
e909d6686417ede6,2025-07-19,19:30:08,397.8,424aa970b147f7be,2025,60
d3894ed08115e0d8,2025-07-19,19:39:49,596.7,d11836664c5bed90,2025,60
b755f789f7496fe5,2025-07-20,16:06:08,795.6,007ffe348c01c7d6,2025,60
6c2c6ccb500d2604,2025-07-20,16:07:34,200.0,89e64150c114ef80,2025,60
a4889beccf8749f6,2025-07-20,17:00:29,397.8,56ae2849ccf76990,2025,60
fe1327e4f8cb7077,2025-07-20,17:45:51,397.8,11bd00c8bf0ca16c,2025,60
3ee275d80845f1cb,2025-07-20,18:19:52,397.8,ef948e13078d5ea5,2025,60
a66d75068a52998b,2025-07-20,18:58:28,397.8,cad706b69f5c6ac2,2025,60
28a1be06b577a8c4,2025-07-20,20:31:19,497.25,3cfbf03caea68e42,2025,59
50b73d98a70c7c24,2025-07-21,12:24:33,397.8,e0167d9252253391,2025,59
e7d483d8ee68ff9a,2025-07-21,14:01:12,397.8,92045ea2e6fc1f30,2025,59
9ab599bf1bdff1da,2025-07-21,17:42:55,298.35,d11836664c5bed90,2025,59
4539086e928c2d60,2025-07-21,17:43:43,696.15,d11836664c5bed90,2025,59
d670098c0c8a1eb6,2025-07-21,17:55:32,596.7,38bf01b2b31e6c64,2025,59
c80839220420d4d1,2025-07-21,18:30:57,397.8,b0c5373561ceecd6,2025,59
6529fb82e61b608a,2025-07-21,18:49:41,397.8,ba20692fab0756b5,2025,59
233f7074b2a37acf,2025-07-21,19:00:59,397.8,f516803f65250ff4,2025,59
ebd039d271581bd6,2025-07-22,13:15:06,397.8,bb08ab9050a28f44,2025,59
6b7bf61b1f628316,2025-07-22,13:33:22,397.8,7f7341e2036f51a4,2025,59
a17a9df494cc0ea0,2025-07-22,19:19:11,397.8,19d8b75eef263d3f,2025,59
2681235cacbb943f,2025-07-22,20:20:23,497.25,53c414baf30a6876,2025,59
3fe5d5180cee32a3,2025-07-23,14:00:56,397.8,e3556cdb0db48cc6,2025,59
df26f09faa065280,2025-07-23,15:06:02,397.8,d1be6d99604081e1,2025,59
2c62c8e874e72152,2025-07-23,15:47:20,200.0,d6ae6eb08b38b89a,2025,59
99c149a5f7a4e958,2025-07-23,16:13:14,200.0,42962c9d3fc8192a,2025,59
08f97dbdf79cee09,2025-07-23,18:14:01,994.5,f29900f6e4ae23e8,2025,59
c3c28c5e82f79531,2025-07-23,20:03:34,994.5,53c414baf30a6876,2025,59
9c0e4a9cbbc7fa85,2025-07-25,10:25:05,2486.25,11954a1042c86b47,2025,59
54c7ec5e768b694c,2025-07-25,13:51:12,200.0,675392b2e6e2c990,2025,58
65e3558eee94fa66,2025-07-25,15:57:30,397.8,da7a33129d78d734,2025,58
b8f6712f0d21889e,2025-07-25,16:57:34,1491.75,af14c71d7b44ac63,2025,58
facb30516128436b,2025-07-25,17:10:46,596.7,d11836664c5bed90,2025,58
7ca3893328e14c99,2025-07-25,18:29:02,497.25,d017c42451301049,2025,58
403849501f56ab33,2025-07-25,18:53:54,497.25,183c6f1c964f801c,2025,58
59420fe0398085c0,2025-07-26,11:32:20,397.8,e620ffa0cef961ee,2025,58
26ae4e9f2995edab,2025-07-26,13:24:41,397.8,1933054b92df99da,2025,58
c52d72c53607c0d1,2025-07-26,13:41:04,200.0,00d0fece35ed14d1,2025,58
e94238f9d6f433e3,2025-07-26,13:57:06,397.8,7e66cbb9145ed424,2025,58
de4b4fbbce02383e,2025-07-26,14:03:26,994.5,7aa9a25eb430dffc,2025,58
c589a046cf9401ae,2025-07-26,14:37:29,994.5,d11836664c5bed90,2025,58
37ec4e061c8a67e0,2025-07-26,15:04:47,397.8,3bd959e09b4c574f,2025,58
141803a1302c85a4,2025-07-26,15:18:50,397.8,dd78336d35d7e340,2025,58
5317ee5df2e7329c,2025-07-26,15:58:38,397.8,c61531689535e06e,2025,58
3325b057d07462ee,2025-07-26,16:08:52,248.62,7aa9a25eb430dffc,2025,58
42bb54542e10482f,2025-07-26,16:17:58,397.8,8dd03ccb1a269b87,2025,58
e3cdc1ca5f8c44e6,2025-07-26,16:26:57,298.35,9ed9ff08ff4403af,2025,58
6a8cedb08f7ce05d,2025-07-26,16:41:59,397.8,04679a7c334756b6,2025,58
2d3c0cf4c0008e4f,2025-07-26,17:22:14,397.8,f71ce8697844cbb8,2025,58
48d1101caefabe57,2025-07-26,17:40:22,397.8,3431fda559f83ef7,2025,58
4a02c2ea82a25437,2025-07-26,18:14:06,397.8,8ab9426d9dacec4f,2025,58
1b4a4561e947a648,2025-07-26,18:18:24,298.35,4fecb33a6a973198,2025,58
c56b88476a2e0a23,2025-07-26,18:22:40,200.0,4fecb33a6a973198,2025,58
1c971353b037782f,2025-07-26,19:44:39,497.25,42c8e9b74bd8adb6,2025,58
e78257cbb7f6afbf,2025-07-26,20:16:19,397.8,1037136caddf29d0,2025,58
39adeaa4dbf76a05,2025-07-27,14:30:37,200.0,a7b97e66b8270398,2025,58
67123dffb9af1f92,2025-07-27,17:13:33,397.8,9fcf8eeb6a70d7df,2025,57
77c906e64ef95b76,2025-07-27,18:20:39,397.8,56ae2849ccf76990,2025,57
145999d732cbc4a6,2025-07-27,18:44:47,397.8,38ba69e8511fd6bd,2025,57
3cb1121a0009eeb1,2025-07-27,19:05:39,895.05,5dc9a9775bc2ae3c,2025,57
46bec575c961a183,2025-07-28,11:44:30,200.0,42962c9d3fc8192a,2025,57
e9f78186614f0a8f,2025-07-28,14:40:48,397.8,7e1aec8e771b1336,2025,57
afb7facb8ec0b247,2025-07-28,16:07:37,696.15,965a36ff38b57fc5,2025,57
66e9c5147765b89a,2025-07-28,18:44:53,200.0,f516803f65250ff4,2025,57
e6ed7f1a2739969c,2025-07-28,19:04:31,397.8,19e7861497d8fb05,2025,57
78d0c2a0d48669f7,2025-07-28,19:14:55,397.8,969769b65e3880a0,2025,57
f3e536cfada929df,2025-07-28,19:15:26,397.8,d02b796930cddff5,2025,57
b47b37ede5e64358,2025-07-28,19:33:00,298.35,d11836664c5bed90,2025,57
aedcdec82f3e8a61,2025-07-28,19:55:40,200.0,fa68f06bbd6067e8,2025,57
67412568cb271778,2025-07-29,13:22:30,397.8,96e1904d49006a7c,2025,57
fd763fe2d807ab4b,2025-07-29,14:14:19,200.0,d6ae6eb08b38b89a,2025,57
06701fe063f27657,2025-07-29,16:51:26,1392.3,af14c71d7b44ac63,2025,57
d0811aeb6a0cb392,2025-07-29,17:19:02,397.8,605a4ae066294769,2025,57
2c545dac860f1fc5,2025-07-29,17:38:54,397.8,187610efefa24a2e,2025,57
a10cfb173047f49f,2025-07-29,18:20:52,397.8,186ce96da4727481,2025,57
3c48df8fea4942d6,2025-07-29,19:08:08,497.25,fcbcbc0bf3c1bf7a,2025,57
52e78a1bc6270656,2025-07-29,19:25:29,397.8,ddfc6c77ae9af5b5,2025,57
727e98d332aa5062,2025-07-29,19:30:22,497.25,af14c71d7b44ac63,2025,57
9c76a430d2bc802f,2025-07-29,19:46:49,397.8,d9f8c2d5b6737159,2025,57
58d8aa1effbb2c9d,2025-07-29,20:30:25,397.8,ed38253efb7b3222,2025,57
f518d1007cee54d3,2025-07-29,20:38:00,298.35,d11836664c5bed90,2025,57
33fe50051a1df7c7,2025-07-30,14:03:12,497.25,12dfa45b04d63838,2025,56
5ee0d23840fd22df,2025-07-30,17:57:45,397.8,c05535785dbfb3e0,2025,56
268cea647d10cb52,2025-07-30,18:25:56,100.0,75a6e98c68c1526f,2025,56
6cc278ed1ca5fa86,2025-07-30,19:39:43,2287.35,965a36ff38b57fc5,2025,56
801b7bb57e0727de,2025-07-30,20:18:42,397.8,cac2e422ab8262d2,2025,56
fda4e2fa866de143,2025-07-30,20:44:06,298.35,207691bbcd4a4253,2025,56
90162c5cb2c7be2f,2025-07-31,11:55:03,200.0,0c33a565c6d1cb84,2025,56
9603190b0be5ff45,2025-07-31,13:52:49,696.15,e3556cdb0db48cc6,2025,56
c4588597d3ad073c,2025-07-31,14:13:15,497.25,0c56e804044060f9,2025,56
1aff8ca861fc1f7f,2025-07-31,14:27:59,397.8,b7be2a45ed555292,2025,56
2fda137d56e41d3b,2025-07-31,16:37:08,397.8,58386ba93ab8c0f7,2025,56
80185bb61a2f3756,2025-07-31,18:04:03,397.8,7f7341e2036f51a4,2025,56
b1e1009fcd46f346,2025-07-31,19:05:59,397.8,81b98a43b568fdcf,2025,56
169b693e4e786ab4,2025-07-31,19:17:07,50.0,8310c6d19fb6f432,2025,56
0a23a8730c0dd41a,2025-07-31,19:22:30,397.8,8ab9426d9dacec4f,2025,56
5b7fec5fadc2ed5a,2025-07-31,20:10:49,397.8,c897b09d0d744b67,2025,56
99b52321982aebfc,2025-08-01,12:53:22,397.8,0fd8627fddb6aab1,2025,55
34b3f3c5a622e3cb,2025-08-01,14:27:06,397.8,bb08ab9050a28f44,2025,55
4fa5676bc0187213,2025-08-01,17:18:04,497.25,a2f0cff47c5f0d77,2025,55
c26c897d73701f8d,2025-08-01,17:40:01,200.0,4b885df3774ad95f,2025,55
3fffac4582f2a34b,2025-08-01,18:02:32,994.5,5c1b4f48b9ebe9e0,2025,55
072adb8ce4efa148,2025-08-01,18:10:39,397.8,5523b938c96b7c6c,2025,55
c27dfe5dc577315b,2025-08-01,18:11:59,200.0,3a2b9fcbf007abed,2025,55
60450ce39cde1635,2025-08-01,18:16:28,298.35,e22e896f3768f61b,2025,55
b0d73fbd6afb5328,2025-08-01,18:43:59,200.0,d87164cf11ac2fcd,2025,55
320df10899815be6,2025-08-01,18:51:08,497.25,049ec8eb0a1aa611,2025,55
3cbff6d0b9e31992,2025-08-01,20:31:43,200.0,391c69948d4c9b96,2025,55
4a50b28645b1a033,2025-08-02,10:31:11,397.8,186ce96da4727481,2025,55
f859b0cbee41629d,2025-08-02,12:17:44,397.8,7386f1db2998ff8b,2025,55
ff5eec9c1555e974,2025-08-02,13:07:29,397.8,56ae2849ccf76990,2025,55
d604aee848ff7e33,2025-08-02,15:31:26,397.8,56207710f85602f5,2025,55
52aca024920c25bd,2025-08-02,15:50:22,397.8,175ef0916604f418,2025,55
9e4b85fd75099ff6,2025-08-02,17:24:33,397.8,3cd6178d79301f52,2025,55
c319fa1e72ba2e85,2025-08-02,17:50:08,497.25,42c8e9b74bd8adb6,2025,55
f859846ae012351c,2025-08-02,18:15:18,397.8,3d1610cf08e87a83,2025,55
3a70791fea2f141b,2025-08-02,18:18:57,298.35,d11836664c5bed90,2025,55
556474656b9ab6d1,2025-08-02,19:16:49,298.35,1a2979ebf88307a4,2025,55
b846e9bc7905de16,2025-08-02,19:22:56,397.8,d11836664c5bed90,2025,55
5654717ed9beb550,2025-08-02,19:55:00,994.5,af14c71d7b44ac63,2025,55
dc33fac8c48a82fd,2025-08-03,13:52:39,397.8,404296136f94e696,2025,55
a6760a7f350611ed,2025-08-03,16:18:06,200.0,fec6e0668ea5de41,2025,55
f9424fd982da36a5,2025-08-03,16:33:29,397.8,38ba69e8511fd6bd,2025,55
7dc5f477829eb591,2025-08-03,17:15:50,497.25,03dbccbc57561932,2025,55
15427edba936e08e,2025-08-03,18:53:08,397.8,f19707e7feaab25f,2025,54
d89b9547e360f592,2025-08-03,19:18:32,397.8,35fc95cfdc08a809,2025,54
ae0c3f7ee7e76d5a,2025-08-03,19:59:36,497.25,ecf18a8268024721,2025,54
34e23b3bc27cd2b4,2025-08-03,20:25:10,397.8,ef0c624b12bd7fb7,2025,54
99937fae713fb4cb,2025-08-04,10:30:02,150.0,b0627163d4475061,2025,54
15596fa82f42cdb5,2025-08-04,12:24:29,895.05,8a4d9b9aced84765,2025,54
b176e8abc9cc4d42,2025-08-04,14:04:04,397.8,00d0fece35ed14d1,2025,54
1eba3d3f5a093662,2025-08-04,14:35:11,497.25,8e7de0424b6e48b5,2025,54
92a371eab9be1e58,2025-08-04,14:47:54,200.0,60d93c7ef514b250,2025,54
84ffe70bebd08c38,2025-08-04,17:22:15,397.8,6a4e82eafdc1279e,2025,54
025911706705ab56,2025-08-04,17:45:27,497.25,c66ff8d3cc5f9cb1,2025,54
ebcece8aae9191ac,2025-08-04,19:06:52,1193.4,af14c71d7b44ac63,2025,54
fcf68fa1e83db36b,2025-08-04,19:43:40,397.8,577656f89b0bd379,2025,54
d93a64640f152d77,2025-08-04,19:50:00,397.8,f516803f65250ff4,2025,54
d619df2db0b1bcd0,2025-08-05,13:34:40,397.8,809ddeafd8ed7d65,2025,54
e700f9c10c5ad5dd,2025-08-05,14:27:26,994.5,5dc9a9775bc2ae3c,2025,54
07ce2717cd9e674d,2025-08-05,17:24:34,298.35,0f8310c637b40a37,2025,54
4fc45e57cbbd9f71,2025-08-05,20:41:29,397.8,809ddeafd8ed7d65,2025,54
0de8756608211437,2025-08-06,14:47:40,397.8,9068b9104725164c,2025,54
588ce514602fd0bd,2025-08-06,17:39:34,397.8,8af5af2e08fb6b16,2025,54
b7367dfffab26ac3,2025-08-06,19:30:24,397.8,ef948e13078d5ea5,2025,53
867d6d94be32a72c,2025-08-06,21:14:01,497.25,8671e400ac3409a9,2025,53
21182ee31a83fb37,2025-08-07,11:47:21,497.25,23428f2beb1513f3,2025,53
66bafff27eed850e,2025-08-07,13:15:46,397.8,04679a7c334756b6,2025,53
872756058232ab20,2025-08-07,14:44:57,397.8,73afb8d06cefa990,2025,53
32b83f13e91166c8,2025-08-07,16:02:21,1093.95,af14c71d7b44ac63,2025,53
8f8aa2d6b21389e7,2025-08-07,17:26:12,298.35,7334565f9040a95d,2025,53
5c1e62ae4e142a4b,2025-08-07,18:45:36,200.0,56ae2849ccf76990,2025,53
5acce660ee836f6c,2025-08-07,18:55:01,1491.75,434f064cbb03b2cb,2025,53
d9489d39cdf0977a,2025-08-07,19:32:44,397.8,da7a33129d78d734,2025,53
2b0c78afda11209c,2025-08-07,19:36:17,200.0,d11836664c5bed90,2025,53
cd6d94a8dfd84fdf,2025-08-07,20:19:16,200.0,fa68f06bbd6067e8,2025,53
9804a6073efcfdcd,2025-08-08,12:18:11,397.8,2327eecca46e6ad2,2025,53
77897cb637eba49b,2025-08-08,13:31:16,397.8,59df3e0fda0e7812,2025,53
90e4b3caa3420aff,2025-08-08,14:44:59,497.25,6fa70ca83ee4e880,2025,53
48721cd8c14841e2,2025-08-08,16:59:32,1790.1,a8608bba0760d9e0,2025,53
36948f87952ec15d,2025-08-08,18:27:14,1093.95,e677c9a6ff2d3353,2025,53
9b05bc0c13196574,2025-08-08,19:10:45,200.0,d11836664c5bed90,2025,53
fe1f3cfffba44f54,2025-08-08,19:11:21,298.35,d11836664c5bed90,2025,53
ebcb441e0e5eb8fa,2025-08-08,19:51:50,397.8,7f7341e2036f51a4,2025,53
74fd57c4d32a5e9e,2025-08-09,12:32:05,397.8,cad706b69f5c6ac2,2025,53
e1371dcfc2f3fb54,2025-08-09,13:47:54,497.25,61799dab7d05476b,2025,53
48fa8f70b8094da5,2025-08-09,15:56:55,1690.65,10dac2e388860367,2025,53
0b8488bf23f89ac1,2025-08-09,16:26:48,200.0,8fd08f132a96a47f,2025,53
b8a9caeb91dcf3b0,2025-08-09,16:54:07,1093.95,049ec8eb0a1aa611,2025,53
fdeffbf4d69524ec,2025-08-09,17:30:38,497.25,36cd9c834179b144,2025,53
ef8f38a6193fa950,2025-08-09,17:40:17,397.8,63d941c8e810d787,2025,53
b2ddb0e92fbe86f8,2025-08-09,19:48:46,348.07,8e31976309671a4e,2025,52
11f1b572bf9f0c4d,2025-08-09,20:01:01,397.8,d2b377bd63f7926b,2025,52
5d45e9f0b3468ced,2025-08-09,20:33:25,397.8,31caab83991e0f22,2025,52
3500f01e7f98646b,2025-08-10,13:55:49,397.8,72c749a151559660,2025,52
62daedd1c90d91c1,2025-08-10,15:02:39,397.8,c17c775a93f5ee00,2025,52
65e29e03c61dabdf,2025-08-10,15:51:05,994.5,42daeeb2a2eb6cfc,2025,52
96d317ae01c9ebe1,2025-08-10,15:57:03,397.8,,2025,52
7568fbf9ea0829cc,2025-08-10,18:09:32,397.8,56ae2849ccf76990,2025,52
063a3d1595fca85d,2025-08-10,18:16:10,298.35,7390f36bc8a7788d,2025,52
7b150278c8809e8d,2025-08-10,19:36:40,397.8,c814c4089916a5b3,2025,52
1144e5cc9c2656f9,2025-08-11,13:03:37,397.8,aedbc65f2abfa555,2025,52
666d1cb5045fd083,2025-08-11,13:39:43,397.8,ed38253efb7b3222,2025,52
fba27ff190be3c72,2025-08-11,17:35:26,397.8,dedda245251748f5,2025,52
f54f3cd6bed0e988,2025-08-11,18:14:09,397.8,5b09ccaff4d1a03e,2025,52
f759fbcec5b268f2,2025-08-11,18:26:14,298.35,73574e3696a95ef2,2025,52
fa1a0c588126db4e,2025-08-11,18:38:54,200.0,f516803f65250ff4,2025,52
228fb7c08d277e0e,2025-08-11,19:30:05,397.8,7e66cbb9145ed424,2025,52
24933758e0521004,2025-08-12,12:06:59,397.8,8d432a587fdd0a4d,2025,52
5fa1caef0e86309a,2025-08-12,15:52:13,298.35,5573a851aedc5368,2025,52
c252bbceea3eaee7,2025-08-12,16:45:33,298.35,d7b40093899ebf5f,2025,52
f10004d7a6f0a623,2025-08-12,20:17:10,497.25,af4be46a346f44a7,2025,52
cde1cca5a0985f01,2025-08-13,12:37:50,497.25,1a872959a6bd5637,2025,52
347aef15259f1068,2025-08-13,16:04:59,497.25,183c6f1c964f801c,2025,52
4551c39b3a8236c3,2025-08-13,16:27:34,696.15,4b885df3774ad95f,2025,52
762a383bcdd6a81e,2025-08-13,17:05:56,200.0,fa68f06bbd6067e8,2025,52
afea527792ce43a0,2025-08-13,17:55:58,895.05,809ddeafd8ed7d65,2025,52
61b025164a5ab7e4,2025-08-13,18:07:28,596.7,8ff64ab75b18502c,2025,52
bfdcc37d48302e84,2025-08-14,13:12:20,200.0,d1be6d99604081e1,2025,51
ee73ae941d5d0724,2025-08-14,13:24:36,200.0,d11836664c5bed90,2025,51
b023b0b09bb7e741,2025-08-14,13:38:48,1193.4,e985a5456f981af9,2025,51
50148abb74020a25,2025-08-14,14:14:50,298.35,219f3eb095da1434,2025,51
a1839629f532719e,2025-08-14,14:16:58,497.25,9751a059ffca9abc,2025,51
e1899100769c3ad5,2025-08-14,14:28:10,397.8,ede2c43c89e02794,2025,51
ec7a88557dc0656f,2025-08-14,15:10:59,397.8,5fc14234735326f3,2025,51
d36095fa301e7a09,2025-08-14,16:22:26,397.8,430ccd4d58285c31,2025,51
b12c5665fdaee47b,2025-08-14,17:44:21,397.8,e7f3bc23f2f8ea7c,2025,51
5067fce1eca98bb0,2025-08-14,18:32:16,795.6,007ffe348c01c7d6,2025,51
c25c81efa92248d6,2025-08-14,19:15:11,397.8,d26f18a81b02d2da,2025,51
e905cbb2d67342dd,2025-08-14,19:32:15,397.8,af599ee0073c1148,2025,51
66f04688a124d294,2025-08-14,19:41:14,248.62,af14c71d7b44ac63,2025,51
bcf8e55f2f528d0c,2025-08-14,20:05:39,397.8,58386ba93ab8c0f7,2025,51
8dfca6d4ea0df3c4,2025-08-14,21:05:30,397.8,5e378bd3d1a36100,2025,51
0c74e2b18baad3f6,2025-08-15,11:41:19,397.8,701397aa4ccd3458,2025,51
d087cc5fe213fa50,2025-08-15,12:42:49,298.35,99496dc87b25f342,2025,51
d892e3a60af7e6ff,2025-08-15,14:27:09,397.8,19e7861497d8fb05,2025,51
31ddc0eecf0dda63,2025-08-15,16:45:15,397.8,075071b0b1580f70,2025,51
67357a4ef5835e2c,2025-08-15,17:27:00,397.8,e06579ade0163957,2025,51
0e6b9f3d4db9571c,2025-08-15,18:01:50,397.8,b75e01938ed9b279,2025,51
9da5b3ec3abc74b4,2025-08-15,19:12:58,397.8,4b885df3774ad95f,2025,51
a2a4bccb32ebdf99,2025-08-15,19:16:45,397.8,497bb44d302ff79c,2025,51
1557f714f6374851,2025-08-15,19:24:36,298.35,2d550d4ce27616c6,2025,50
a4a206798b296287,2025-08-15,19:26:25,397.8,ca0c1e245f5455c9,2025,50
3d8e743c90dbb20d,2025-08-16,14:00:32,397.8,43b74658756c94da,2025,50
2f81029e38e92493,2025-08-16,14:22:48,200.0,e0f76012361ff60c,2025,50
3233510e154ae319,2025-08-16,14:33:24,397.8,2dd006ef921ec442,2025,50
03f2bfd735910f32,2025-08-16,14:55:37,397.8,73f6f78854da49fa,2025,50
ac202dbfd4ce58ca,2025-08-16,15:21:26,298.35,cdb865c33975dd35,2025,50
ddfe194216b59a5b,2025-08-16,17:56:37,397.8,f19707e7feaab25f,2025,50
bc8ae543eac02e07,2025-08-16,17:58:21,397.8,af14c71d7b44ac63,2025,50
1ad3ad707c66bb55,2025-08-16,18:14:59,497.25,,2025,50
5534180b28f6eafb,2025-08-16,18:34:01,397.8,4c0073b13fc57fef,2025,50
b37d69dda0d0b294,2025-08-17,14:48:36,200.0,56ae2849ccf76990,2025,50
a5ec0cd1907fa93e,2025-08-17,15:21:09,596.7,2327eecca46e6ad2,2025,50
c4ba916eb2c4f97c,2025-08-17,17:19:19,497.25,af4be46a346f44a7,2025,50
ea342ba964efb8f2,2025-08-17,17:50:19,497.25,fa87d6c541a46233,2025,50
10f04818b69b205e,2025-08-17,18:28:30,200.0,86b5c2458c15815b,2025,50
9884f32a1055bd98,2025-08-18,12:28:04,397.8,a3f39a21834e8d2c,2025,50
10bfc1146b327626,2025-08-18,16:01:03,397.8,ab5ebb9c0c28f2ac,2025,50
6a531823c7743b19,2025-08-18,18:09:58,200.0,38ba69e8511fd6bd,2025,50
1097e785fad5766a,2025-08-18,19:03:44,397.8,7e1aec8e771b1336,2025,50
1da1963a33f3bcb9,2025-08-19,10:27:16,397.8,64f0d38d882fa56b,2025,50
95b6f25c64a0e2a5,2025-08-19,11:16:18,397.8,965a36ff38b57fc5,2025,50
fe7988c1103a11ec,2025-08-19,13:55:17,397.8,809ddeafd8ed7d65,2025,49
0c0a1d6e6d8257aa,2025-08-19,14:37:42,1392.3,af14c71d7b44ac63,2025,49
7f48be69511197ab,2025-08-19,14:50:00,397.8,d1be6d99604081e1,2025,49
3a791d67b44fb76f,2025-08-19,15:58:40,397.8,424aa970b147f7be,2025,49
ac3015eb04cef5ae,2025-08-19,17:24:39,200.0,f60edc266c29b267,2025,49
b906766a761a8363,2025-08-19,17:32:46,397.8,ba20692fab0756b5,2025,49
99dff7cd8ee51e0a,2025-08-19,18:07:06,397.8,809ddeafd8ed7d65,2025,49
31c9da700a4324fb,2025-08-19,18:25:55,397.8,af14c71d7b44ac63,2025,49
4ebc0d8e10afd014,2025-08-19,18:47:30,397.8,497bb44d302ff79c,2025,49
baa86c7e0de9ac21,2025-08-19,18:48:36,397.8,d9f8c2d5b6737159,2025,49
9205db37d3967b6f,2025-08-19,19:13:39,397.8,04679a7c334756b6,2025,49
dd4e6f4622121908,2025-08-20,15:44:54,397.8,9edef0a9aa1990a3,2025,49
fad0af0e314da57a,2025-08-20,15:48:34,397.8,809ddeafd8ed7d65,2025,49
c525d463cf4a5341,2025-08-20,17:44:03,397.8,a6b2eb3cfd04917c,2025,49
f2fa75b8c9f4aac2,2025-08-20,18:11:37,596.7,f8fc5c9afb7ae389,2025,49
61e8c3dfecdf326a,2025-08-20,18:34:00,397.8,1afa480227a13be6,2025,49
cc2792df300d5e7b,2025-08-20,19:34:32,397.8,809ddeafd8ed7d65,2025,49
f4e024225f4a2c37,2025-08-21,12:11:59,397.8,3a41a1f4ea8a856d,2025,49
019d05a082e765ff,2025-08-21,14:42:37,497.25,cac2e422ab8262d2,2025,49
866a10f5e6668323,2025-08-21,14:48:31,994.5,4b885df3774ad95f,2025,49
a689f74850d14808,2025-08-21,15:38:32,397.8,f94533bb14d724e4,2025,49
90c57dc71db84ece,2025-08-21,16:47:01,397.8,da7a33129d78d734,2025,49
3d232d1b074382c0,2025-08-21,17:19:12,497.25,42c8e9b74bd8adb6,2025,49
7d1640290f5ca06b,2025-08-21,18:25:10,497.25,0d59bfa068e789d4,2025,49
aad0f4ad4b096457,2025-08-21,18:50:23,397.8,af14c71d7b44ac63,2025,49
b37729eed56748f4,2025-08-21,20:31:16,497.25,3fda009c6aad1ae7,2025,49
8c8ce0d5ceb28931,2025-08-22,11:16:40,200.0,447a9b82eaf894aa,2025,49
a470746fe3de042e,2025-08-22,12:29:27,497.25,0ac520d55ee4a16b,2025,48
513b9b491d3739e9,2025-08-22,12:51:20,397.8,af14c71d7b44ac63,2025,48
3db2be445d921674,2025-08-22,13:05:33,497.25,eeea7e4d5586968c,2025,48
13964d269c153f79,2025-08-22,13:10:38,397.8,a41b18182529b6c0,2025,48
b5cd37d68677bb8b,2025-08-22,15:29:09,397.8,736f6ebe82f6818f,2025,48
2ac37bb0fafb650d,2025-08-22,15:40:14,2287.35,af14c71d7b44ac63,2025,48
160c870c0fbf01d3,2025-08-22,15:53:06,200.0,af14c71d7b44ac63,2025,48
24b3b9a22e7b78c0,2025-08-22,17:26:23,397.8,56ae2849ccf76990,2025,48
aa791b5cb13897f9,2025-08-22,17:35:35,298.35,bb6af2c7805567dd,2025,48
93a58d9aba3386a9,2025-08-22,18:37:08,298.35,3a2b9fcbf007abed,2025,48
1ca99e75709c8aac,2025-08-22,20:10:15,397.8,04461b7b1457a80b,2025,48
ebf9b5f23b3da491,2025-08-22,20:45:10,497.25,183c6f1c964f801c,2025,48
98fb3a9bdd128cf1,2025-08-22,20:59:23,298.35,af14c71d7b44ac63,2025,48
2ec1c3f5c2d29233,2025-08-23,11:33:37,200.0,4f8d072da6005e9b,2025,48
dedf79080ac82499,2025-08-23,12:22:03,397.8,1933054b92df99da,2025,48
838709781f8ef9a1,2025-08-23,12:38:36,397.8,dfa7591e194c63f2,2025,48
abdf1dc43b312830,2025-08-23,13:57:26,895.05,1170e7bafb3771b4,2025,48
a4fc3ee1cf1299c4,2025-08-23,14:27:36,298.35,6ec554cf3dcba8fd,2025,48
9854f67c187ac172,2025-08-23,14:40:33,397.8,809ddeafd8ed7d65,2025,48
230a93be390582a6,2025-08-23,15:29:41,1491.75,8e7de0424b6e48b5,2025,48
9a294a7817c1ce8a,2025-08-23,15:32:55,497.25,e4151b99502b7125,2025,48
f07455d46baaed2f,2025-08-23,16:33:33,1193.4,049ec8eb0a1aa611,2025,48
8d73aad719dfe773,2025-08-23,18:19:43,298.35,5e378bd3d1a36100,2025,48
74d49d99fbe2df1c,2025-08-23,18:20:19,994.5,af14c71d7b44ac63,2025,48
f47caa714f8ee725,2025-08-24,11:40:49,298.35,6e03d8368b2b3673,2025,48
b567d64b371b16b7,2025-08-24,13:06:34,397.8,c897b09d0d744b67,2025,48
aae7298762abb37c,2025-08-24,14:23:37,397.8,ef948e13078d5ea5,2025,48
9a69dab7093c4638,2025-08-24,15:12:24,200.0,8c4e96019d4a4f9b,2025,47
d2fb4a5d132525cb,2025-08-24,15:37:13,397.8,ab6cc6c89a759257,2025,47
0a2fe6f78fbb5492,2025-08-24,15:59:15,1093.95,42daeeb2a2eb6cfc,2025,47
d81d8b094a299628,2025-08-24,16:35:49,200.0,d6ae6eb08b38b89a,2025,47
2f9c3e0f4e72cce9,2025-08-24,16:38:18,397.8,e0f76012361ff60c,2025,47
8bd6742d82331d0f,2025-08-24,16:47:32,397.8,9f3d1aa180e05be0,2025,47
f041e691aac4c30a,2025-08-24,17:18:04,994.5,d11836664c5bed90,2025,47
d19efe7593c45235,2025-08-24,17:47:00,397.8,c61531689535e06e,2025,47
d3c1b1a91838cbb6,2025-08-24,18:28:29,298.35,809ddeafd8ed7d65,2025,47
113926b2ef91f6f3,2025-08-24,19:55:31,397.8,7e66cbb9145ed424,2025,47
34e2becb25286c92,2025-08-24,20:39:03,696.15,03dbccbc57561932,2025,47
84975acb603e5104,2025-08-25,12:52:13,298.35,af14c71d7b44ac63,2025,47
506c64c0926f1c99,2025-08-25,13:44:42,397.8,92d5b941b3e96cce,2025,47
5c9dffe0308a4f5a,2025-08-25,13:45:26,298.35,7334565f9040a95d,2025,47
e85f6ede8d37ea34,2025-08-25,14:03:36,696.15,af14c71d7b44ac63,2025,47
675a2fa2ba2c0681,2025-08-25,15:18:15,200.0,979fb850c7160e13,2025,47
e038fe4241cf052a,2025-08-25,15:40:25,200.0,dc9f9d8e086d1326,2025,47
47cc02da316a07b1,2025-08-25,15:50:18,397.8,7386f1db2998ff8b,2025,47
dddb207ec9b476dc,2025-08-25,16:56:48,200.0,cc93e32c701c0b4e,2025,47
c5f1cb8c3810253d,2025-08-25,16:57:54,596.7,00d0fece35ed14d1,2025,47
10909a0551b05d28,2025-08-25,18:21:11,397.8,5583d4754815a72c,2025,47
93fe7249b23a3395,2025-08-25,18:46:49,397.8,809ddeafd8ed7d65,2025,47
0e9271df67aa0a9f,2025-08-25,19:09:45,397.8,0586f91583d98424,2025,47
93023d3ce9e17902,2025-08-25,19:56:01,397.8,473a507f2963a457,2025,47
5f21148ee1dc3c5d,2025-08-25,20:04:14,397.8,7e1aec8e771b1336,2025,47
84c93bdd38d649bc,2025-08-26,09:32:02,397.8,53fcbbd8ba6f25b5,2025,47
fb4ed0360ce1a205,2025-08-26,13:01:01,397.8,ab5ebb9c0c28f2ac,2025,47
bb9d3ba05372d150,2025-08-26,14:39:23,1292.85,d4a9e0479ee5f88a,2025,46
3d5bb22da8fee380,2025-08-26,14:48:32,397.8,7f7341e2036f51a4,2025,46
365acbf1bc5c571f,2025-08-26,17:05:23,497.25,12dfa45b04d63838,2025,46
07a8393c6fabbc10,2025-08-26,18:17:31,397.8,809ddeafd8ed7d65,2025,46
b7da1ebf417dab05,2025-08-26,18:27:30,497.25,dd3d09ddbb7cccb2,2025,46
d829c0679d9ba474,2025-08-26,19:09:54,200.0,ffd8fcd3635277c4,2025,46
ba16465d506ab57d,2025-08-26,19:27:02,200.0,60d93c7ef514b250,2025,46
e122f9933aab1ec8,2025-08-26,20:15:19,795.6,49635b4a1e7a2d7d,2025,46
e652f7fd5765c6dc,2025-08-26,20:37:16,497.25,7715b91f954cece7,2025,46
3626625a883f98c8,2025-08-27,15:43:48,994.5,5a7105ba66b478dd,2025,46
11e738ce9a832bf6,2025-08-27,16:41:06,200.0,809ddeafd8ed7d65,2025,46
0ea06dd763ae2f24,2025-08-27,17:34:29,397.8,70e92e15ae852cf6,2025,46
24b09efe67aae470,2025-08-27,17:40:34,397.8,5573a851aedc5368,2025,46
bd8a7dcfab7a61b4,2025-08-27,18:31:23,200.0,391c69948d4c9b96,2025,46
25090d7a9215ff27,2025-08-27,18:55:41,200.0,f57fe7a87740dbdd,2025,46
7a2a8d80bc8dc93a,2025-08-27,20:12:46,397.8,ed38253efb7b3222,2025,46
8a44c87b55c0c601,2025-08-27,20:30:31,397.8,31caab83991e0f22,2025,46
31d946c7cda0e3d2,2025-08-27,20:34:50,895.05,809ddeafd8ed7d65,2025,46
8b9a1129275f61e1,2025-08-28,12:56:22,397.8,3431fda559f83ef7,2025,46
f8bcd40fb04e1e96,2025-08-28,13:17:03,397.8,101eb4e2e7ba33d4,2025,45
af3a1178ce98b1c8,2025-08-28,16:01:39,200.0,d6ae6eb08b38b89a,2025,45
3b3b0226a7ea0a6c,2025-08-28,17:41:37,397.8,0014d9cbaa2c997c,2025,45
198cdb654ff7b3b3,2025-08-28,18:59:43,397.8,19d8b75eef263d3f,2025,45
82452450f1be1a4a,2025-08-29,09:58:20,497.25,37db8826b7ab2636,2025,45
dace60178c510b2a,2025-08-29,12:15:45,497.25,884b9e3d9f54a9d3,2025,45
6d4cf67f1fb9bbe7,2025-08-29,12:26:54,397.8,1e7229b251e50a16,2025,45
66f58044dc92c923,2025-08-29,12:59:19,497.25,dd1bdd7fcbb7b771,2025,45
5766b82e3b94349a,2025-08-29,14:15:33,397.8,19e7861497d8fb05,2025,45
b84cb4a968a3ccd2,2025-08-29,15:53:04,497.25,11553da0d3a71c30,2025,45
b939234afd795640,2025-08-29,17:00:57,397.8,4d6285651dcb1f5d,2025,45
43d1d004738f1a2f,2025-08-29,18:39:36,397.8,10ff5c9d46de0901,2025,45
d9af998849e076af,2025-08-29,19:36:47,397.8,577656f89b0bd379,2025,45
0ac72d7d14bd2727,2025-08-29,20:13:16,397.8,b06d9e99739ef58e,2025,45
c2d85fec51332dc9,2025-08-30,15:25:24,1093.95,56207710f85602f5,2025,45
3e8c87021fb80382,2025-08-30,16:10:15,298.35,8c7b1919deecfddc,2025,45
d2d4a835c032a160,2025-08-30,19:40:41,1989.0,e31c3a81d9a7b753,2025,45
d7bac98deb248787,2025-08-30,19:40:58,397.8,af14c71d7b44ac63,2025,45
b81e0dfd2ca697f9,2025-08-31,12:55:37,397.8,3de68eb7361320b7,2025,45
a4b49f465f2590c8,2025-08-31,13:52:15,397.8,56ae2849ccf76990,2025,45
2706b0f905026571,2025-08-31,14:47:09,397.8,175ef0916604f418,2025,45
411d3b5b0d38ed7f,2025-08-31,15:14:21,397.8,af14c71d7b44ac63,2025,45
201e35a9a2686c6e,2025-08-31,16:10:02,200.0,32c927ebc2111a12,2025,45
62aad5f92646f929,2025-08-31,16:21:32,397.8,35fc95cfdc08a809,2025,45
34ca4d87aee27f00,2025-08-31,18:02:58,397.8,38ba69e8511fd6bd,2025,45
e38dfc5f9fc9daed,2025-08-31,20:29:33,994.5,0e5451b90a119007,2025,44
274afcd59a9fdb35,2025-09-01,10:23:58,994.5,af14c71d7b44ac63,2025,44
b7aff98d7bcd015c,2025-09-01,12:07:28,397.8,7e66cbb9145ed424,2025,44
36e1dd0c5b5931b6,2025-09-01,12:35:44,298.35,d02b796930cddff5,2025,44
81a0fecdf40ae231,2025-09-01,12:40:25,497.25,eb57efcec24b7e7d,2025,44
2f3ee912121df073,2025-09-01,13:13:21,497.25,b8c6d597e0e67f48,2025,44
b21c13a9ad45b65d,2025-09-01,14:19:28,397.8,92045ea2e6fc1f30,2025,44
20bb9a13ac317da9,2025-09-01,15:11:10,397.8,beefaa278d50f3d6,2025,44
8ee0d26f7f9db7fa,2025-09-01,15:44:27,397.8,4c30cd878c34df3b,2025,44
b998a191d3b65ca0,2025-09-01,16:39:27,397.8,6e03d8368b2b3673,2025,44
beb7b8702735c393,2025-09-01,16:46:37,298.35,4bace6a48ebfb020,2025,44
88a6d9dd2846a72b,2025-09-01,18:11:54,497.25,af4be46a346f44a7,2025,44
9d45790c7262cfdf,2025-09-02,12:55:18,397.8,0cf74fd9526613db,2025,44
83c196d174d804bf,2025-09-02,13:37:17,397.8,33f70783d88147f1,2025,44
d4b924c660d7ea93,2025-09-02,15:20:41,397.8,bb08ab9050a28f44,2025,44
8dccf6e8d466e493,2025-09-02,16:07:55,397.8,96e1904d49006a7c,2025,44
45773e58d91712fd,2025-09-02,17:42:42,497.25,fcbcbc0bf3c1bf7a,2025,44
5148432fe971315b,2025-09-02,18:18:17,397.8,f948c0ccacf007d2,2025,44
5e83aed3d73eaa5c,2025-09-02,18:38:11,397.8,7f7341e2036f51a4,2025,44
170d16bcb6d37ea3,2025-09-02,19:18:35,596.7,d26f18a81b02d2da,2025,44
eca78bdca4259263,2025-09-02,20:07:12,397.8,7fb5d4afb953990f,2025,44
c9eb11b6b94fb2eb,2025-09-02,20:51:24,397.8,5da5ee5f5d1f97e8,2025,44
9b1cd17f7d4b9f26,2025-09-03,13:15:19,397.8,e0167d9252253391,2025,44
6151bf197218e6c1,2025-09-03,14:53:44,397.8,da7a33129d78d734,2025,43
64500db55a345013,2025-09-03,15:13:25,397.8,12dfa45b04d63838,2025,43
5970ac4c2c62074e,2025-09-04,14:33:29,497.25,887a64809d7e709e,2025,43
f352a8b7b160329e,2025-09-04,14:39:32,397.8,d11836664c5bed90,2025,43
aa59271942b84ade,2025-09-04,14:50:35,397.8,2327eecca46e6ad2,2025,43
824d65c1312749f3,2025-09-04,17:02:15,397.8,beefaa278d50f3d6,2025,43
41bdd16ac85893c9,2025-09-04,18:29:52,497.25,9a0f597bb54b0577,2025,43
8705013341ddadd2,2025-09-04,20:13:34,397.8,d2b377bd63f7926b,2025,43
2483fc10508f3a27,2025-09-05,14:12:12,497.25,6fa70ca83ee4e880,2025,43
2941c1c228c2b8db,2025-09-05,15:28:54,696.15,fcbcbc0bf3c1bf7a,2025,43
91182fbb61be83e4,2025-09-05,17:38:56,397.8,56ae2849ccf76990,2025,43
898230ca5404ce14,2025-09-05,19:10:17,994.5,d11836664c5bed90,2025,43
a5a5d72f5276f686,2025-09-05,20:45:36,994.5,ca0c1e245f5455c9,2025,43
31f84d0599f89c0e,2025-09-06,13:03:57,397.8,c05535785dbfb3e0,2025,43
4a1ca06b1e708209,2025-09-06,13:33:49,397.8,748b7dcfc42a4e48,2025,43
f043c2a17a4585a1,2025-09-06,13:54:48,497.25,af4be46a346f44a7,2025,43
e409dd5dd6f5c2b7,2025-09-06,14:08:57,1193.4,7e1aec8e771b1336,2025,43
63242278628e5898,2025-09-06,14:56:06,497.25,b45fd92b5ca672fa,2025,43
5e97ad7d01cc62c1,2025-09-06,15:04:01,596.7,67a9b2734b4888d4,2025,43
77f01696ddff0b87,2025-09-06,16:00:42,497.25,ab6cc6c89a759257,2025,43
0ee94b644e158673,2025-09-06,17:13:29,397.8,5a83d51b03f2cdca,2025,43
2d0fae3fef468a2e,2025-09-06,17:35:03,397.8,3cd6178d79301f52,2025,43
58005d19a8f964fb,2025-09-06,18:05:53,397.8,ba20692fab0756b5,2025,43
8cad8cb2ad89edef,2025-09-06,18:54:28,397.8,ec1d33ae5c344e2e,2025,43
08df4c9afde106bc,2025-09-06,19:10:35,497.25,42c8e9b74bd8adb6,2025,43
809a331b9a4bf97a,2025-09-06,19:45:44,1193.4,3d1610cf08e87a83,2025,43
664ea38fa8dae92c,2025-09-06,20:16:03,795.6,f516803f65250ff4,2025,43
901cc4b1123edd47,2025-09-06,20:34:02,200.0,045af0191ba7c25f,2025,42
c49d1b3697719d9e,2025-09-06,20:39:07,200.0,180d1aad89e673b4,2025,42
2833764ad8de3373,2025-09-07,13:54:26,397.8,c89becd113253f0f,2025,42
b96d0138c6dd2500,2025-09-07,14:46:46,397.8,f999441cdb10deed,2025,42
c1310c17cee8fa26,2025-09-07,16:29:07,298.35,50b9f21cb06729e9,2025,42
d5506de09b3cd63e,2025-09-07,17:35:40,397.8,7e66cbb9145ed424,2025,42
0da20b1460636743,2025-09-07,18:44:39,397.8,44bc4b60c339845c,2025,42
0356f8d10aa3044e,2025-09-07,18:46:05,497.25,44bc4b60c339845c,2025,42
983ff3b5c4d23376,2025-09-07,19:14:12,397.8,e0f76012361ff60c,2025,42
7f44fdf6ffeeac53,2025-09-07,19:27:09,497.25,03dbccbc57561932,2025,42
246045882c0612c8,2025-09-08,11:04:11,397.8,f94533bb14d724e4,2025,42
df0fc658fb95e1f9,2025-09-08,12:33:38,397.8,4b885df3774ad95f,2025,42
4506e821bb2982ce,2025-09-08,12:43:55,397.8,7f7341e2036f51a4,2025,42
d3d6c51826a5415e,2025-09-08,13:20:46,397.8,a6b2eb3cfd04917c,2025,42
391eecb54b995eab,2025-09-08,16:35:51,994.5,5c1b4f48b9ebe9e0,2025,42
6c078ecd2b3179bc,2025-09-08,16:57:53,397.8,89e64150c114ef80,2025,42
99a6b021e9fb1d92,2025-09-08,17:17:03,397.8,c897b09d0d744b67,2025,42
42e240ca3cdf74c9,2025-09-08,18:56:32,397.8,497bb44d302ff79c,2025,42
b78a7bac6d3fa56a,2025-09-08,20:23:16,397.8,cac2e422ab8262d2,2025,42
029c6c98dc38c99a,2025-09-09,13:43:58,200.0,604ac63cc3cb40c2,2025,42
9d1d0adc5c985f0c,2025-09-09,17:02:39,298.35,3842640c09bc70f2,2025,42
7c72e7b6e39ee0c2,2025-09-09,17:32:12,397.8,59df3e0fda0e7812,2025,42
e80ee271f08fffcf,2025-09-09,19:06:18,397.8,d9f8c2d5b6737159,2025,42
0072d227ac387ec7,2025-09-09,20:26:48,397.8,bb6af2c7805567dd,2025,42
d1b82931ae097650,2025-09-10,12:22:24,200.0,809ddeafd8ed7d65,2025,42
e73689b408d39430,2025-09-10,14:07:15,497.25,b8c6d597e0e67f48,2025,42
d77adbd66e63918c,2025-09-10,15:35:56,696.15,11553da0d3a71c30,2025,42
c044cd2be32b2ed9,2025-09-10,16:41:28,397.8,33f70783d88147f1,2025,41
4613af4d32ddbd7c,2025-09-10,16:50:16,1790.1,809ddeafd8ed7d65,2025,41
ff19b36bfa87f2b5,2025-09-10,18:27:34,1889.55,7715b91f954cece7,2025,41
bd5b2de4a7d6ef2c,2025-09-10,18:46:46,994.5,5fc14234735326f3,2025,41
6193b9be5b95ef39,2025-09-10,19:23:07,397.8,2d550d4ce27616c6,2025,41
b6b91b652915c139,2025-09-11,14:12:15,397.8,da7a33129d78d734,2025,41
0449302a53507eac,2025-09-11,15:53:04,1292.85,eeea7e4d5586968c,2025,41
9a5e8aa6fb35d1c6,2025-09-11,17:16:30,397.8,56ae2849ccf76990,2025,41
aa95b5459d2ba4c6,2025-09-11,17:48:06,397.8,26d7e307047a6b8e,2025,41
319effb9122e881b,2025-09-11,18:23:20,497.25,9c5171c376051625,2025,41
e4eca52649032831,2025-09-11,18:58:21,397.8,af14c71d7b44ac63,2025,41
3e9dce159dfdd83d,2025-09-11,19:23:54,397.8,eb854172e4893282,2025,41
33fd516ec00f88c3,2025-09-12,12:09:20,497.25,3631df08f2c36b4f,2025,41
0d8dd8840f433619,2025-09-12,12:14:26,397.8,183c6f1c964f801c,2025,41
829d83c432cbbe48,2025-09-12,12:57:49,497.25,36cd9c834179b144,2025,41
d59e63e703260d3a,2025-09-12,14:48:56,397.8,4b885df3774ad95f,2025,41
2228df8b49aa476c,2025-09-12,15:41:59,696.15,8e7de0424b6e48b5,2025,41
45cccaaacb66f203,2025-09-12,16:46:20,497.25,704a7c2804f5c4b5,2025,41
514c5ce41948986b,2025-09-12,17:23:34,1193.4,f5624012eba4887f,2025,41
22ec58ae10bc80ea,2025-09-12,17:32:38,497.25,bc4ab94fc0015615,2025,41
2ccd8091799ad6e6,2025-09-12,18:18:31,100.0,2dd006ef921ec442,2025,41
bdf6ecd838f6a4c7,2025-09-13,11:09:28,497.25,b87c919ddb2e4d81,2025,41
8fcdabb6130e9e02,2025-09-13,11:35:26,200.0,95f67c749858649e,2025,41
dd23eb7896bb24bb,2025-09-13,13:49:06,994.5,3e7db4f2fdf4de31,2025,41
d66bd35b205f46ad,2025-09-13,14:12:59,397.8,04679a7c334756b6,2025,40
db157e4b339ca2ba,2025-09-13,14:13:26,397.8,809ddeafd8ed7d65,2025,40
2c2e3286d944a8b6,2025-09-13,14:38:36,994.5,87edac9d34549d3f,2025,40
24a340bde046de1d,2025-09-13,15:06:11,2386.8,a8608bba0760d9e0,2025,40
1ff52df05a611035,2025-09-13,16:21:04,497.25,d211ed7191e0489a,2025,40
b73a66c9f9e93cac,2025-09-13,16:43:52,397.8,af14c71d7b44ac63,2025,40
2c12aa9d320acb37,2025-09-13,16:59:42,397.8,e44723976500dab1,2025,40
d5802a0aad52d408,2025-09-13,17:28:23,200.0,b8ca0da6627dcfa4,2025,40
a8d7575434dac7fd,2025-09-13,17:55:07,1193.4,049ec8eb0a1aa611,2025,40
749c4242017e88e9,2025-09-13,18:52:03,298.35,af14c71d7b44ac63,2025,40
946416efd3c4a7d6,2025-09-13,19:33:09,397.8,fbe3b776b5cf3c68,2025,40
3ff9fd92a6ade6fc,2025-09-13,19:45:39,696.15,d11836664c5bed90,2025,40
2fdccedafe45c4ba,2025-09-14,14:38:22,397.8,f999441cdb10deed,2025,40
fd83abe0bd708228,2025-09-14,15:08:26,397.8,35fc95cfdc08a809,2025,40
22153a0345ce5766,2025-09-14,15:30:39,397.8,7e66cbb9145ed424,2025,40
974b80304dec4cf2,2025-09-14,16:29:21,497.25,4b885df3774ad95f,2025,40
a2a77cc563b2dc80,2025-09-14,16:30:02,200.0,38ba69e8511fd6bd,2025,40
74cf50d5242020e1,2025-09-14,17:13:48,298.35,965a36ff38b57fc5,2025,40
fa90b20fafbf37b2,2025-09-14,17:22:57,200.0,463c283a838fb1e7,2025,40
047d8c238726bb96,2025-09-14,17:49:25,497.25,b4a52d202c0db2f0,2025,40
ce889ac1f0663416,2025-09-14,18:05:56,397.8,ce2afabd17ba4e60,2025,40
986174dd181ddc06,2025-09-14,18:19:15,200.0,bd2d5b47b72cccf2,2025,40
30fe4bd0aa4cb3c7,2025-09-14,18:22:29,397.8,e84ee76cabfd7007,2025,40
6b4f339173a4f1c3,2025-09-15,12:12:57,397.8,cac2e422ab8262d2,2025,40
a13db6f56ebfc4b6,2025-09-15,12:13:45,397.8,af14c71d7b44ac63,2025,39
07f26e22918e80f0,2025-09-15,13:23:53,397.8,a41b18182529b6c0,2025,39
dc91b9d9dfcdce03,2025-09-15,14:18:44,1292.85,887a64809d7e709e,2025,39
80d5940111433f4c,2025-09-15,15:04:46,497.25,af14c71d7b44ac63,2025,39
3337991d94b176d3,2025-09-15,17:16:37,397.8,92045ea2e6fc1f30,2025,39
0a6dc3f0a66cd638,2025-09-15,18:12:51,100.0,af14c71d7b44ac63,2025,39
de0112ef3552e37e,2025-09-15,18:48:45,397.8,909a95622e0c7ba0,2025,39
2942173b2090c24d,2025-09-16,11:09:48,298.35,809ddeafd8ed7d65,2025,39
7cf8ebb8bc5ef35e,2025-09-16,12:16:06,497.25,965a36ff38b57fc5,2025,39
1a476b5783c5947f,2025-09-16,14:19:23,397.8,7f7341e2036f51a4,2025,39
be35dd809e210b3d,2025-09-16,15:38:55,200.0,e34b4d0dfd09f9a5,2025,39
feee41884100baef,2025-09-16,15:48:14,200.0,842969e73d942fc3,2025,39
a2679cb517fa006e,2025-09-16,15:54:07,497.25,af14c71d7b44ac63,2025,39
d1af9a17c0065ec5,2025-09-16,16:05:01,200.0,dc9f9d8e086d1326,2025,39
b80c533893c56b56,2025-09-16,19:49:30,397.8,ed38253efb7b3222,2025,39
c00287eb2a94e1c8,2025-09-17,11:55:14,397.8,ab5ebb9c0c28f2ac,2025,39
264ad5d97ac95804,2025-09-17,15:03:02,397.8,,2025,39
a9310eb9c9a9ed35,2025-09-17,15:42:58,397.8,5dc9a9775bc2ae3c,2025,39
ee6d71896e6243a9,2025-09-17,15:45:41,397.8,5dc9a9775bc2ae3c,2025,39
76e69265a6a02479,2025-09-17,17:21:02,397.8,5523b938c96b7c6c,2025,39
17f6f22066904a3f,2025-09-17,19:16:29,1491.75,809ddeafd8ed7d65,2025,39
3693f3bc0d0b9b87,2025-09-18,15:46:04,397.8,b7b3a6ae2c34ab9c,2025,39
32fc486d42b672c8,2025-09-18,16:05:56,1193.4,dc1f4ef836d38ac0,2025,39
1272ac2c5798619d,2025-09-18,16:36:17,397.8,809ddeafd8ed7d65,2025,39
17d5922cf666b54f,2025-09-18,17:42:25,397.8,9edef0a9aa1990a3,2025,39
a6cfa59b0ed8b146,2025-09-18,17:51:20,397.8,f819918e1e973016,2025,39
fd69928ef3c20fa6,2025-09-18,18:32:33,497.25,e43f20d4abca0e21,2025,39
ad0edba7ac5c3669,2025-09-18,18:57:57,1491.75,cad29424eab38d3b,2025,38
4d27fa0c06fe1276,2025-09-18,19:40:05,397.8,05e01fc09f179829,2025,38
371dbd1d6f70db36,2025-09-19,12:26:59,895.05,bb08ab9050a28f44,2025,38
daa03bc28e5df03f,2025-09-19,14:18:57,497.25,b8c6d597e0e67f48,2025,38
96be8cb8300d683d,2025-09-19,15:34:55,397.8,af599ee0073c1148,2025,38
834f968124e2db2e,2025-09-19,15:36:37,397.8,56ae2849ccf76990,2025,38
8aca176ef8d27d21,2025-09-19,16:11:04,397.8,33f70783d88147f1,2025,38
0d7c078c5150e505,2025-09-19,17:52:28,497.25,af14c71d7b44ac63,2025,38
070196991bac1d98,2025-09-19,18:39:36,397.8,d9f8c2d5b6737159,2025,38
8ab7f39841a6c59f,2025-09-19,19:06:39,397.8,d02b796930cddff5,2025,38
403cdc98ad1be7bf,2025-09-19,20:49:24,994.5,af14c71d7b44ac63,2025,38
a6371ab1dbc0b291,2025-09-20,13:10:41,397.8,13456a2467957ec5,2025,38
6d7d52b7a36fb682,2025-09-20,13:42:40,397.8,a41b18182529b6c0,2025,38
441e45678689456a,2025-09-20,14:02:51,397.8,1933054b92df99da,2025,38
a32b7f3e3b14f461,2025-09-20,14:09:24,497.25,15a09cc37cc490f5,2025,38
6c8b39d66521ea92,2025-09-20,16:49:44,795.6,af14c71d7b44ac63,2025,38
1edc792d2f0aaa8b,2025-09-20,17:20:45,397.8,8af5af2e08fb6b16,2025,38
6a62ad3644bf3b8c,2025-09-20,17:46:22,397.8,1f71baa4d0d96ffb,2025,38
0912b277e528916c,2025-09-20,18:19:23,397.8,f999441cdb10deed,2025,38
5d3dc50932c2a5d7,2025-09-20,19:22:03,497.25,42c8e9b74bd8adb6,2025,38
3316ab3d8de1e140,2025-09-20,19:33:00,397.8,463c283a838fb1e7,2025,38
fc5f3a547f9522c7,2025-09-20,19:35:01,298.35,965a36ff38b57fc5,2025,38
7336e4d73c8439c8,2025-09-21,14:35:41,497.25,acf9b40827660877,2025,38
22da5e5e26bf67d6,2025-09-21,14:48:30,397.8,7e66cbb9145ed424,2025,38
03d757ba8fd28f3c,2025-09-21,15:27:05,397.8,c61531689535e06e,2025,38
dfb329c7adff9b14,2025-09-21,15:29:29,200.0,d11836664c5bed90,2025,38
a70945039400a789,2025-09-21,15:51:10,397.8,2327eecca46e6ad2,2025,38
d35914d5e436fe47,2025-09-21,16:20:51,397.8,0140fb952f515ef5,2025,37
d7e8e6f1ce7aca0b,2025-09-21,16:28:29,497.25,81659e03a811365e,2025,37
0ef0d7a85c3aa9dc,2025-09-21,16:58:59,298.35,065aaa337051afcc,2025,37
0827f44150fdceaf,2025-09-21,17:28:37,497.25,36cd9c834179b144,2025,37
10526394aa11c5e2,2025-09-21,17:45:19,497.25,125ba5f458199ade,2025,37
18e9940f424df4c9,2025-09-21,19:21:15,497.25,03dbccbc57561932,2025,37
9b356ad71e58c4bb,2025-09-21,19:32:55,895.05,53fcbbd8ba6f25b5,2025,37
c34ea99bc28b8e29,2025-09-21,19:58:23,397.8,448f68658b6ae246,2025,37
47b98a65820dde70,2025-09-22,13:24:05,397.8,ede2c43c89e02794,2025,37
b6a1b4242c5625df,2025-09-22,13:35:05,497.25,cad8e7c537d98e04,2025,37
b9dd954a5b787a03,2025-09-22,15:40:39,200.0,00d0fece35ed14d1,2025,37
09e1d9fa715309bd,2025-09-22,18:49:06,397.8,497bb44d302ff79c,2025,37
afb987d6748af708,2025-09-22,19:27:47,397.8,f516803f65250ff4,2025,37
4edeabda88f3980b,2025-09-22,20:01:22,497.25,e4151b99502b7125,2025,37
486d7dcf3526009b,2025-09-23,13:06:18,397.8,7f7341e2036f51a4,2025,37
2628a539645c88bb,2025-09-23,14:32:48,497.25,12dfa45b04d63838,2025,37
913bc1b6e79fd9ff,2025-09-23,16:17:44,397.8,809ddeafd8ed7d65,2025,37
389173beb82dea6b,2025-09-23,17:11:57,298.35,d5dce9f435b276cc,2025,37
5666ec6cc43e6499,2025-09-23,18:03:34,497.25,dd3d09ddbb7cccb2,2025,37
42d09b3671b00e77,2025-09-23,18:10:47,397.8,72c749a151559660,2025,37
80098de098763467,2025-09-23,18:31:32,497.25,aaa548b4abe05c96,2025,37
c08b380dec07b5a2,2025-09-23,18:43:06,397.8,7dfe7c0fcd6b2412,2025,37
b832da251bdd1656,2025-09-23,19:21:46,200.0,d87164cf11ac2fcd,2025,37
c3f91094f1ca3ce8,2025-09-23,20:23:46,447.52,5e378bd3d1a36100,2025,37
8a4273ae417bdc23,2025-09-23,20:38:31,497.25,5ebd6aba82bddc89,2025,36
0fae764a7b018716,2025-09-24,12:19:04,298.35,809ddeafd8ed7d65,2025,36
a4a2609a450de40a,2025-09-24,15:43:52,397.8,ed38253efb7b3222,2025,36
614124fac912ec87,2025-09-24,17:11:49,100.0,39ed7f5e315601ab,2025,36
4d06c79b4753e798,2025-09-24,17:52:56,200.0,7dfe7c0fcd6b2412,2025,36
171df94716a8daef,2025-09-24,20:34:45,596.7,af4be46a346f44a7,2025,36
73bb46b01e29acb3,2025-09-25,14:08:40,497.25,b8c6d597e0e67f48,2025,36
e9998833012211ab,2025-09-25,14:45:40,397.8,0db97f2af0582af5,2025,36
39270026a75c28a7,2025-09-25,15:10:50,994.5,e677c9a6ff2d3353,2025,36
97e94dc938a10345,2025-09-25,17:05:01,497.25,049ec8eb0a1aa611,2025,36
81c7ad50d82cd682,2025-09-25,17:59:43,200.0,af14c71d7b44ac63,2025,36
ff639774030738ff,2025-09-26,14:34:34,200.0,ca0c1e245f5455c9,2025,36
ba84855177971768,2025-09-26,16:16:15,1392.3,56207710f85602f5,2025,36
be9a3e5eb46ef833,2025-09-26,17:27:04,397.8,f19707e7feaab25f,2025,36
422f63e80680a7aa,2025-09-26,17:36:36,397.8,d11836664c5bed90,2025,36
b9f693763a3e6caf,2025-09-26,18:23:49,397.8,25246de571a35847,2025,36
9ea8abdbf92e1110,2025-09-26,19:37:52,298.35,12dfa45b04d63838,2025,36
fdbfac6d3618a2cd,2025-09-27,12:26:44,397.8,7b68d8e0c66abbdc,2025,36
8f6651407302a443,2025-09-27,12:27:54,200.0,cc93e32c701c0b4e,2025,36
72eb15f549a8345f,2025-09-27,13:11:37,298.35,af14c71d7b44ac63,2025,36
3688db5281a8569a,2025-09-27,13:22:32,50.0,809ddeafd8ed7d65,2025,36
852ef4fd8ef4bbc5,2025-09-27,13:51:20,795.6,b37a195aedddd61c,2025,36
eb6646d5711cc4ac,2025-09-27,13:54:43,447.52,809ddeafd8ed7d65,2025,36
910bdc84daa84499,2025-09-27,14:26:01,497.25,c1be4be9cc0c3341,2025,36
777d8bc0c1a60419,2025-09-27,14:42:43,397.8,6de23e9c3b3028f4,2025,36
acccccb82e6870aa,2025-09-27,16:12:19,397.8,56ae2849ccf76990,2025,36
16691cbad35b2181,2025-09-27,16:41:12,795.6,4da47086322482c1,2025,35
c46fe66172ec85a1,2025-09-27,16:50:36,497.25,aba1544cc61b7cbb,2025,35
5f4df6da5a0e61e0,2025-09-27,16:58:19,1392.3,40c0a894bd49bad9,2025,35
f306c240ab17ea5b,2025-09-27,17:12:48,397.8,ba20692fab0756b5,2025,35
bff05be7f1033de8,2025-09-27,17:27:25,397.8,7386f1db2998ff8b,2025,35
38bd4e758c04f905,2025-09-27,18:25:55,397.8,af14c71d7b44ac63,2025,35
647d8794eb59bf67,2025-09-27,18:56:11,397.8,7c261e8c69dcad1b,2025,35
f28022e36cb116a8,2025-09-27,19:20:38,497.25,dd96ecf475dcd86d,2025,35
5f84a2a02e76eb59,2025-09-27,19:38:49,397.8,ca0c1e245f5455c9,2025,35
de791fe1af42a4da,2025-09-27,19:55:27,397.8,7e66cbb9145ed424,2025,35
ec3ed50e5274aedb,2025-09-27,20:01:58,397.8,ccb8e8d57119f911,2025,35
7e58844cd59b38b7,2025-09-28,13:47:24,1491.75,2b7805197bb07a54,2025,35
3adcd90a083438b5,2025-09-28,14:15:28,1292.85,6b286641a8f8a73a,2025,35
2034ec4052ffb3b7,2025-09-28,14:28:23,397.8,da7a33129d78d734,2025,35
484d7adc518b9d01,2025-09-28,15:12:58,397.8,af14c71d7b44ac63,2025,35
d8b269565237ab39,2025-09-28,15:41:05,397.8,96e1904d49006a7c,2025,35
1ebf11e06311c564,2025-09-28,17:40:26,497.25,20afc4b1d2567c95,2025,35
0fba86fc8b267580,2025-09-28,17:41:35,596.7,af14c71d7b44ac63,2025,35
fc51bc2a8be68ee0,2025-09-28,18:03:50,397.8,63e489e627ae557d,2025,35
dc5387962db1d0dd,2025-09-28,18:05:00,795.6,c897b09d0d744b67,2025,35
72946b3a4a7d1ce6,2025-09-28,18:20:05,1093.95,074a0e5d8cde1acb,2025,35
f872fe2958290be5,2025-09-28,18:49:27,200.0,60d93c7ef514b250,2025,35
b0660f848a7fd9dd,2025-09-28,18:54:41,497.25,c810858fac9b8087,2025,35
cccb64b3749784f2,2025-09-28,19:18:00,200.0,,2025,35
131ef22beb4d18d9,2025-09-28,19:25:52,397.8,d26f18a81b02d2da,2025,35
e55f4be52325d89d,2025-09-28,20:53:38,397.8,316bc800a97b6237,2025,35
271f46b9604cb75a,2025-09-29,10:32:39,397.8,af14c71d7b44ac63,2025,35
cd442353204caa18,2025-09-29,12:19:47,397.8,f7f73ab75a3f40ff,2025,34
4bd895a4f0ac1404,2025-09-29,12:24:53,397.8,af14c71d7b44ac63,2025,34
1f63bd494640da4c,2025-09-29,12:28:11,397.8,e8193510f2826d0d,2025,34
dec7528f6ec98a17,2025-09-29,13:43:06,497.25,0e88a10f6277a74a,2025,34
8ad04861abd57940,2025-09-29,13:57:56,397.8,ab5ebb9c0c28f2ac,2025,34
b24decc2a6cad407,2025-09-29,14:14:59,497.25,b8c6d597e0e67f48,2025,34
f8ffc9bb0027b2d2,2025-09-29,14:45:49,397.8,7f7341e2036f51a4,2025,34
ec02302f6f43ad05,2025-09-29,18:36:49,397.8,b9b9cd4822baf71b,2025,34
ae75e4b00ff0726e,2025-09-29,18:57:49,994.5,42daeeb2a2eb6cfc,2025,34
b3421c7613ec4849,2025-09-29,19:10:06,397.8,d9f8c2d5b6737159,2025,34
e5ea2b398e29d096,2025-09-29,19:24:07,200.0,965a36ff38b57fc5,2025,34
a2381dd4b0bc2fc2,2025-09-29,20:15:36,397.8,89e64150c114ef80,2025,34
f81780aeb9a116e0,2025-09-30,10:24:44,397.8,af14c71d7b44ac63,2025,34
cef746951aa25e05,2025-09-30,11:14:25,497.25,089d700fe2b4fadb,2025,34
ea346f671e854f69,2025-09-30,14:11:37,397.8,04679a7c334756b6,2025,34
0a505c3edfae4045,2025-09-30,15:40:03,497.25,af14c71d7b44ac63,2025,34
99b8fbd97f659882,2025-09-30,16:10:21,497.25,887a64809d7e709e,2025,34
a4f29ffe68f329ad,2025-09-30,16:41:43,497.25,af4be46a346f44a7,2025,34
33147374db39f9cf,2025-09-30,17:49:16,397.8,d02b796930cddff5,2025,34
0503aa986ad171ed,2025-09-30,19:10:04,397.8,31627f4c36005863,2025,34
b03b1ec3560c8923,2025-09-30,19:41:32,696.15,af14c71d7b44ac63,2025,34
ac555f9af0403e36,2025-09-30,19:53:45,397.8,43b74658756c94da,2025,34
4d948fb223ef2cae,2025-10-01,11:37:09,397.8,0931fc241c3a0772,2025,34
bd50cda741371482,2025-10-01,13:53:13,397.8,a41b18182529b6c0,2025,34
7cd19e36a356f6ab,2025-10-02,14:53:30,994.5,af14c71d7b44ac63,2025,33
71708ef96f878f52,2025-10-02,16:15:21,497.25,fcbcbc0bf3c1bf7a,2025,33
d6f11f4ff3abd5d3,2025-10-02,16:20:48,397.8,19e7861497d8fb05,2025,33
c6506f4f36576af5,2025-10-02,17:25:30,497.25,af14c71d7b44ac63,2025,33
70ed5007c374f285,2025-10-02,18:30:54,397.8,19d8b75eef263d3f,2025,33
28000ad830c1e37d,2025-10-02,19:10:14,497.25,42c8e9b74bd8adb6,2025,33
2b52bba12aa21f10,2025-10-02,20:10:39,397.8,40755ce06f7c1cd9,2025,33
9b96bd1bbd8ec923,2025-10-03,14:25:48,397.8,b7b3a6ae2c34ab9c,2025,33
45a6857bc00c466e,2025-10-03,15:19:29,546.97,26d7e307047a6b8e,2025,33
4191149b23a1d654,2025-10-03,16:09:30,397.8,1e7229b251e50a16,2025,33
9d5bd54a44e3b3c5,2025-10-03,16:20:22,397.8,79fe3ceb26ef5bb5,2025,33
6e5de5ff29ef47a9,2025-10-03,16:37:08,397.8,ab6cc6c89a759257,2025,33
4dea2765ce0e934d,2025-10-03,17:31:46,397.8,56ae2849ccf76990,2025,33
9dbe90708e8c6a73,2025-10-03,18:13:32,397.8,2dd006ef921ec442,2025,33
53c80f75be468532,2025-10-03,18:18:20,397.8,92045ea2e6fc1f30,2025,33
6f71e065daf0ea4e,2025-10-03,18:47:56,397.8,27e46475ecaa7bd3,2025,33
45a3ec3ccf771962,2025-10-03,19:09:50,397.8,d11836664c5bed90,2025,33
e12664ade0b08173,2025-10-03,19:14:52,397.8,04461b7b1457a80b,2025,33
dfc89ecfa6caba78,2025-10-03,19:25:35,497.25,183c6f1c964f801c,2025,33
041bd98b977875ea,2025-10-03,20:59:53,1690.65,83871716145a4f81,2025,33
11252a9dac3bab3b,2025-10-04,13:38:22,100.0,f999441cdb10deed,2025,33
2e650660c81e74b5,2025-10-04,14:40:31,994.5,af14c71d7b44ac63,2025,33
4d6eac17da784519,2025-10-04,15:10:59,397.8,63d941c8e810d787,2025,33
632e5b97cde3f066,2025-10-04,15:12:49,994.5,ba84cb35bd5f02a4,2025,33
44eba96272e6e1b4,2025-10-04,15:26:47,397.8,7e66cbb9145ed424,2025,32
f41bf10b9eed315c,2025-10-04,15:35:16,100.0,a922bc59d2ab0bf9,2025,32
921e54d1e0fc9235,2025-10-04,16:21:29,298.35,f77f97d7d20a8d98,2025,32
e0d27f59302b319e,2025-10-04,16:27:54,994.5,af14c71d7b44ac63,2025,32
a02d859a99d7f737,2025-10-04,16:47:37,497.25,049ec8eb0a1aa611,2025,32
892728a67b28c361,2025-10-04,17:06:35,1292.85,a8608bba0760d9e0,2025,32
6aa34ef93b24f396,2025-10-04,18:05:52,397.8,1c77ce0ab867c2a9,2025,32
f2b7a41074103007,2025-10-05,14:35:39,200.0,63c06a620a247a6d,2025,32
60d45baffde73819,2025-10-05,14:49:33,497.25,af4be46a346f44a7,2025,32
69e67e8bc27c4d95,2025-10-05,15:15:39,397.8,9fcf8eeb6a70d7df,2025,32
985d2f10bbfeaa89,2025-10-05,15:42:38,397.8,13aaa45488235a28,2025,32
98733420e2168934,2025-10-05,16:10:11,397.8,af14c71d7b44ac63,2025,32
fe0e66b1ec54fd45,2025-10-05,16:25:18,348.07,277260a6f06330ac,2025,32
9ab0dfe5444eb171,2025-10-05,17:45:36,497.25,dd3d09ddbb7cccb2,2025,32
66009d3035b6a96c,2025-10-05,17:55:46,298.35,e0f9e13327ae5c39,2025,32
c9d8fa71aa4cf2d6,2025-10-05,18:35:37,397.8,ef948e13078d5ea5,2025,32
c563b70d9c0e30ba,2025-10-05,18:36:19,397.8,38ba69e8511fd6bd,2025,32
0b7d697c90af2a75,2025-10-05,19:05:10,397.8,e84ee76cabfd7007,2025,32
daf9e28bc5040367,2025-10-05,19:22:11,397.8,00d0fece35ed14d1,2025,32
eb174b2dc431d5bb,2025-10-05,20:35:30,397.8,d70a08152c7949f0,2025,32
bef2d559b9e123a7,2025-10-05,20:53:08,397.8,fbe3b776b5cf3c68,2025,32
f005c9ae15429278,2025-10-05,21:30:10,397.8,2f7e8c3aef6c3a8d,2025,32
58ac91fce7b85766,2025-10-06,14:12:21,497.25,12dfa45b04d63838,2025,32
794c2b2f52863778,2025-10-06,14:42:22,497.25,c66ff8d3cc5f9cb1,2025,32
5a13a5d5b203a700,2025-10-06,17:43:20,397.8,424aa970b147f7be,2025,32
8def393ae6b3658a,2025-10-06,18:14:12,397.8,497bb44d302ff79c,2025,32
338bb61d863ae83d,2025-10-06,19:51:08,397.8,33f70783d88147f1,2025,32
d50974b78098a6f0,2025-10-06,19:53:38,397.8,7a37da6e19383faf,2025,31
9024f9f31de5d877,2025-10-06,20:42:57,397.8,cac2e422ab8262d2,2025,31
c17230db4e7bb638,2025-10-07,13:18:41,397.8,5523b938c96b7c6c,2025,31
051af59298a99870,2025-10-07,14:32:14,298.35,d7b41f355192792e,2025,31
b451d6ddcb9b0e97,2025-10-07,15:16:36,397.8,1933054b92df99da,2025,31
f5a6a447c9464f6c,2025-10-07,17:15:41,397.8,c9dbb78fce1f2c3f,2025,31
ad579cc6596f1f9d,2025-10-07,17:56:48,397.8,9edef0a9aa1990a3,2025,31
e6328f82f8f3c603,2025-10-07,18:29:57,397.8,a41b18182529b6c0,2025,31
c4baced16a6131f3,2025-10-07,19:49:20,1491.75,cad29424eab38d3b,2025,31
39ec3ad784595592,2025-10-07,20:30:14,1193.4,e31c3a81d9a7b753,2025,31
6126b96cddba3f44,2025-10-07,22:36:17,200.0,d11836664c5bed90,2025,31
8c287cb4787c622d,2025-10-08,13:18:20,397.8,7f7341e2036f51a4,2025,31
b904695276d22393,2025-10-08,14:17:15,200.0,d6ae6eb08b38b89a,2025,31
3b87f2ce68231c32,2025-10-08,16:10:57,497.25,63c06a620a247a6d,2025,31
e4962a2d51d332e8,2025-10-08,18:10:33,397.8,59df3e0fda0e7812,2025,31
86d8405b1831bf16,2025-10-09,10:48:31,397.8,ed38253efb7b3222,2025,31
d59b033ec9643d09,2025-10-09,11:31:07,397.8,ede2c43c89e02794,2025,31
8452cfceb8ad009b,2025-10-09,13:17:03,397.8,51c0a7583886ada9,2025,31
f9c50188b0c4cecf,2025-10-09,13:33:39,1093.95,7c261e8c69dcad1b,2025,31
4b0940d66a863275,2025-10-09,14:52:47,200.0,d11836664c5bed90,2025,31
5e69019744c2619f,2025-10-09,15:12:22,497.25,dc1f4ef836d38ac0,2025,31
e26a57103829fd2b,2025-10-09,15:19:04,397.8,af14c71d7b44ac63,2025,31
4bb016386bb11763,2025-10-09,15:20:01,994.5,af14c71d7b44ac63,2025,31
4e895df213b7c292,2025-10-09,16:04:50,497.25,32ca4bccfd60a41c,2025,31
e13796de4b050a26,2025-10-09,16:07:14,298.35,ca93ffdbae8c454f,2025,31
45ce8399f9aec0c2,2025-10-09,18:10:04,795.6,e4aef139381581ff,2025,31
2949d008dfd0605d,2025-10-09,18:33:53,497.25,e74028fe683ab7c5,2025,31
5ca80b270ff6580e,2025-10-09,19:55:34,397.8,7e1aec8e771b1336,2025,30
b706930282ec3404,2025-10-10,12:05:01,497.25,fa87d6c541a46233,2025,30
f698838174278a5f,2025-10-10,12:29:53,298.35,d5dce9f435b276cc,2025,30
f132241e84a5d72a,2025-10-10,12:44:15,397.8,f6ebaa4ba93834b3,2025,30
5d6fbf7d3bb26afa,2025-10-10,13:46:03,397.8,463c283a838fb1e7,2025,30
1b41825ac720e101,2025-10-10,15:28:56,696.15,af14c71d7b44ac63,2025,30
62f88e2db7d663b6,2025-10-10,17:11:44,497.25,97651f789cf1fee1,2025,30
d448689094dc5957,2025-10-10,17:49:40,397.8,d02b796930cddff5,2025,30
66bd2513c678b0dd,2025-10-10,17:59:40,397.8,56ae2849ccf76990,2025,30
693a9069fbc1758f,2025-10-10,18:11:32,994.5,2d550d4ce27616c6,2025,30
99356916560101c4,2025-10-11,11:33:08,397.8,5fc14234735326f3,2025,30
a1d7a6ec4af9cbc0,2025-10-11,11:33:27,397.8,3ab0107c91cf9f53,2025,30
1d9c92371197c4a6,2025-10-11,11:48:26,298.35,13272d3c48d6a5a6,2025,30
0960f73e2d72db53,2025-10-11,12:03:27,397.8,03ff983af2a1fde0,2025,30
9fcfe81efce0b8a4,2025-10-11,12:27:16,348.07,5e378bd3d1a36100,2025,30
9d08d34c60a198f6,2025-10-11,12:42:14,397.8,f999441cdb10deed,2025,30
d6e8c68737686c33,2025-10-11,13:09:42,497.25,03dbccbc57561932,2025,30
0f31c0628ff1fb34,2025-10-11,14:05:46,1193.4,049ec8eb0a1aa611,2025,30
b8a5f23f704f23b1,2025-10-11,14:34:06,397.8,5a44b1b2efef3375,2025,30
a220c01ff55a9939,2025-10-11,15:28:58,397.8,4c0073b13fc57fef,2025,30
ee44508742af0d62,2025-10-11,15:46:11,397.8,506d594699e1b7a5,2025,30
af11fde44f35d548,2025-10-11,17:21:26,994.5,af14c71d7b44ac63,2025,30
0a3e5240ee093e61,2025-10-12,15:11:24,397.8,35fc95cfdc08a809,2025,30
983a7335f00e2698,2025-10-12,16:44:40,497.25,e4151b99502b7125,2025,29
cb45c66dcbb6b462,2025-10-12,17:31:05,298.35,fa857dc31e7d457c,2025,29
0381b169c08896b4,2025-10-12,18:15:09,397.8,a3181c7ffefaa847,2025,29
26970cfe1232e500,2025-10-12,18:47:27,397.8,38ba69e8511fd6bd,2025,29
428066c183c39657,2025-10-12,19:40:54,397.8,b75e01938ed9b279,2025,29
ba47e7cefcdcb949,2025-10-13,11:31:42,298.35,cfb9a9b7aa45168d,2025,29
34df07450b933bd3,2025-10-13,11:42:16,1491.75,af14c71d7b44ac63,2025,29
7f176859be3ed70b,2025-10-13,13:41:25,200.0,d6ae6eb08b38b89a,2025,29
e2b1834fdddaaa3c,2025-10-13,14:36:58,497.25,b8c6d597e0e67f48,2025,29
d494969aa2f4b8d5,2025-10-13,17:19:01,596.7,f516803f65250ff4,2025,29
00cb4e03753b67bf,2025-10-13,18:07:19,497.25,6e9026eda5907e7b,2025,29
d6c3c4af56868f9b,2025-10-13,18:41:50,397.8,d9f8c2d5b6737159,2025,29
63a7a80e002b4421,2025-10-13,18:52:00,2685.15,af14c71d7b44ac63,2025,29
2540bf44bbb0db75,2025-10-13,19:22:59,497.25,af14c71d7b44ac63,2025,29
cfc3613c3bfc454d,2025-10-13,19:23:46,397.8,cac2e422ab8262d2,2025,29
c70f0b42f6968617,2025-10-13,20:01:55,397.8,f630ac990b6cce51,2025,29
010fbbea21ba692c,2025-10-14,12:08:57,397.8,187610efefa24a2e,2025,29
43e446e1a0f42559,2025-10-14,13:23:34,397.8,7f7341e2036f51a4,2025,29
754fa138f69074ef,2025-10-14,16:27:44,397.8,af14c71d7b44ac63,2025,29
2bf1dc5e78431cb8,2025-10-14,17:09:52,994.5,6b15e2017477ddf3,2025,29
5f827f66221ff041,2025-10-14,19:52:01,397.8,af14c71d7b44ac63,2025,29
301a4a87a7b25d4f,2025-10-14,20:12:49,497.25,0106e872509e63c3,2025,29
b553d13c2787788d,2025-10-15,10:59:59,298.35,141be21209495ca9,2025,29
44460cb635847bea,2025-10-15,13:09:26,397.8,3de68eb7361320b7,2025,29
0a7fde9d19e80f0c,2025-10-15,14:43:16,397.8,a41b18182529b6c0,2025,28
a52a3744b44e2dd0,2025-10-15,15:47:16,200.0,89e64150c114ef80,2025,28
e9e328e2c6e0fdc1,2025-10-15,17:13:21,397.8,909a95622e0c7ba0,2025,28
45aac262962553cc,2025-10-15,19:21:56,397.8,6fcbd4f133411ca9,2025,28
996f4ef96d6f9024,2025-10-16,11:57:15,497.25,36cd9c834179b144,2025,28
e2571ff633779021,2025-10-16,13:05:59,1193.4,af14c71d7b44ac63,2025,28
fc60d484c562fffe,2025-10-16,13:27:56,397.8,19e7861497d8fb05,2025,28
bd9374a18f82dc85,2025-10-16,13:59:44,696.15,72c749a151559660,2025,28
072155660a4e562e,2025-10-16,15:01:19,497.25,2196e1694be2f1a6,2025,28
935982d8b5cb1625,2025-10-16,15:28:57,397.8,af14c71d7b44ac63,2025,28
e50dc8e639407a21,2025-10-16,16:45:44,397.8,da7a33129d78d734,2025,28
3a8c0bf3a53c841a,2025-10-16,17:58:17,397.8,56ae2849ccf76990,2025,28
0a0ac5fda31fa6ed,2025-10-16,18:25:29,397.8,05e01fc09f179829,2025,28
e6a440012804a861,2025-10-16,18:32:20,397.8,007ffe348c01c7d6,2025,28
a91e7ea78bcb682c,2025-10-16,18:49:12,397.8,af599ee0073c1148,2025,28
3c69922f8a9c0893,2025-10-17,16:44:03,497.25,42c8e9b74bd8adb6,2025,28
d94bbf15b8917975,2025-10-18,12:30:39,298.35,d11836664c5bed90,2025,28
63595386e279a5cc,2025-10-18,13:51:32,397.8,f999441cdb10deed,2025,28
7ca18cb3eeb9b3ce,2025-10-18,14:23:23,200.0,d6ae6eb08b38b89a,2025,28
c9e83bd100be5173,2025-10-18,15:23:55,397.8,59df3e0fda0e7812,2025,28
25b341a2e912f8fe,2025-10-18,16:17:39,200.0,d11836664c5bed90,2025,28
4a7565d5a9d89d0d,2025-10-18,17:08:53,397.8,3d1610cf08e87a83,2025,28
e0ab5e56bd00ab2e,2025-10-18,18:00:51,397.8,58386ba93ab8c0f7,2025,28
b1b2a5672a32b4d2,2025-10-18,19:52:23,397.8,577656f89b0bd379,2025,28
8259039788dd5ca9,2025-10-18,21:18:29,397.8,b7b3a6ae2c34ab9c,2025,28
17ac896bccf01607,2025-10-18,21:25:42,200.0,e677c9a6ff2d3353,2025,28
ec1352197e03ead3,2025-10-19,15:22:56,795.6,c05535785dbfb3e0,2025,28
5c2662409d1d81c2,2025-10-19,18:10:37,1093.95,13aaa45488235a28,2025,27
85e74f2fd338fa18,2025-10-20,13:05:24,397.8,85338419722fbecd,2025,27
f181caf87408458f,2025-10-20,13:34:14,1093.95,8bb55ee260d7d193,2025,27
1a637e6e9149c9ce,2025-10-20,13:51:01,397.8,1933054b92df99da,2025,27
65ec1bc8cb1604f7,2025-10-20,14:02:34,397.8,38ba69e8511fd6bd,2025,27
6c2417f0fc903d53,2025-10-20,14:10:23,200.0,00d0fece35ed14d1,2025,27
1e024b7b77e46efd,2025-10-20,15:36:09,200.0,56ae2849ccf76990,2025,27
a6e5b2e24e470296,2025-10-20,15:55:48,397.8,e7f3bc23f2f8ea7c,2025,27
5d7712383defa8f1,2025-10-20,17:30:47,1989.0,049ec8eb0a1aa611,2025,27
0b5321aabf378dca,2025-10-20,19:04:25,696.15,17d4443094f07585,2025,27
626e34dfdcc60ad3,2025-10-20,19:04:41,397.8,ba20692fab0756b5,2025,27
ecc75adfd50679ce,2025-10-20,19:06:43,497.25,17d4443094f07585,2025,27
6e48ae174fb1b319,2025-10-20,19:21:31,1989.0,af14c71d7b44ac63,2025,27
8bd260270981c4b6,2025-10-20,19:58:48,497.25,af4be46a346f44a7,2025,27
441f3849c16b3e60,2025-10-21,14:18:12,397.8,ab5ebb9c0c28f2ac,2025,27
540010fedbb0d2bb,2025-10-21,16:11:31,397.8,04679a7c334756b6,2025,27
a417cf749f2d697a,2025-10-21,17:07:40,397.8,a41b18182529b6c0,2025,27
9b31dc0aa9dd4efa,2025-10-21,17:13:59,397.8,af14c71d7b44ac63,2025,27
844f5b90f606137a,2025-10-21,19:00:27,497.25,5ebd6aba82bddc89,2025,27
51b92a547b4319c7,2025-10-21,19:49:13,397.8,10ff5c9d46de0901,2025,27
b72a8593035b59c2,2025-10-22,11:35:23,200.0,809ddeafd8ed7d65,2025,27
a616a95f5ae9f366,2025-10-22,12:48:29,397.8,7f7341e2036f51a4,2025,26
37002a6716ec5cec,2025-10-22,13:28:25,497.25,c380cae74a5dafab,2025,26
94f5572296a6827d,2025-10-22,14:02:33,497.25,e2419ae9141e2c1e,2025,26
1cf4854435b971b6,2025-10-22,16:39:03,497.25,f4b811b17180ea83,2025,26
49bf590b04229dcb,2025-10-22,17:36:10,497.25,f8fc5c9afb7ae389,2025,26
45236e0b7ddcfc8c,2025-10-22,18:42:17,497.25,809ddeafd8ed7d65,2025,26
b2d401aa51f64766,2025-10-22,19:49:27,397.8,965a36ff38b57fc5,2025,26
267b3525c2aa3a4a,2025-10-23,11:06:51,397.8,af14c71d7b44ac63,2025,26
755340f5430445ef,2025-10-23,12:51:01,200.0,d1be6d99604081e1,2025,26
178622e37e32bf69,2025-10-23,13:17:28,397.8,d6ae6eb08b38b89a,2025,26
1a6b6bd3db58da96,2025-10-23,13:32:07,397.8,bb08ab9050a28f44,2025,26
e16a28fb5be780bd,2025-10-23,15:22:06,497.25,6fbbfddf1ab9f06d,2025,26
fa1506d259a70807,2025-10-23,15:51:20,397.8,7386f1db2998ff8b,2025,26
5a6814e35c525b49,2025-10-24,15:44:50,298.35,51f14d725c02e400,2025,26
e12cba1a41ca7c68,2025-10-24,16:42:50,994.5,22956b5984409d47,2025,26
c7ad151af3567e8d,2025-10-24,17:01:45,397.8,af14c71d7b44ac63,2025,26
d37b67b417fa8939,2025-10-24,17:05:53,994.5,7db6d70e3313c1aa,2025,26
cd10865430d2a9b2,2025-10-24,17:16:20,497.25,37dc187b158efb33,2025,26
6daaba1136393ac7,2025-10-24,18:19:43,497.25,af14c71d7b44ac63,2025,26
00e645c8e242ba8c,2025-10-24,18:41:25,1292.85,b3a597b3e1c21402,2025,26
c80324c0b825160a,2025-10-24,19:24:06,397.8,ed38253efb7b3222,2025,26
91dc9b4379191c11,2025-10-24,19:28:58,397.8,7e66cbb9145ed424,2025,26
676b7fc2cf4bf2f7,2025-10-24,19:59:35,200.0,809ddeafd8ed7d65,2025,26
6b669a071c08af0a,2025-10-25,12:44:25,397.8,61799dab7d05476b,2025,26
d94f896b3403c886,2025-10-25,13:00:28,397.8,26fffb43361eca9e,2025,25
adcaaef4339e4488,2025-10-25,13:57:14,1193.4,809ddeafd8ed7d65,2025,25
e7aedf445af27c1a,2025-10-25,14:01:59,497.25,082ff5f264560c70,2025,25
1e5955acf8246ec9,2025-10-25,14:15:12,497.25,1170e7bafb3771b4,2025,25
0117464ef81a2db5,2025-10-25,14:27:57,497.25,049ec8eb0a1aa611,2025,25
f6921f0764752250,2025-10-25,15:09:37,397.8,ac69430bf347a68d,2025,25
b806f3ad14681707,2025-10-25,16:14:41,497.25,7d4c957b1cbd7b3f,2025,25
e1075ce963b5afc2,2025-10-25,16:54:30,397.8,56ae2849ccf76990,2025,25
5b464d0820df6b67,2025-10-25,17:55:29,397.8,f999441cdb10deed,2025,25
0f1201f8bc8f570f,2025-10-25,18:17:55,497.25,734d41c38ce24e38,2025,25
b7c86fe51df923e9,2025-10-25,19:15:08,397.8,96e1904d49006a7c,2025,25
b4825a11829b759e,2025-10-25,19:56:46,596.7,af14c71d7b44ac63,2025,25
6501bc035890ff0d,2025-10-26,15:02:04,596.7,8c4e96019d4a4f9b,2025,25
5e60866df12e3496,2025-10-26,15:54:19,397.8,38ba69e8511fd6bd,2025,25
71bac8ced8befd1e,2025-10-26,16:11:43,497.25,ad462ac01134d087,2025,25
2ea29dfa7ff53aa6,2025-10-26,17:51:34,497.25,03dbccbc57561932,2025,25
b6a7beee39db9078,2025-10-26,18:05:02,397.8,b0c6225a3c1dae4f,2025,25
7877dfaeae205e02,2025-10-26,18:11:28,50.0,7e6f2ab8aa114292,2025,25
b5167921b91d7ca9,2025-10-26,18:12:35,150.0,7e6f2ab8aa114292,2025,25
0b2dd7cc504fcd0d,2025-10-26,20:33:36,397.8,f516803f65250ff4,2025,25
d07a7be455d847a2,2025-10-27,10:32:07,397.8,ab6cc6c89a759257,2025,25
d6dd56b8cabe7890,2025-10-27,11:04:22,397.8,5523b938c96b7c6c,2025,25
6a0e9b9e8be789ce,2025-10-27,12:27:23,397.8,3ad10437aaf0e682,2025,24
ab020cea11efb347,2025-10-27,12:33:52,397.8,ab5ebb9c0c28f2ac,2025,24
1c3b48c9188803ae,2025-10-27,12:41:08,994.5,95f67c749858649e,2025,24
aa8194fe21f7d77b,2025-10-27,13:48:08,497.25,3ee323f288d77ac1,2025,24
2703a8c9f7c43ed7,2025-10-27,14:15:21,397.8,af14c71d7b44ac63,2025,24
204f693127300825,2025-10-27,15:55:32,497.25,fcbcbc0bf3c1bf7a,2025,24
3900a3bff7ab0bcf,2025-10-27,15:59:54,994.5,809ddeafd8ed7d65,2025,24
814d7560ff9b9085,2025-10-27,17:16:14,497.25,d3fae569c431fca3,2025,24
67c8678338fff0de,2025-10-27,18:20:32,397.8,497bb44d302ff79c,2025,24
e7cfd8100447b541,2025-10-27,18:27:31,200.0,86b5c2458c15815b,2025,24
5f403b35898d4e43,2025-10-27,19:18:51,1591.2,d9f8c2d5b6737159,2025,24
0ed243c5a51fea68,2025-10-27,19:26:31,497.25,dd3d09ddbb7cccb2,2025,24
ee2aa1986d620c5a,2025-10-27,19:36:46,795.6,af14c71d7b44ac63,2025,24
48dbc9dab8198c9b,2025-10-28,11:53:49,2486.25,3c1dec40d56b70e1,2025,24
1637cb1b8e8ba8e9,2025-10-28,12:59:13,397.8,8b0e97fc7b6fda95,2025,24
ff5080451af6894b,2025-10-28,13:50:04,497.25,378c2550f5882027,2025,24
5bc1044fcaa2d36e,2025-10-28,15:29:54,397.8,7f7341e2036f51a4,2025,24
1eaffe51a4ba2828,2025-10-28,17:53:33,2983.5,52279702d43d9f5b,2025,24
53eba7e925001fc6,2025-10-28,18:10:59,397.8,7e1aec8e771b1336,2025,24
94cbb92088952092,2025-10-28,18:15:32,397.8,27e46475ecaa7bd3,2025,24
7c61e9721bea32de,2025-10-29,12:06:44,994.5,089d700fe2b4fadb,2025,24
7d0a45d0ba88e6fc,2025-10-30,12:51:23,397.8,809ddeafd8ed7d65,2025,24
91a1a4bdaca8307d,2025-10-30,14:13:43,397.8,1933054b92df99da,2025,24
f4bfcd1e788f3ea0,2025-10-30,14:18:34,497.25,a2f8e361ddb31522,2025,24
c9563cb619ea3012,2025-10-30,14:54:53,397.8,c897b09d0d744b67,2025,23
607571b10bfbb3dc,2025-10-30,15:26:19,200.0,d6ae6eb08b38b89a,2025,23
183098665345af88,2025-10-30,15:49:59,497.25,63a9e3da80702105,2025,23
33700af68a12a8a5,2025-10-30,16:19:20,397.8,175ef0916604f418,2025,23
5d46b21460145d14,2025-10-30,16:44:49,150.0,89e64150c114ef80,2025,23
8ec25afb17c13860,2025-10-30,17:25:46,1093.95,0106e872509e63c3,2025,23
db1681f972095540,2025-10-30,17:40:47,397.8,62df22b86ac0590e,2025,23
679d542af773b767,2025-10-30,18:14:40,497.25,dc1f4ef836d38ac0,2025,23
d6a0ffdbc844db9e,2025-10-30,18:58:39,397.8,7386f1db2998ff8b,2025,23
e70e8d7e22cb8478,2025-10-30,19:04:31,397.8,ed38253efb7b3222,2025,23
bd44ebb653cff625,2025-10-30,19:49:15,497.25,258f76d766ca03c1,2025,23
ca3b9eef0d2bdf99,2025-10-30,20:56:45,397.8,701397aa4ccd3458,2025,23
767f2f0d8a205a2b,2025-10-30,21:11:56,397.8,3de68eb7361320b7,2025,23
6d30c71cb48ed975,2025-10-31,14:42:06,497.25,842969e73d942fc3,2025,23
d41ccc11ee84a66b,2025-10-31,16:17:25,397.8,ef948e13078d5ea5,2025,23
3f2ba7cad54c1414,2025-10-31,16:28:25,397.8,4b885df3774ad95f,2025,23
292ce2b512c884e0,2025-10-31,16:30:44,397.8,448f68658b6ae246,2025,23
cf817bfd77e65fd1,2025-10-31,16:34:34,895.05,af14c71d7b44ac63,2025,23
938f4d2338fd8812,2025-10-31,18:00:41,298.35,53fcbbd8ba6f25b5,2025,23
756802a68ae65133,2025-10-31,18:41:46,298.35,1fd910383355cb64,2025,23
5de0f3f14a043822,2025-10-31,18:46:39,397.8,56207710f85602f5,2025,23
ed01d35810d269a0,2025-10-31,18:54:21,596.7,180d1aad89e673b4,2025,23
7fae8d17583cd249,2025-10-31,20:11:55,397.8,7e66cbb9145ed424,2025,23
4981cb1144796f96,2025-11-01,12:27:36,200.0,79fe3ceb26ef5bb5,2025,22
179ff91abe879fcf,2025-11-01,14:10:42,397.8,92045ea2e6fc1f30,2025,22
ca24f3e884d10f5d,2025-11-01,15:49:54,397.8,f012bfd80bcc02d7,2025,22
330766f75c1317a2,2025-11-01,17:11:37,397.8,a8a3c2d99986c218,2025,22
d02adf4960fc5554,2025-11-01,17:12:33,1193.4,f7da88833184a5ec,2025,22
afbf9429690729bc,2025-11-01,17:29:35,397.8,50b00a49b5dfc632,2025,22
d6d33c993890d0d6,2025-11-01,20:11:53,397.8,2a89c15c69f61a78,2025,22
74a650c2dd3f1d62,2025-11-02,13:33:02,397.8,f999441cdb10deed,2025,22
cd9d748556ede52e,2025-11-02,14:51:02,200.0,d461186749578af8,2025,22
ce597a7901a42ae2,2025-11-02,16:08:31,397.8,56ae2849ccf76990,2025,22
7fa64a0a805d1142,2025-11-02,16:49:33,1193.4,26fffb43361eca9e,2025,22
b2fa031f403d5c1c,2025-11-02,17:10:53,497.25,d2e486cd6d3dbf3e,2025,22
51ca4343f9b0bb21,2025-11-02,17:10:53,497.25,c1f65786f7092175,2025,22
3626cd5b5c50db49,2025-11-02,17:17:55,298.35,809ddeafd8ed7d65,2025,22
79aee02d27b595f6,2025-11-02,18:29:56,497.25,a1a91d975ed6478c,2025,22
b6c772e0c185be65,2025-11-02,18:48:53,397.8,38ba69e8511fd6bd,2025,22
372a22df21dc9ef1,2025-11-02,19:25:20,397.8,88c7e72f48eb598b,2025,22
521ade857a346ec8,2025-11-02,19:34:25,497.25,6e6a61456c8905eb,2025,22
bab7442a5467c98e,2025-11-03,11:56:49,397.8,1558d2156d99d5bf,2025,22
8647e4aca5a1fb3c,2025-11-03,13:46:10,397.8,2327eecca46e6ad2,2025,22
51006658c67a51e3,2025-11-03,14:18:28,298.35,36cd9c834179b144,2025,22
c31f86ffd0a2041a,2025-11-03,15:10:25,497.25,42c8e9b74bd8adb6,2025,22
afaffe6943ec4948,2025-11-03,18:52:05,497.25,f12e04105b12bd9c,2025,22
c5ba34c7e3611e50,2025-11-03,19:01:57,397.8,f516803f65250ff4,2025,22
64e122d33e09e56d,2025-11-03,19:35:14,397.8,909a95622e0c7ba0,2025,21
0ff307ff56d89605,2025-11-03,20:32:06,397.8,11bd00c8bf0ca16c,2025,21
03faeb4934e95dbd,2025-11-04,11:28:50,298.35,68c571af3ff21546,2025,21
ad6776603f99f336,2025-11-04,12:47:43,200.0,af14c71d7b44ac63,2025,21
781b9c21261ca5e4,2025-11-04,13:49:08,397.8,8e5a2094014b197a,2025,21
97605d7cd72bf9f4,2025-11-04,15:29:47,497.25,ab6d69c3e6c699e2,2025,21
0e9b8262822528dd,2025-11-04,15:46:50,497.25,d211ed7191e0489a,2025,21
fda979c5468b7161,2025-11-04,15:55:07,397.8,7f7341e2036f51a4,2025,21
59cb351acaf440c0,2025-11-04,16:04:57,298.35,38bf01b2b31e6c64,2025,21
27a30ad973c9d1c5,2025-11-04,16:59:40,497.25,f8fc5c9afb7ae389,2025,21
8a4727f0c4ae5fc2,2025-11-04,17:53:40,397.8,b9b9cd4822baf71b,2025,21
44725e9661904564,2025-11-04,18:03:08,298.35,3c1bb77ba3faa98d,2025,21
ca6dd19651cf5003,2025-11-04,18:30:43,397.8,96c423676705b6c3,2025,21
1137370fb009afbb,2025-11-05,12:58:15,1491.75,809ddeafd8ed7d65,2025,21
44fe07b355fba776,2025-11-05,13:34:38,397.8,d9f8c2d5b6737159,2025,21
1dbfa0249b4911f7,2025-11-05,13:53:36,397.8,04679a7c334756b6,2025,21
6eb466f6d449e0f3,2025-11-05,14:05:44,497.25,f733f93f4f1da001,2025,21
951ca23f3a3024d0,2025-11-05,17:07:03,1093.95,af14c71d7b44ac63,2025,21
d02463ec61831f7a,2025-11-05,17:53:01,497.25,ad5e4b1fd26eeefe,2025,21
9304d20358afcb44,2025-11-05,18:42:52,200.0,c776efb72b8caa44,2025,21
342c43415ca2fb4f,2025-11-06,10:38:19,397.8,7386f1db2998ff8b,2025,21
3378d29f3ccbc63e,2025-11-06,10:53:25,397.8,ede2c43c89e02794,2025,21
35d8f53c01e44358,2025-11-06,12:19:55,397.8,64f0d38d882fa56b,2025,21
540f607669e00c99,2025-11-06,12:49:43,200.0,d6ae6eb08b38b89a,2025,21
4c507913be6a470a,2025-11-06,12:52:33,397.8,d50f061b37198e87,2025,21
a80ec4022304e93f,2025-11-06,16:44:30,795.6,809ddeafd8ed7d65,2025,21
09a920ea0be1e9aa,2025-11-06,17:16:14,497.25,26541a8cc32ba5a7,2025,21
d443eb88d0f93e99,2025-11-06,18:44:38,397.8,a91c9157d03c041b,2025,20
7b9255cf593847a7,2025-11-06,20:14:59,397.8,0db97f2af0582af5,2025,20
0a6e191ea5aa01bf,2025-11-07,13:14:43,397.8,1e7229b251e50a16,2025,20
3b6ea70a7327e306,2025-11-07,13:44:01,994.5,c814c4089916a5b3,2025,20
4e8813423e43b024,2025-11-07,15:09:40,397.8,56ae2849ccf76990,2025,20
a22611ac9719e005,2025-11-07,15:13:07,497.25,32ca4bccfd60a41c,2025,20
e3bc62d4a554fb13,2025-11-07,16:19:35,200.0,dc9f9d8e086d1326,2025,20
b04396e9bc9f0920,2025-11-07,18:18:14,397.8,7e66cbb9145ed424,2025,20
0271fa4b224cc154,2025-11-07,18:32:30,200.0,ec1d33ae5c344e2e,2025,20
d934034118537f62,2025-11-07,19:12:17,497.25,836f47c5fbc38993,2025,20
04845da1f2357ceb,2025-11-07,19:24:15,200.0,fa68f06bbd6067e8,2025,20
7f9b7c1dbc6a4beb,2025-11-07,20:15:15,497.25,2277437a9b487ea6,2025,20
a783b5b738d8e47c,2025-11-07,20:27:39,397.8,809ddeafd8ed7d65,2025,20
9c99912ad630adb3,2025-11-08,11:21:22,397.8,40755ce06f7c1cd9,2025,20
369a42bc6d20d8a6,2025-11-08,11:53:41,200.0,f516803f65250ff4,2025,20
fe099fd8bff92f1d,2025-11-08,12:37:29,200.0,463c283a838fb1e7,2025,20
7882c59eb76c494b,2025-11-08,12:50:24,397.8,424aa970b147f7be,2025,20
66b4f295814f2169,2025-11-08,12:53:41,397.8,809ddeafd8ed7d65,2025,20
7a628958df97ffdd,2025-11-08,13:59:31,200.0,af14c71d7b44ac63,2025,20
f346967347ace527,2025-11-08,14:00:04,397.8,ab6cc6c89a759257,2025,20
62cfc3c237f3d981,2025-11-08,14:16:28,397.8,f2ccc97dbfc31d5b,2025,20
707d12a35c6bb3e1,2025-11-08,15:40:32,497.25,af14c71d7b44ac63,2025,20
a22868c7f8555af7,2025-11-08,16:45:36,497.25,69218f2b8fadd111,2025,20
0422c5b0b74ed6c1,2025-11-08,16:59:52,298.35,3b6146fd1160a49a,2025,20
4f37c9f7a2fcd730,2025-11-08,17:56:03,397.8,f19707e7feaab25f,2025,20
50e00a4a4aef73f6,2025-11-08,18:18:42,497.25,ce2afabd17ba4e60,2025,20
1a93ad5cc298d66d,2025-11-08,18:22:29,497.25,809ddeafd8ed7d65,2025,19
ea5824dde2d83016,2025-11-08,18:30:09,397.8,1933054b92df99da,2025,19
1e40071c74aad82f,2025-11-08,18:40:50,200.0,ca0c1e245f5455c9,2025,19
5946f7e0522d36d0,2025-11-08,19:48:19,397.8,3d1610cf08e87a83,2025,19
efe5439458f3e927,2025-11-09,12:04:57,298.35,03dbccbc57561932,2025,19
5566acc8fbf81ba6,2025-11-09,16:03:27,397.8,38ba69e8511fd6bd,2025,19
3636e7567e6956ce,2025-11-09,16:28:56,200.0,7e1aec8e771b1336,2025,19
f7a3b005e425fe03,2025-11-09,17:22:00,397.8,e7f3bc23f2f8ea7c,2025,19
8547b7e27db5b69c,2025-11-09,18:03:21,397.8,e84ee76cabfd7007,2025,19
592eb217466d45fc,2025-11-10,13:36:48,200.0,af14c71d7b44ac63,2025,19
04b4fc9a8cc1235a,2025-11-10,14:43:57,1591.2,3de68eb7361320b7,2025,19
4e0dcb92373078c0,2025-11-10,15:40:45,397.8,b8c6d597e0e67f48,2025,19
9185b2b6399b082b,2025-11-10,17:39:40,1292.85,e31c3a81d9a7b753,2025,19
bf13da72ddd6afb6,2025-11-10,18:09:45,497.25,a6b2eb3cfd04917c,2025,19
159aeb91ad6935e7,2025-11-10,18:14:13,497.25,af14c71d7b44ac63,2025,19
b895bfad54e136a0,2025-11-10,18:20:41,397.8,19d8b75eef263d3f,2025,19
9e763949bd52c673,2025-11-10,18:49:04,397.8,809ddeafd8ed7d65,2025,19
c5003097b16a2158,2025-11-10,18:55:42,2088.45,af14c71d7b44ac63,2025,19
6184f9417b93e26e,2025-11-10,19:05:40,497.25,2d550d4ce27616c6,2025,19
ab8c67b64418e40b,2025-11-10,19:12:12,200.0,60d93c7ef514b250,2025,19
19e65ba3b7560b15,2025-11-10,19:51:33,497.25,42c8e9b74bd8adb6,2025,19
983cd30edfed78e8,2025-11-11,10:54:35,397.8,809ddeafd8ed7d65,2025,19
2f0df3786ba4e1b6,2025-11-11,13:55:31,298.35,f4b811b17180ea83,2025,19
4c697f8a06d99190,2025-11-11,16:40:37,497.25,0c56e804044060f9,2025,19
5074fe3f13043b99,2025-11-11,17:08:51,397.8,ed38253efb7b3222,2025,18
c7d353426218a821,2025-11-11,17:27:26,397.8,13456a2467957ec5,2025,18
3f91f7366bf81922,2025-11-11,18:10:12,397.8,13aaa45488235a28,2025,18
fc2666c5b84a8fba,2025-11-11,18:25:03,397.8,809ddeafd8ed7d65,2025,18
c97bd1a61b7aa6ec,2025-11-11,19:03:18,745.87,809ddeafd8ed7d65,2025,18
3e53f22ec12e5516,2025-11-11,20:10:33,397.8,7f7341e2036f51a4,2025,18
5c5c2c3f274b39fa,2025-11-11,20:18:31,397.8,7a37da6e19383faf,2025,18
d0cc65bb5ec29a34,2025-11-12,13:19:31,298.35,74b0cf5fedee8f4f,2025,18
d0a5f83f59c408b1,2025-11-12,14:21:04,397.8,809ddeafd8ed7d65,2025,18
f0b540111219a368,2025-11-12,15:47:07,397.8,eb57efcec24b7e7d,2025,18
7c80e35b11b58eef,2025-11-12,16:20:53,100.0,b3ced9c7e0347a83,2025,18
86d668c69c18a311,2025-11-12,21:52:29,397.8,809ddeafd8ed7d65,2025,18
34c23ac8f9206772,2025-11-13,12:42:09,298.35,1389a1d385cda52a,2025,18
4a1ebcaaed3d638d,2025-11-13,14:51:43,200.0,af14c71d7b44ac63,2025,18
4862ee6819dc2817,2025-11-13,18:10:38,2685.15,9a438ccfbceafdf1,2025,18
6e2944e3a579e84f,2025-11-13,18:51:04,397.8,71088b2e82a080ba,2025,18
bff958a7ba5d2e51,2025-11-13,19:36:34,1392.3,af14c71d7b44ac63,2025,18
7e84b90d927ad3f2,2025-11-14,13:30:50,200.0,ad6975fab8bc359e,2025,18
039cb29f31bce799,2025-11-14,14:48:12,397.8,9edef0a9aa1990a3,2025,18
c65f6155185da2d1,2025-11-14,15:56:49,397.8,1e7229b251e50a16,2025,18
28a1542e78fdc681,2025-11-14,18:14:46,1292.85,42ace6a298a034ef,2025,17
69e8ed1bb68358ec,2025-11-14,18:30:23,497.25,809ddeafd8ed7d65,2025,17
9cff1e6fb7886143,2025-11-15,10:02:55,497.25,661986fc840c8ad2,2025,17
d8a5f71c49d134b6,2025-11-15,11:03:22,696.15,809ddeafd8ed7d65,2025,17
924b7e5c659589aa,2025-11-15,11:40:26,200.0,979fb850c7160e13,2025,17
705725b8104c5198,2025-11-15,14:15:51,795.6,af14c71d7b44ac63,2025,17
ab39f2fb3517769f,2025-11-15,14:19:32,497.25,d608cf76039bb09e,2025,17
567af6d16c25460e,2025-11-15,14:39:37,397.8,7e1aec8e771b1336,2025,17
56a6ff9c6e9d3a66,2025-11-15,16:44:04,397.8,56ae2849ccf76990,2025,17
c5e50b5c1411d58d,2025-11-15,17:24:43,100.0,cb0858c1afc8f1d8,2025,17
30bbd04ed4580068,2025-11-15,17:30:17,397.8,8ab9426d9dacec4f,2025,17
49fedc69bd148da0,2025-11-15,17:34:56,1392.3,af14c71d7b44ac63,2025,17
a1e546cdc0fc378a,2025-11-15,18:10:15,397.8,af14c71d7b44ac63,2025,17
97e29bec6ba2caa6,2025-11-15,18:26:35,397.8,f999441cdb10deed,2025,17
2996a4feb755a529,2025-11-15,18:46:04,397.8,58386ba93ab8c0f7,2025,17
1861c034784f14b7,2025-11-15,19:09:16,397.8,88c7e72f48eb598b,2025,17
ae9779fed057c685,2025-11-15,19:20:29,497.25,809ddeafd8ed7d65,2025,17
dcc4b9b784958538,2025-11-16,14:47:01,397.8,27e46475ecaa7bd3,2025,17
acd693e3393be7f0,2025-11-16,15:04:58,200.0,d14ba4fa790fc482,2025,17
10c1ffa12847f05a,2025-11-16,16:08:53,298.35,809ddeafd8ed7d65,2025,17
ae4a2b5539a0ad53,2025-11-16,16:56:24,397.8,7dfe7c0fcd6b2412,2025,17
28ca82093406b2f0,2025-11-16,18:49:50,497.25,809ddeafd8ed7d65,2025,17
bbff66a5424757d6,2025-11-16,20:22:15,397.8,7c261e8c69dcad1b,2025,17
689299b19da6cf2b,2025-11-17,11:19:01,397.8,04679a7c334756b6,2025,16
a0a1336532520293,2025-11-17,13:10:04,1392.3,440d211bb7942184,2025,16
fd93219726d43255,2025-11-17,13:34:35,397.8,3de68eb7361320b7,2025,16
33db3eb847a19afa,2025-11-17,13:49:09,397.8,5523b938c96b7c6c,2025,16
a5cee9300f70c770,2025-11-17,16:07:00,397.8,0931fc241c3a0772,2025,16
b6c5201688facf38,2025-11-17,16:39:30,497.25,26fffb43361eca9e,2025,16
07d93d1950643281,2025-11-17,16:42:20,497.25,ee1603547452ecf1,2025,16
edb7c1eb30c38006,2025-11-17,17:11:11,397.8,c6e0b09fbee04868,2025,16
b813abd3893e0e9e,2025-11-17,17:13:01,994.5,42daeeb2a2eb6cfc,2025,16
5a93194044b5c898,2025-11-17,17:17:47,397.8,448f68658b6ae246,2025,16
f3243fdb26c84e5f,2025-11-17,18:00:02,497.25,03dbccbc57561932,2025,16
a3577c4161066841,2025-11-17,18:11:56,397.8,497bb44d302ff79c,2025,16
916a230cbbdb5bb4,2025-11-17,18:28:48,497.25,467b1219f667b5da,2025,16
b0ca122ee613a163,2025-11-17,19:19:29,397.8,f516803f65250ff4,2025,16
5b4443f2be2a930b,2025-11-18,14:21:00,200.0,809ddeafd8ed7d65,2025,16
8d823a0723e986de,2025-11-18,17:41:41,397.8,3de68eb7361320b7,2025,16
57a45a793e69fb91,2025-11-18,20:00:17,298.35,b3ced9c7e0347a83,2025,16
3d52a6e1fa2b84ce,2025-11-19,14:15:46,397.8,1933054b92df99da,2025,16
c587537657449137,2025-11-19,17:12:53,397.8,ba20692fab0756b5,2025,16
bdb3799d8df8efe0,2025-11-19,17:53:01,895.05,809ddeafd8ed7d65,2025,16
17516879de3de273,2025-11-19,18:31:20,200.0,48d149b6d6280123,2025,16
33dd14cec238de55,2025-11-19,19:05:40,397.8,37f5d9b666a778ac,2025,16
587adacdfa453b31,2025-11-20,11:31:39,497.25,183c6f1c964f801c,2025,15
1bde53a21b87277a,2025-11-20,14:51:50,397.8,af14c71d7b44ac63,2025,15
307ea4ce7455de48,2025-11-20,17:11:20,497.25,9a438ccfbceafdf1,2025,15
20a81c2d292d2e62,2025-11-20,18:51:06,497.25,42c8e9b74bd8adb6,2025,15
ba4d690c45552673,2025-11-20,19:28:36,397.8,7e66cbb9145ed424,2025,15
85061640ab6d0218,2025-11-21,09:47:00,397.8,ec1d33ae5c344e2e,2025,15
d6b608b245620793,2025-11-21,13:17:35,397.8,f94533bb14d724e4,2025,15
91014d8fafe77a46,2025-11-21,14:28:07,298.35,809ddeafd8ed7d65,2025,15
77a0c00dcac81dc9,2025-11-21,15:19:51,497.25,a806e88a6ff887d0,2025,15
6d6f31f0fdcb15db,2025-11-21,15:52:55,397.8,26fffb43361eca9e,2025,15
a5867acc20aaef25,2025-11-21,16:15:07,1093.95,84f5441a046fb04a,2025,15
b255aed4d5ac0f02,2025-11-21,16:58:23,994.5,5ec23de8264ff95c,2025,15
14fc2cca309b02cb,2025-11-21,17:00:47,200.0,cf7733ce50747cdc,2025,15
ddc300fd5b3bb7a2,2025-11-21,17:01:46,497.25,5ec23de8264ff95c,2025,15
5d114363fe9504d9,2025-11-21,18:01:58,397.8,ca0c1e245f5455c9,2025,15
c23ca22d595b476c,2025-11-21,18:04:19,397.8,7f7341e2036f51a4,2025,15
889e111b2389e9fb,2025-11-21,18:38:36,298.35,3a2b9fcbf007abed,2025,15
b56360849a747a8d,2025-11-22,10:49:07,200.0,d0307d80c97bb981,2025,15
6378fe0a1b8ff2eb,2025-11-22,13:07:20,795.6,509e18a8f2408c27,2025,15
5cc02e04eb25aeb4,2025-11-22,13:24:39,298.35,7334565f9040a95d,2025,15
9b85a2554a16389b,2025-11-22,14:03:33,298.35,809ddeafd8ed7d65,2025,15
d81252e864c58ea0,2025-11-22,15:18:40,497.25,eb2f97ed71155f76,2025,15
f48b63af55ab5f15,2025-11-22,16:25:34,994.5,9a438ccfbceafdf1,2025,15
ec25ae93118b26df,2025-11-22,16:34:16,397.8,af14c71d7b44ac63,2025,15
7860c883099155c6,2025-11-22,17:51:49,397.8,56ae2849ccf76990,2025,14
dd8149ee8531d2ea,2025-11-22,18:26:33,397.8,8ab9426d9dacec4f,2025,14
b3f871fc87b5e005,2025-11-23,13:16:42,497.25,082ff5f264560c70,2025,14
9d39b5f6bba5a67b,2025-11-23,13:37:06,497.25,b8e14e286f880de9,2025,14
d4e39aef73000b38,2025-11-23,15:39:14,298.35,68c571af3ff21546,2025,14
24e280338ccb5dd1,2025-11-23,16:47:33,397.8,f19707e7feaab25f,2025,14
48b3f0dc526d2292,2025-11-23,17:52:13,397.8,38ba69e8511fd6bd,2025,14
cbf35d8ef96ebf7b,2025-11-23,18:34:38,397.8,2327eecca46e6ad2,2025,14
9ecdc81eeb5a4bdc,2025-11-23,18:47:07,397.8,35fc95cfdc08a809,2025,14
b72b93de373d6185,2025-11-24,11:02:45,397.8,8b8ebb48f6044584,2025,14
f779f359fa323bea,2025-11-24,11:52:10,497.25,aae074fdf96fc63e,2025,14
8fc4fca799c3e701,2025-11-24,12:32:12,397.8,7386f1db2998ff8b,2025,14
a7f09da0401978ff,2025-11-24,14:11:03,397.8,f999441cdb10deed,2025,14
0444778851e10e89,2025-11-24,14:24:52,397.8,d9f8c2d5b6737159,2025,14
1abe82b7ebc3a348,2025-11-24,17:01:34,200.0,d6ae6eb08b38b89a,2025,14
a218308837a1d805,2025-11-24,17:04:23,200.0,4b885df3774ad95f,2025,14
0c707b6a32bfcda9,2025-11-24,17:28:32,397.8,89e64150c114ef80,2025,14
6910fa7a33d57e18,2025-11-24,18:37:49,596.7,af14c71d7b44ac63,2025,14
fcb53684dbd28ff4,2025-11-24,18:43:20,200.0,f516803f65250ff4,2025,14
99ba10f0ed65efc9,2025-11-24,19:08:35,994.5,af14c71d7b44ac63,2025,14
28b94f16adcae6c1,2025-11-24,19:18:56,397.8,af14c71d7b44ac63,2025,14
86f92230c6a147f7,2025-11-24,19:36:44,397.8,72c749a151559660,2025,14
d787ed00ff9ce863,2025-11-25,11:43:07,298.35,d211ed7191e0489a,2025,14
3186f2ac9a401c9d,2025-11-25,12:59:08,397.8,92045ea2e6fc1f30,2025,14
570361fdc33bf25b,2025-11-25,13:42:27,397.8,93dc137803aa0eb6,2025,14
f3569692219da3fe,2025-11-25,14:12:54,397.8,ab5ebb9c0c28f2ac,2025,14
e9899d8d3fc70fb8,2025-11-25,17:03:50,1690.65,da7a33129d78d734,2025,14
922c18b76f73db01,2025-11-25,20:42:16,397.8,26d7e307047a6b8e,2025,13
64ce7ff160d64edb,2025-11-25,21:11:58,994.5,809ddeafd8ed7d65,2025,13
8186580d5792a4f2,2025-11-25,21:15:49,397.8,7e1aec8e771b1336,2025,13
b76a57ef2121ec46,2025-11-26,10:50:20,397.8,bd5a0fa90fe6ffc6,2025,13
ef42ef76b0386b4a,2025-11-26,11:51:46,497.25,089d700fe2b4fadb,2025,13
6bf33e792bc2122f,2025-11-26,13:26:44,497.25,fa87d6c541a46233,2025,13
e54535bf5fefca0f,2025-11-26,14:28:52,497.25,d211ed7191e0489a,2025,13
3ab0d0f07fecd1a7,2025-11-26,15:28:19,895.05,c05535785dbfb3e0,2025,13
62255b2c748a1bb0,2025-11-26,18:39:17,994.5,809ddeafd8ed7d65,2025,13
f7bde1e4c60a4e4a,2025-11-26,18:53:06,397.8,ed38253efb7b3222,2025,13
2cf1eb4bdae4fdf2,2025-11-26,20:09:46,298.35,6cd09a96092694b5,2025,13
4c258d2d00bad9d1,2025-11-27,10:40:24,200.0,9dea715ae09f0012,2025,13
175ee89eec65d454,2025-11-27,11:28:23,397.8,04461b7b1457a80b,2025,13
cec0b05571870609,2025-11-27,11:53:01,298.35,11ab79203657c64a,2025,13
3739c646845212e9,2025-11-27,13:04:57,397.8,701397aa4ccd3458,2025,13
24940ba0cc7990ef,2025-11-27,13:23:14,298.35,e0f76012361ff60c,2025,13
eb77684f301c602e,2025-11-27,13:29:09,298.35,1473794f0edc60f3,2025,13
647e6779084c99ae,2025-11-27,14:30:45,497.25,a550f0b2477d899b,2025,13
73543197731e28b1,2025-11-27,15:31:05,1989.0,809ddeafd8ed7d65,2025,13
6e41cf599f5b3fce,2025-11-27,16:49:44,200.0,bb08ab9050a28f44,2025,13
10ee33ce310992fe,2025-11-27,17:26:53,497.25,766f6a67317295a2,2025,13
6d837ce69139f298,2025-11-27,19:05:51,397.8,af14c71d7b44ac63,2025,13
a9802fa3fd01326b,2025-11-27,19:55:48,994.5,169f6d279fdc0600,2025,13
a2b8a398ec289f83,2025-11-28,11:15:02,397.8,04679a7c334756b6,2025,13
b091b2c6e078ac3c,2025-11-28,13:22:15,795.6,809ddeafd8ed7d65,2025,13
9352fd313b2dcd40,2025-11-28,13:51:48,298.35,f4b811b17180ea83,2025,13
36ce59c4c5a62c1a,2025-11-28,15:05:56,397.8,8ab9426d9dacec4f,2025,13
46daaa8206fa28a6,2025-11-28,16:05:02,795.6,1e7229b251e50a16,2025,12
246ab9fe45f27be3,2025-11-28,16:25:24,397.8,9d625967374abf46,2025,12
0fc215983166fbd9,2025-11-28,16:47:05,397.8,1933054b92df99da,2025,12
67e1aaa0892bcbdb,2025-11-28,19:21:20,397.8,44bc4b60c339845c,2025,12
2241761cffe12438,2025-11-28,20:40:21,2884.05,af14c71d7b44ac63,2025,12
de15f74a19a94c54,2025-11-29,10:52:50,397.8,d0307d80c97bb981,2025,12
69de81ed905af708,2025-11-29,13:32:30,397.8,3cd6178d79301f52,2025,12
6f2fd700421a573f,2025-11-29,13:41:55,1392.3,440d211bb7942184,2025,12
61aaffd8d65ce575,2025-11-29,14:15:01,1093.95,13aaa45488235a28,2025,12
48a250576700622a,2025-11-29,14:23:40,397.8,9fc958b6f52e0b6a,2025,12
ffa8319a6b9c9b8f,2025-11-29,14:58:36,497.25,f32a7e58394eedea,2025,12
261d25c99cd9c50a,2025-11-29,15:08:07,397.8,d6ae6eb08b38b89a,2025,12
c8d8b67efb51f281,2025-11-29,16:42:52,298.35,513c3c3a09d19fc0,2025,12
2fce453417f32ecb,2025-11-29,18:11:43,795.6,748b7dcfc42a4e48,2025,12
f5e10bc8ff47d6bf,2025-11-29,19:12:48,1392.3,af14c71d7b44ac63,2025,12
1379a785fd92ff07,2025-11-30,14:14:51,497.25,e7f3bc23f2f8ea7c,2025,12
57822b62e7a0efa5,2025-11-30,14:57:41,497.25,c7a96ec95021b994,2025,12
ade7ba4a59a80fe9,2025-11-30,15:21:02,200.0,809ddeafd8ed7d65,2025,12
dfc11fb71905e076,2025-11-30,15:38:47,397.8,88c7e72f48eb598b,2025,12
a6d3dc9061c686b9,2025-11-30,16:19:35,397.8,809ddeafd8ed7d65,2025,12
d0d5a0f58f8e6b71,2025-11-30,17:15:41,397.8,d11836664c5bed90,2025,12
4876182b1720dcb0,2025-11-30,18:31:10,200.0,2561d3bc6ad91a27,2025,12
cdc85d3a48e7cca5,2025-12-01,11:41:44,397.8,7f7341e2036f51a4,2025,12
012474e8b88187b1,2025-12-01,11:52:15,497.25,ecd256bbc11d0f99,2025,12
c8c4ac30dfecfb14,2025-12-01,13:11:09,397.8,d50489c686a42fda,2025,12
e842eabc08394b5c,2025-12-01,13:23:18,497.25,d6481f927c049f2e,2025,11
dfa9c79592adcf58,2025-12-01,13:59:14,397.8,0fd8627fddb6aab1,2025,11
9d75718635e9e8b2,2025-12-01,14:19:42,397.8,38bf01b2b31e6c64,2025,11
7331f89d19278018,2025-12-01,14:52:15,200.0,e2211df67e737c44,2025,11
63fb9f67a15ece41,2025-12-01,16:25:00,497.25,8668fc83c0cbe3ba,2025,11
49c8dbd7da815b5a,2025-12-01,16:47:53,497.25,42c8e9b74bd8adb6,2025,11
fcc121611f118c01,2025-12-01,17:24:14,397.8,96e1904d49006a7c,2025,11
01216f65cfb1de89,2025-12-01,17:27:15,795.6,809ddeafd8ed7d65,2025,11
bb81522778fa0830,2025-12-01,17:59:21,397.8,19e7861497d8fb05,2025,11
1ba457ef57322ef1,2025-12-01,18:41:00,298.35,95f67c749858649e,2025,11
bb617c14d1650824,2025-12-01,18:45:16,397.8,f023f05d74251e6e,2025,11
fb8751f5e4f35525,2025-12-01,19:00:12,397.8,af14c71d7b44ac63,2025,11
076ea662a6b9a859,2025-12-01,19:11:32,497.25,dd3d09ddbb7cccb2,2025,11
313d78df9fc828cf,2025-12-01,19:11:34,497.25,,2025,11
9a8c536ab0d51d29,2025-12-02,10:47:02,497.25,45c606f02517bbd5,2025,11
94ce7ff623af52fd,2025-12-02,12:40:30,200.0,cf7733ce50747cdc,2025,11
adddb94bab2d7f64,2025-12-02,14:39:13,397.8,5583d4754815a72c,2025,11
77a2f23d45db34bd,2025-12-02,17:25:39,1193.4,e31c3a81d9a7b753,2025,11
75b5f9168b3b90c1,2025-12-02,17:53:37,397.8,56ae2849ccf76990,2025,11
e1ab88cf75c4b4e7,2025-12-02,19:42:40,2088.45,809ddeafd8ed7d65,2025,11
0dd95cfb7987c700,2025-12-03,16:18:03,795.6,1f65309b2f247959,2025,10
06a6ae9a376dc21d,2025-12-03,16:54:41,397.8,ad462ac01134d087,2025,10
bbf6e3b2fe0612a6,2025-12-03,19:02:18,696.15,e2211df67e737c44,2025,10
6ba9da0e32548f73,2025-12-03,19:23:21,1491.75,809ddeafd8ed7d65,2025,10
4817102a853e431b,2025-12-03,20:01:05,397.8,d9f8c2d5b6737159,2025,10
9dc4228e32c247fb,2025-12-04,10:41:21,200.0,d95caa4aa15a5155,2025,10
09a51ed8c8111c72,2025-12-04,12:19:14,397.8,7386f1db2998ff8b,2025,10
4704cb625147740c,2025-12-04,12:51:02,497.25,8cd7c516e55af14c,2025,10
cf053eb0f96cde03,2025-12-04,17:20:32,497.25,3db78f423467973a,2025,10
f3962301afcecf8f,2025-12-04,18:01:02,497.25,20cef5ffb55be1f5,2025,10
d60a4b49c82c1452,2025-12-04,18:13:18,397.8,11bd00c8bf0ca16c,2025,10
c01dbdd767b7d74d,2025-12-04,19:12:22,397.8,af14c71d7b44ac63,2025,10
f6ca912fdf78d1a0,2025-12-04,19:34:41,397.8,0db97f2af0582af5,2025,10
96ea697fc1f084e0,2025-12-04,20:03:40,397.8,5fc14234735326f3,2025,10
e860fc9dc7b16549,2025-12-04,20:06:19,397.8,ce2afabd17ba4e60,2025,10
0641527a9078fe79,2025-12-04,20:54:06,1989.0,cad29424eab38d3b,2025,10
1f3387d67d752ba8,2025-12-04,20:54:37,497.25,007ffe348c01c7d6,2025,10
fd6dd176f0d7b7e8,2025-12-05,11:41:42,200.0,9dea715ae09f0012,2025,10
fab7c0f14389de4b,2025-12-05,13:03:35,497.25,4886a61435e533d8,2025,10
549752d126b4ec4c,2025-12-05,13:41:16,397.8,af14c71d7b44ac63,2025,10
2fbbf846f20e2014,2025-12-05,14:18:28,397.8,1e7229b251e50a16,2025,10
0dba392901096f74,2025-12-05,14:36:55,497.25,36cd9c834179b144,2025,10
bddc709bb428d622,2025-12-05,15:45:40,1491.75,b8c6d597e0e67f48,2025,10
64119adf88056e1d,2025-12-05,15:57:01,298.35,5e378bd3d1a36100,2025,10
9d3ee9d34619ba5c,2025-12-05,16:58:47,1193.4,f8fc5c9afb7ae389,2025,10
04cf7ef02ad86024,2025-12-05,17:09:06,298.35,4cd2cad9bc703287,2025,10
20bb00514c0f1f99,2025-12-05,17:11:00,200.0,4cd2cad9bc703287,2025,10
8bd9f941e6c0ac89,2025-12-05,17:13:00,2585.7,809ddeafd8ed7d65,2025,9
a82b3510ebf0be97,2025-12-05,17:21:45,497.25,007ffe348c01c7d6,2025,9
bcc06e8931c24479,2025-12-05,17:37:03,200.0,38bf01b2b31e6c64,2025,9
7ce5019ea6d88633,2025-12-05,18:16:28,1093.95,0931fc241c3a0772,2025,9
86274ceb651cbb3f,2025-12-06,11:52:46,200.0,979fb850c7160e13,2025,9
fb1d8d93d2776531,2025-12-06,12:42:52,696.15,32c927ebc2111a12,2025,9
5f92c455a76c0d6b,2025-12-06,13:07:09,596.7,f516803f65250ff4,2025,9
f2da9ec585214be0,2025-12-06,13:33:19,397.8,f999441cdb10deed,2025,9
ada7fb452f8727ba,2025-12-06,14:08:49,397.8,363ff91a585ee519,2025,9
24d40afd178d6e65,2025-12-06,14:24:07,397.8,e4151b99502b7125,2025,9
47b365445c95400c,2025-12-06,14:36:09,497.25,3ad6b946f598a863,2025,9
be097c9401089695,2025-12-06,15:01:04,200.0,67bf4172e24d42fb,2025,9
9d9ea16552aadf10,2025-12-06,18:08:37,200.0,0d932d87f3ccc19b,2025,9
74ab5960dc76b029,2025-12-06,18:19:16,397.8,ab6cc6c89a759257,2025,9
5a55e42d0d9a3c3e,2025-12-06,18:19:14,397.8,af14c71d7b44ac63,2025,9
a7ccd84f8aaae067,2025-12-06,19:26:26,100.0,2dd006ef921ec442,2025,9
9610ec1061a6b395,2025-12-06,20:26:19,397.8,3d1610cf08e87a83,2025,9
d4e857c5778a13b4,2025-12-06,20:50:05,994.5,9ae73da242b64933,2025,9
87696ece7338cfa7,2025-12-07,14:02:16,397.8,da7a33129d78d734,2025,9
d7ce5285cc152ab4,2025-12-07,15:53:33,4475.25,af14c71d7b44ac63,2025,9
c5b64be35f009781,2025-12-07,16:56:26,200.0,56ae2849ccf76990,2025,9
03e4ff909249dbb4,2025-12-07,17:17:57,200.0,1c35524daedd9dd5,2025,9
2f9855af6a98b41c,2025-12-07,17:33:13,2983.5,af14c71d7b44ac63,2025,9
82c2832a99be40f2,2025-12-07,17:57:44,397.8,8af5af2e08fb6b16,2025,9
46e0a739a29c8733,2025-12-07,18:24:01,497.25,d211ed7191e0489a,2025,9
a1c68bbe99baee69,2025-12-07,18:53:46,1591.2,6912673d4971ec66,2025,9
5e858cec0c4165ec,2025-12-07,19:09:39,497.25,18c2b1327a54a21f,2025,9
442aeacb465f3182,2025-12-08,12:19:36,397.8,7f7341e2036f51a4,2025,8
c99bc956f4246b62,2025-12-08,12:19:54,497.25,af14c71d7b44ac63,2025,8
f1104862698a8aa4,2025-12-08,14:06:57,397.8,92045ea2e6fc1f30,2025,8
0646f412be11d3b7,2025-12-08,16:12:14,397.8,0a5fb71e8d3edda1,2025,8
5208abc036ee59a9,2025-12-08,17:28:05,497.25,4c65ef171555798f,2025,8
8d950abd2dd20afe,2025-12-08,18:17:22,397.8,8ab9426d9dacec4f,2025,8
17edbb49bff4271e,2025-12-08,18:39:43,200.0,dc1f4ef836d38ac0,2025,8
175e38b3a3a9efe1,2025-12-08,20:05:37,2784.6,9013a934187050c7,2025,8
c4193409fd82185e,2025-12-08,20:39:29,397.8,12223fa5f3ed2483,2025,8
e5ef6135c7f57a6d,2025-12-09,12:50:28,200.0,031f63594a4285e5,2025,8
2227a799571e61bc,2025-12-09,12:58:10,795.6,5985a5dfd6ada7e7,2025,8
bbe3a2cf8335bd4d,2025-12-09,15:35:18,397.8,448f68658b6ae246,2025,8
879d55a685db453c,2025-12-09,16:10:34,200.0,ee9dde4dacb7480a,2025,8
b0ca898409654182,2025-12-09,16:23:26,200.0,af14c71d7b44ac63,2025,8
ef2b3bb8f8756e98,2025-12-09,18:14:26,397.8,1933054b92df99da,2025,8
469c8f3369695e55,2025-12-09,18:46:23,200.0,cf7733ce50747cdc,2025,8
ce8e366d99e07248,2025-12-09,20:51:01,1093.95,56207710f85602f5,2025,8
22f8edbe59c2ca88,2025-12-09,21:06:58,397.8,7c261e8c69dcad1b,2025,8
eb4de53250072996,2025-12-09,21:20:11,2386.8,809ddeafd8ed7d65,2025,8
3764f87c3b49b7c2,2025-12-10,12:35:50,397.8,4b885df3774ad95f,2025,8
1ba81c02b2ce4f19,2025-12-10,18:45:49,200.0,809ddeafd8ed7d65,2025,8
bfa3892f02859ff7,2025-12-10,19:34:20,397.8,809ddeafd8ed7d65,2025,8
df9253bab5a86a84,2025-12-10,20:05:38,596.7,d02b796930cddff5,2025,8
620318e18e7beb92,2025-12-11,10:50:26,397.8,f19707e7feaab25f,2025,7
76d91befca329ab3,2025-12-11,11:00:42,497.25,af14c71d7b44ac63,2025,7
1b1bbe5825e73761,2025-12-11,13:33:04,397.8,38bf01b2b31e6c64,2025,7
c68490402006a265,2025-12-11,17:15:34,596.7,29d37f0450cd4f23,2025,7
53be7d213aadc5c6,2025-12-11,17:33:51,200.0,7386f1db2998ff8b,2025,7
e9838c34ce30dd53,2025-12-11,17:56:17,696.15,766f6a67317295a2,2025,7
81f50f3dc2d4e094,2025-12-11,18:33:02,994.5,af14c71d7b44ac63,2025,7
2264db196cf03c3e,2025-12-11,18:41:07,397.8,26fffb43361eca9e,2025,7
6bc8b2ed2695cba8,2025-12-11,18:48:04,397.8,c05535785dbfb3e0,2025,7
c7d36c5e4d67ab79,2025-12-11,19:09:44,497.25,42c8e9b74bd8adb6,2025,7
6edca94a153e72eb,2025-12-11,20:16:40,1392.3,cc0f8f5a87711b74,2025,7
a5c1917c708361b3,2025-12-11,20:34:10,994.5,2aedf1f48891d0f8,2025,7
a61e6ebdc65a3021,2025-12-12,11:04:46,397.8,04679a7c334756b6,2025,7
9015e7d02db5420f,2025-12-12,12:48:49,1392.3,af2bca8f9746ca81,2025,7
cd16c92286b9e095,2025-12-12,13:20:14,397.8,88c7e72f48eb598b,2025,7
4bbb6fe2c02adec0,2025-12-12,15:06:53,994.5,809ddeafd8ed7d65,2025,7
9b97e6f02a084c0d,2025-12-12,15:33:39,497.25,9a88c9bd89740d34,2025,7
b1e78b0d9dd169fd,2025-12-12,17:13:01,397.8,44f40fb8a0461d3b,2025,7
3c581ff5d23ca1ca,2025-12-12,17:43:19,497.25,497bb44d302ff79c,2025,7
33e24cf20143044c,2025-12-13,12:16:28,200.0,3666a355d89e9ea0,2025,6
b132c44378351bbd,2025-12-13,13:17:56,150.0,60d93c7ef514b250,2025,6
032116e70df7dfc1,2025-12-13,14:49:03,397.8,19d8b75eef263d3f,2025,6
6760483312f5c2c5,2025-12-13,16:05:43,994.5,,2025,6
121fc01e3227efe9,2025-12-13,16:25:26,1989.0,809ddeafd8ed7d65,2025,6
1a6f93ec92331de3,2025-12-13,16:55:31,397.8,f999441cdb10deed,2025,6
62deca97fb613fc6,2025-12-13,18:15:55,397.8,8ab9426d9dacec4f,2025,6
5f31c2752329f538,2025-12-13,18:36:23,397.8,56ae2849ccf76990,2025,6
d7a91a0dc5c47302,2025-12-13,19:34:41,497.25,4f4e92429d1a6389,2025,6
dfd4fbbd616a6b73,2025-12-14,12:19:50,497.25,1170e7bafb3771b4,2025,6
dc5a22999fd2ff2d,2025-12-14,12:54:35,497.25,98d27514d5cb0798,2025,6
aed06bf66d43ab8b,2025-12-14,13:35:07,348.07,f4b811b17180ea83,2025,6
7e21cc39ff8184ee,2025-12-14,14:00:49,497.25,18c2b1327a54a21f,2025,6
5464daa82c7ae523,2025-12-14,14:19:05,298.35,7334565f9040a95d,2025,6
9e8db4ecf68a7182,2025-12-14,14:34:16,497.25,7961f22b41728bdb,2025,6
a656eb9a1fb233f8,2025-12-14,14:48:59,596.7,d29676defcef93e9,2025,6
ff7c7ebd83bb0b6e,2025-12-14,15:01:39,397.8,1933054b92df99da,2025,6
deb1be17537188b2,2025-12-14,16:08:31,1690.65,440d211bb7942184,2025,6
96411e98f6b25cfc,2025-12-14,16:43:25,596.7,dd3d09ddbb7cccb2,2025,6
fad9cbdac7ec95e1,2025-12-14,16:48:02,497.25,5d9c65b37a35079c,2025,6
7168ab14672a05e4,2025-12-14,17:36:47,397.8,,2025,6
c48e0459b6f5bd55,2025-12-14,18:17:59,298.35,a1a91d975ed6478c,2025,6
fdd93fd667675f4c,2025-12-14,18:35:54,397.8,38ba69e8511fd6bd,2025,6
2b168e7c1be2db86,2025-12-14,19:36:18,150.0,89e64150c114ef80,2025,6
1e6a5964818dfdfb,2025-12-14,20:00:14,298.35,101eb4e2e7ba33d4,2025,6
c242fd0c1d652aca,2025-12-14,20:20:48,200.0,f516803f65250ff4,2025,5
e253e111c1a43cab,2025-12-14,20:22:43,497.25,f5624012eba4887f,2025,5
0a1f3b4969d83485,2025-12-15,13:45:28,397.8,175ef0916604f418,2025,5
0b91a09bf0e9cdf0,2025-12-15,14:37:08,397.8,d9f8c2d5b6737159,2025,5
837752e840d0d608,2025-12-15,14:38:58,994.5,d11836664c5bed90,2025,5
07ba11220b9dd1ac,2025-12-15,18:49:10,397.8,463c283a838fb1e7,2025,5
b41c63b4d06fdba6,2025-12-15,19:10:38,2486.25,9013a934187050c7,2025,5
45225685e81acf00,2025-12-15,20:25:38,895.05,af14c71d7b44ac63,2025,5
c69cddd506101e12,2025-12-15,20:40:04,994.5,af14c71d7b44ac63,2025,5
6e6018c87b7d95cc,2025-12-16,12:24:47,397.8,f026de885c7856f5,2025,5
15053991639c6956,2025-12-16,12:40:15,795.6,3020170b13c52517,2025,5
9e971e44020f254a,2025-12-16,13:31:33,397.8,7f7341e2036f51a4,2025,5
f548d68595e6e452,2025-12-16,13:53:28,397.8,19e7861497d8fb05,2025,5
c7e77da895342e90,2025-12-16,17:08:37,497.25,bc4ab94fc0015615,2025,5
1fcb894fddb86040,2025-12-16,17:30:08,397.8,1473794f0edc60f3,2025,5
05840ae7c2db358c,2025-12-16,17:49:39,596.7,6d583468a1da9fad,2025,5
ce7d890fa96919a1,2025-12-16,17:53:40,397.8,96e1904d49006a7c,2025,5
f6d036505bd3a149,2025-12-16,18:50:17,696.15,f2540407979a0500,2025,5
3d18ca102152a85d,2025-12-16,19:37:52,397.8,d11836664c5bed90,2025,5
bb641fe7eb70274d,2025-12-17,12:18:23,397.8,65422f42221e6ae2,2025,5
624296aa2c8e2fc0,2025-12-17,13:37:50,497.25,4886a61435e533d8,2025,5
7b845241e6692939,2025-12-17,13:47:20,497.25,b1d9d5bd88219614,2025,5
1bba584f1935082a,2025-12-17,14:27:17,397.8,ba20692fab0756b5,2025,5
41ce540460fc5e2f,2025-12-17,15:34:02,397.8,aedbc65f2abfa555,2025,5
ac8a2b6fc7eb4f72,2025-12-18,11:14:42,397.8,da7a33129d78d734,2025,5
aeb69771642dd247,2025-12-18,12:04:58,497.25,101eb4e2e7ba33d4,2025,5
628883ae81e45a4e,2025-12-18,13:30:54,397.8,eb57efcec24b7e7d,2025,5
28ae8507de5e6c6c,2025-12-18,13:56:13,397.8,b9b9cd4822baf71b,2025,4
e7a741d277883c74,2025-12-18,15:00:38,1392.3,440d211bb7942184,2025,4
38e3b9b5e8ff396e,2025-12-18,16:49:36,397.8,60408e7bd921107c,2025,4
6c2a3f60bc7af5ce,2025-12-18,17:10:33,497.25,af14c71d7b44ac63,2025,4
dba306ae7eadb12f,2025-12-18,17:45:34,795.6,748b7dcfc42a4e48,2025,4
594059b514c424c6,2025-12-18,18:17:23,397.8,af14c71d7b44ac63,2025,4
94e80651b9ea86ba,2025-12-18,18:47:08,397.8,27e46475ecaa7bd3,2025,4
f3cf7ffdafc705b8,2025-12-18,19:14:21,100.0,2dd006ef921ec442,2025,4
497b70362f212347,2025-12-18,19:42:44,497.25,e0f76012361ff60c,2025,4
2e01848cab926d21,2025-12-18,20:17:18,497.25,fbaa94e48644d8e8,2025,4
048fe26a0d74d84b,2025-12-18,20:51:53,497.25,67bea50c862bccf9,2025,4
09656145e83a46e5,2025-12-19,10:59:30,397.8,45c606f02517bbd5,2025,4
c112f5eabe0c7693,2025-12-19,11:45:15,397.8,701397aa4ccd3458,2025,4
92000cc8b1f01570,2025-12-19,12:30:15,397.8,3cd6178d79301f52,2025,4
5792b462e58eac51,2025-12-19,13:38:12,397.8,89e64150c114ef80,2025,4
80f4d050c1308cf2,2025-12-19,15:14:11,200.0,d6ae6eb08b38b89a,2025,4
4b72360f77686fef,2025-12-19,15:25:02,397.8,92045ea2e6fc1f30,2025,4
075c060f47d4ba53,2025-12-19,15:45:38,397.8,af599ee0073c1148,2025,4
e89bd740c39456b2,2025-12-19,16:09:22,397.8,c897b09d0d744b67,2025,4
e7296672d8c22c75,2025-12-19,16:33:51,200.0,cf7733ce50747cdc,2025,4
b1ae850a6943b947,2025-12-20,11:50:46,397.8,809ddeafd8ed7d65,2025,4
2b3b6c3008c7a02b,2025-12-20,12:13:33,397.8,ab6cc6c89a759257,2025,4
c710a353ebdd10f3,2025-12-20,13:15:10,397.8,1933054b92df99da,2025,4
c33f089332fed0c9,2025-12-20,13:55:36,1093.95,9272d2f1e36848ca,2025,4
5e41d6c6827fe4ae,2025-12-20,14:10:43,497.25,72843f2f42acb7c8,2025,4
63558f0fe1d44043,2025-12-20,16:08:02,497.25,4f14e7333ccc3d9a,2025,3
bdc3136067f546d1,2025-12-20,16:30:00,1491.75,2a3c43ea93fd685b,2025,3
ac825af0f60e06f6,2025-12-20,17:17:52,397.8,5523b938c96b7c6c,2025,3
3aa7c65f83272767,2025-12-20,18:06:34,397.8,8ab9426d9dacec4f,2025,3
11da34635a22a6a7,2025-12-20,19:33:46,397.8,56ae2849ccf76990,2025,3
5e2e89c2c4048c24,2025-12-21,12:47:16,497.25,1170e7bafb3771b4,2025,3
565896f57ffdc4c1,2025-12-21,12:52:08,200.0,d95caa4aa15a5155,2025,3
78a62fd53fc94f15,2025-12-21,15:47:25,397.8,69433d3e9de320d8,2025,3
76566d546c913284,2025-12-21,16:38:26,150.0,1dff96e16c73c701,2025,3
376923ee7fdaeb6c,2025-12-21,18:35:34,596.7,4fa0afd04c208152,2025,3
7eb5c3d9ed2bf055,2025-12-22,12:39:00,994.5,a5b8ba94ec26a594,2025,3
e8d38d5e1fd36c24,2025-12-22,13:56:41,397.8,f94533bb14d724e4,2025,3
a4b0bc45e5f8b803,2025-12-22,14:43:49,497.25,10e85e48b3ed9a2f,2025,3
83819319a3754cd3,2025-12-22,16:37:41,795.6,53fcbbd8ba6f25b5,2025,3
f7c4e8d7a0a43306,2025-12-22,17:25:07,497.25,ee1603547452ecf1,2025,3
f7793c5cfce2aa2c,2025-12-22,17:33:06,397.8,50b00a49b5dfc632,2025,3
54f4a48dbfc12a2c,2025-12-22,17:45:21,994.5,5c1b4f48b9ebe9e0,2025,3
b9abc9b908ef924b,2025-12-23,12:57:55,497.25,26fffb43361eca9e,2025,3
3cb5fb462633b2f8,2025-12-23,13:06:03,895.05,04679a7c334756b6,2025,3
2ca1895069b400fc,2025-12-23,16:01:03,200.0,b9ba9242f568abea,2025,3
0f73eda17760a588,2025-12-23,16:07:47,1193.4,42c8e9b74bd8adb6,2025,3
58c977bbf5d3f78f,2025-12-23,16:56:48,497.25,f8fc5c9afb7ae389,2025,3
f6491d4932c82c7e,2025-12-23,17:36:02,397.8,7386f1db2998ff8b,2025,3
d963e98b3e850cb1,2025-12-23,18:23:06,397.8,af14c71d7b44ac63,2025,3
cac8ab0258303e46,2025-12-23,18:24:51,497.25,5ad8fb095905f7d6,2025,3
19a6b528fc819a43,2025-12-23,18:35:50,397.8,15cf8d5d08579dbd,2025,2
0851bc733d5c36f0,2025-12-23,19:45:20,200.0,b3ced9c7e0347a83,2025,2
c16a9c67704e83e3,2025-12-23,19:52:04,397.8,da7a33129d78d734,2025,2
05a9a388a20fd970,2025-12-23,02:07:48,1292.85,809ddeafd8ed7d65,2025,2
d84ccc8b1eb9e4d0,2025-12-24,11:57:39,696.15,b8e14e286f880de9,2025,2
295a78b4a0140d47,2025-12-24,13:39:03,298.35,9f1492265c18b7c3,2025,2
ca7be356b2b0eaf9,2025-12-24,14:07:10,397.8,d02b796930cddff5,2025,2
2dd7e65271441886,2025-12-24,14:08:27,397.8,ab5ebb9c0c28f2ac,2025,2
d0349bee78710ada,2025-12-24,15:16:28,397.8,7f7341e2036f51a4,2025,2
db26a74f9904d5d5,2025-12-24,15:17:02,994.5,0dc677afe27e590d,2025,2
f8fff4e31098aae4,2025-12-24,15:35:07,497.25,34031cc04b138c64,2025,2
3d1a17ff93649470,2025-12-24,16:19:28,200.0,391c69948d4c9b96,2025,2
6327a8d67d798bca,2025-12-24,16:50:50,1193.4,509e18a8f2408c27,2025,2
fc5af8c22d9793bd,2025-12-24,18:59:50,397.8,f999441cdb10deed,2025,2
755d788e20b2d094,2025-12-25,10:58:28,397.8,0db97f2af0582af5,2025,2
faed223c4dee58a4,2025-12-25,11:55:15,397.8,1894f2602062d2cb,2025,2
cb05c3b9bbb41a5c,2025-12-25,12:22:51,397.8,b37a195aedddd61c,2025,2
96512aba404ee715,2025-12-25,12:31:38,497.25,183c6f1c964f801c,2025,2
c243ac8a2362481b,2025-12-26,16:24:39,397.8,809ddeafd8ed7d65,2025,2
4f2145d4d180f30f,2025-12-27,13:28:52,1093.95,809ddeafd8ed7d65,2025,2
2bd73617d51b77bf,2025-12-27,15:31:14,497.25,23cc71d3319efef2,2025,2
57fc9593723de462,2025-12-27,15:48:19,397.8,eaa67b51b6ddbed9,2025,2
63195d41d9c3e7e3,2025-12-27,17:03:55,397.8,56ae2849ccf76990,2025,2
559b9ab81a4afb26,2025-12-27,17:46:47,497.25,049ec8eb0a1aa611,2025,2
79661020df9d4231,2025-12-27,19:32:38,497.25,263dfe323838fa7c,2025,2
4f502fe3c28c90d6,2025-12-28,12:26:36,397.8,110dd35468403d34,2025,2
ad397d4d972594fd,2025-12-28,17:53:49,298.35,f4b811b17180ea83,2025,1
842333b59a256a28,2025-12-29,13:07:05,1093.95,440d211bb7942184,2025,1
0fb40c86ad916ad0,2025-12-29,15:06:28,200.0,fe74f7adb686e6e0,2025,1
e17504fabcf63803,2025-12-30,11:14:09,200.0,d6ae6eb08b38b89a,2025,1
0fe693cecb38ff61,2025-12-30,11:56:03,200.0,cf7733ce50747cdc,2025,1
10bcb1202c62f54e,2025-12-30,13:07:22,397.8,8b0e97fc7b6fda95,2025,1
b744b26f5a68c290,2025-12-31,12:26:05,397.8,809ddeafd8ed7d65,2025,1
d7d1285da6790493,2025-12-31,12:43:33,497.25,d5ba26f8182ca571,2025,1
b26dc9beb64ca8a6,2025-12-31,12:50:23,50.0,4886a61435e533d8,2025,1
4897e4786c5f2ec9,2025-12-31,12:51:37,447.52,4886a61435e533d8,2025,1
2b748aca4c36fe7e,2025-12-31,15:09:55,100.0,7334565f9040a95d,2025,1
d271e326a4afee63,2025-12-31,15:35:49,2486.25,268ec1c501066bc3,2025,1
3355daa235c73f4b,2025-12-31,16:03:18,994.5,f1d2198b3b5b363c,2025,1
f7aaad4aa1ae7b6e,2025-12-31,17:02:56,497.25,2277437a9b487ea6,2025,1
f049c08dae1bb7c5,2025-12-31,17:22:28,397.8,8ab9426d9dacec4f,2025,1
334ccc61d5967923,2025-12-31,19:09:03,397.8,7f7341e2036f51a4,2025,1
d69257e06dd3ca72,2026-01-01,12:26:00,200.0,f61cc149cd821fe2,2026,114
2b80265b579c8e85,2026-01-01,13:29:03,397.8,1473794f0edc60f3,2026,114
d11b6e8b4547657d,2026-01-01,14:31:07,397.8,13aaa45488235a28,2026,114
fdb99fa220bf7774,2026-01-01,15:12:41,397.8,e84ee76cabfd7007,2026,114
811067ad7da91e9c,2026-01-01,19:55:07,1591.2,d11836664c5bed90,2026,114
660dfc08187407eb,2026-01-02,12:47:11,696.15,766f6a67317295a2,2026,114
bfab0875349aca2a,2026-01-02,13:08:14,298.35,5456f8288bd797c8,2026,114
28421afc82311bf4,2026-01-02,13:27:49,994.5,a5b8ba94ec26a594,2026,114
5af6a29512d226e0,2026-01-02,13:30:09,497.25,b8c6d597e0e67f48,2026,113
dc88ba8351302c8b,2026-01-02,14:09:57,397.8,9fcf8eeb6a70d7df,2026,113
a094c5626fc31486,2026-01-02,16:36:58,397.8,19e7861497d8fb05,2026,113
63ea24bc0826e981,2026-01-02,16:51:35,397.8,463c283a838fb1e7,2026,113
c37b610ff78e3425,2026-01-02,18:34:30,397.8,473a507f2963a457,2026,113
7301a81705db13dd,2026-01-02,19:05:58,248.62,64ca68098142394b,2026,113
4f129b21ced115b3,2026-01-02,19:21:24,497.25,18c2b1327a54a21f,2026,113
adb8a4e0d9c10e87,2026-01-02,19:23:07,298.35,a0b25adf7abb281a,2026,113
bf71dbff66398098,2026-01-02,19:33:35,248.62,af14c71d7b44ac63,2026,113
dd6c69ee2fbe65b2,2026-01-03,14:07:08,895.05,03dbccbc57561932,2026,113
912b837d1a389b19,2026-01-03,14:44:11,397.8,88c7e72f48eb598b,2026,113
d5cfac5498528ded,2026-01-03,16:26:18,497.25,dc1f4ef836d38ac0,2026,113
68f5c2d1e261ba72,2026-01-03,17:04:48,1491.75,049ec8eb0a1aa611,2026,113
28fbef113f467ba3,2026-01-03,17:09:00,1193.4,af14c71d7b44ac63,2026,113
cd1480268ad4a3ac,2026-01-03,17:54:08,397.8,56ae2849ccf76990,2026,113
529c3f61f04f2263,2026-01-03,17:57:18,298.35,c3611cc5c4348c97,2026,113
f09ba885f20e2a03,2026-01-03,18:24:28,298.35,f4b811b17180ea83,2026,113
4d617188fe4e7b53,2026-01-03,19:17:18,596.7,f516803f65250ff4,2026,113
ecdc9816910c27dd,2026-01-04,12:02:17,505.2,9d89e6da560f69cf,2026,113
2021fcadc74387cd,2026-01-04,13:31:16,497.25,0d77199cb601c23b,2026,113
7ea6b281706195db,2026-01-04,13:59:39,994.5,42daeeb2a2eb6cfc,2026,113
d103dfb2e9192b9e,2026-01-04,14:30:24,994.5,26fffb43361eca9e,2026,113
0d7263335ec39e15,2026-01-04,14:32:44,298.35,505bb2e4032b9c6d,2026,113
6f369690e8e61f95,2026-01-04,16:01:12,397.8,c61531689535e06e,2026,113
c45b4d3664fdb46e,2026-01-04,18:20:26,397.8,38ba69e8511fd6bd,2026,112
195755b6d8bb8966,2026-01-04,18:37:24,397.8,7e1aec8e771b1336,2026,112
991add486ef19d48,2026-01-04,18:41:39,397.8,04679a7c334756b6,2026,112
21eb92c7e942a0b4,2026-01-04,19:09:48,397.8,385b772b6f27a162,2026,112
b831e196b0b4bf55,2026-01-04,19:33:35,497.25,c810858fac9b8087,2026,112
99def24bb1496d08,2026-01-04,19:50:23,696.15,af14c71d7b44ac63,2026,112
0069ae9ddbda0ef8,2026-01-05,11:12:49,298.35,9a9bbbec24ecd800,2026,112
c1cbe944bedb8010,2026-01-05,11:37:04,200.0,d95caa4aa15a5155,2026,112
50fa6a2dc5ee17e4,2026-01-05,12:04:29,200.0,979fb850c7160e13,2026,112
f76fbe89ded7f222,2026-01-05,12:15:37,596.7,809ddeafd8ed7d65,2026,112
5ba00dec5ec6fa83,2026-01-05,13:14:46,397.8,bb08ab9050a28f44,2026,112
25dab136141f05b5,2026-01-05,13:23:28,497.25,36cd9c834179b144,2026,112
437e0201997ae269,2026-01-05,15:29:53,397.8,f999441cdb10deed,2026,112
b4216c63c5e550d1,2026-01-05,15:42:27,3679.65,af14c71d7b44ac63,2026,112
ba51227ddcbb8cf9,2026-01-05,16:27:17,298.35,3a2b9fcbf007abed,2026,112
994ae95ea94c3e4e,2026-01-05,17:46:55,1193.4,e7f3bc23f2f8ea7c,2026,112
a9433da65f9f947c,2026-01-05,17:48:19,1193.4,e7f3bc23f2f8ea7c,2026,112
6df4c601aa1baf1e,2026-01-05,18:10:28,200.0,d6ae6eb08b38b89a,2026,112
7c35aff91386d10a,2026-01-05,18:27:27,397.8,497bb44d302ff79c,2026,112
32d66cce7885ecab,2026-01-05,18:47:22,298.35,af14c71d7b44ac63,2026,112
e971bb64abc352e0,2026-01-05,19:08:09,497.25,af4be46a346f44a7,2026,112
bb65ecca88856728,2026-01-05,19:18:21,298.35,60d93c7ef514b250,2026,112
9c3f1e8f79a4eee7,2026-01-05,20:19:26,397.8,5e378bd3d1a36100,2026,112
3b680124b7c3a68b,2026-01-05,21:28:49,200.0,f78a626213099b51,2026,112
0ad1c07dab31849e,2026-01-06,14:41:01,497.25,b8c6d597e0e67f48,2026,111
2b23785d8d78d0fe,2026-01-06,15:04:18,1989.0,809ddeafd8ed7d65,2026,111
c9932f70dfb92819,2026-01-06,17:10:14,200.0,ffd09a2a5f6b3b9d,2026,111
2edbd6675addf496,2026-01-06,17:24:02,2685.15,7a5b84e9d91e2a6a,2026,111
cd013674fe87941b,2026-01-06,17:25:17,200.0,38bf01b2b31e6c64,2026,111
f207096c89ee2bb4,2026-01-06,17:55:51,200.0,32c927ebc2111a12,2026,111
184217f7f9c688a1,2026-01-06,18:35:17,397.8,748b7dcfc42a4e48,2026,111
22fc1493d55712ca,2026-01-06,18:50:26,298.35,fa857dc31e7d457c,2026,111
7c88ca419df57552,2026-01-06,19:28:26,298.35,dfa7591e194c63f2,2026,111
009ad4e90c30129b,2026-01-06,20:04:52,447.52,37f5d9b666a778ac,2026,111
471ebf651449436d,2026-01-07,12:06:28,397.8,809ddeafd8ed7d65,2026,111
708f9e639eafb325,2026-01-07,14:17:57,795.6,e0f76012361ff60c,2026,111
aa5b9f47c84b632e,2026-01-07,16:16:48,397.8,cf7733ce50747cdc,2026,111
50383de2e1964321,2026-01-07,18:08:04,497.25,42c8e9b74bd8adb6,2026,111
01d7271a6bf4adc9,2026-01-08,13:56:45,497.25,7d043fd165691675,2026,111
e6c9163b641ca836,2026-01-08,14:51:38,497.25,f32a7e58394eedea,2026,111
3a851be9d6814657,2026-01-08,15:30:40,1491.75,809ddeafd8ed7d65,2026,111
ad28414738911040,2026-01-08,15:59:15,497.25,9f1492265c18b7c3,2026,111
e52f153df4d88aff,2026-01-08,16:08:57,497.25,8668fc83c0cbe3ba,2026,111
bfc0ff6d8844fe6c,2026-01-08,17:01:19,397.8,6e9f99ac074a2a63,2026,111
c02686a1826af071,2026-01-08,17:21:24,397.8,56ae2849ccf76990,2026,111
9a923b8b53568b71,2026-01-08,17:58:45,397.8,748b7dcfc42a4e48,2026,111
8211ac672bf859d9,2026-01-08,18:28:28,397.8,809ddeafd8ed7d65,2026,111
742e3cb3aefd5569,2026-01-08,19:26:17,397.8,7386f1db2998ff8b,2026,110
504147eda7e00c67,2026-01-08,19:34:33,397.8,38bf01b2b31e6c64,2026,110
b88cac08762a78e1,2026-01-09,10:49:51,397.8,42964d8e52374610,2026,110
348e22ea27ddb0d7,2026-01-09,11:52:46,596.7,06ec5af8505743dd,2026,110
c9975d303564011e,2026-01-09,13:11:03,397.8,7f7341e2036f51a4,2026,110
a9df92a5e3fb5f60,2026-01-09,14:50:44,3978.0,,2026,110
ac3bfa9664025616,2026-01-09,15:33:08,497.25,ee1603547452ecf1,2026,110
b9746ffbdc099300,2026-01-09,15:36:03,497.25,9ee16e2958d98642,2026,110
8ba2001ff7431da4,2026-01-09,16:19:36,497.25,f8fc5c9afb7ae389,2026,110
65153c92d8fae5ee,2026-01-09,16:32:16,397.8,4c0073b13fc57fef,2026,110
dc7d20089d6f7895,2026-01-09,17:27:40,200.0,ed67e921ca761ba5,2026,110
09b52a30c6b1d181,2026-01-09,18:40:13,397.8,1933054b92df99da,2026,110
d285995d7fa037df,2026-01-09,19:23:43,397.8,f19707e7feaab25f,2026,110
cf7b6b043c733ca1,2026-01-09,20:05:13,150.0,89e64150c114ef80,2026,110
f17231c417811179,2026-01-10,13:02:42,200.0,d461186749578af8,2026,110
ff2997914c857da6,2026-01-10,13:02:57,200.0,d0307d80c97bb981,2026,110
9b1291e261937f9e,2026-01-10,14:55:14,397.8,13aaa45488235a28,2026,110
eaef836fc8453aa3,2026-01-10,15:04:51,298.35,68c571af3ff21546,2026,110
a9998fac9412ba9a,2026-01-10,16:11:53,397.8,c897b09d0d744b67,2026,110
b7cf1784b1012f20,2026-01-10,16:45:10,795.6,8ab9426d9dacec4f,2026,110
e9f4d704c3802db6,2026-01-10,17:23:43,397.8,0014d9cbaa2c997c,2026,110
f60c63cb107efe54,2026-01-11,12:17:44,397.8,101eb4e2e7ba33d4,2026,110
5d36ce12a0929c91,2026-01-11,15:34:22,200.0,d6ae6eb08b38b89a,2026,110
9dd11141fb838923,2026-01-11,16:19:04,497.25,4fd9d588f8744e18,2026,110
213dbb7a3d33c1aa,2026-01-11,16:34:46,795.6,a7b97e66b8270398,2026,110
3b00fc18d312fff5,2026-01-11,17:56:46,397.8,cac2e422ab8262d2,2026,110
bc84e16cfb0babda,2026-01-11,19:38:30,397.8,fbe3b776b5cf3c68,2026,109
06441ed86b02d37f,2026-01-11,19:46:14,497.25,2277437a9b487ea6,2026,109
0f9de2a6f838f9d7,2026-01-11,19:58:44,3480.75,d11836664c5bed90,2026,109
4430770f1d009662,2026-01-11,20:16:42,298.35,eb57efcec24b7e7d,2026,109
aaced23681b40f7c,2026-01-11,21:41:40,298.35,809ddeafd8ed7d65,2026,109
9cabbbd95f8f0545,2026-01-12,16:31:21,397.8,d11836664c5bed90,2026,109
603fe61ce8e70186,2026-01-12,17:43:27,397.8,96e1904d49006a7c,2026,109
010fa486d8a53614,2026-01-12,18:01:41,497.25,26a053184c384400,2026,109
25d4f0da5ed1a3f7,2026-01-12,18:24:00,497.25,67dc9a4c988819e0,2026,109
a1c8d8024eacbd79,2026-01-12,18:30:52,397.8,97cc845ca38f8811,2026,109
3c8d5eb1e3ca2d8d,2026-01-12,18:36:28,298.35,853bfa6ae7f758d8,2026,109
f6c277f21d910ee5,2026-01-13,12:14:07,200.0,b287ad0c50aa0e2d,2026,109
8b0d5f27a199616a,2026-01-13,12:45:46,397.8,ba20692fab0756b5,2026,109
fcebe2471279cfd7,2026-01-13,17:43:51,397.8,5583d4754815a72c,2026,109
44235a9bc9daa9f5,2026-01-13,18:07:10,397.8,19e7861497d8fb05,2026,109
e37e5b495029e0da,2026-01-13,18:14:28,2486.25,af14c71d7b44ac63,2026,109
0d8afd0e0fcac420,2026-01-13,18:29:22,397.8,02f1b2a0773e4e9e,2026,109
59757caa1908b90c,2026-01-13,18:56:58,397.8,f516803f65250ff4,2026,109
74c0885d3840dea3,2026-01-13,19:36:04,497.25,6de9adcad720af76,2026,109
4b73ebf271027c0b,2026-01-14,14:07:38,497.25,d41a8c97995debf1,2026,109
de69cadff2576add,2026-01-14,15:29:14,497.25,f32a7e58394eedea,2026,109
1247805e57f08976,2026-01-14,15:31:02,497.25,acd55b304a0ad9ec,2026,109
8aab6aa0c41b4c07,2026-01-14,17:46:07,397.8,424aa970b147f7be,2026,109
1e9c2d087fae4254,2026-01-14,17:50:02,298.35,809ddeafd8ed7d65,2026,109
37cd043b5ab4a0bc,2026-01-14,17:56:01,298.35,809ddeafd8ed7d65,2026,108
0f09db051f0463ef,2026-01-15,13:17:20,2983.5,af14c71d7b44ac63,2026,108
ef27d581ebcd0abf,2026-01-15,15:23:32,200.0,af14c71d7b44ac63,2026,108
31e50460aae29f9d,2026-01-15,16:02:38,497.25,f8fc5c9afb7ae389,2026,108
306a14bb30464bdb,2026-01-15,16:55:24,497.25,f5aeadf3e6d40bf1,2026,108
c999ea2f07fb98e1,2026-01-15,17:49:58,1292.85,8e94fe2b49ced287,2026,108
2d105f7b9dae53e1,2026-01-15,18:42:48,497.25,34268b873e313249,2026,108
714e5e34db9c4fbd,2026-01-15,20:02:42,397.8,1933054b92df99da,2026,108
e91c0743a0ea5a44,2026-01-15,20:03:59,200.0,af14c71d7b44ac63,2026,108
c9a6a7f84e581030,2026-01-16,12:02:12,397.8,04679a7c334756b6,2026,108
99098cf3f6695c2f,2026-01-16,13:00:26,397.8,d6ae6eb08b38b89a,2026,108
25d6af8dac7f0413,2026-01-16,15:11:49,1989.0,af14c71d7b44ac63,2026,108
6680a5466d3b08e6,2026-01-16,17:09:46,397.8,96c423676705b6c3,2026,108
535012efa439da52,2026-01-16,17:47:24,200.0,806b8c2d8114a9fe,2026,108
50559a6c4d604d44,2026-01-16,17:49:31,397.8,7f7341e2036f51a4,2026,108
5abbe40b6c1bc037,2026-01-16,18:03:18,397.8,27e46475ecaa7bd3,2026,108
e664efd2383473cf,2026-01-16,18:12:15,497.25,6c6113ee0f94741a,2026,108
f5ee9898b3b4e92b,2026-01-16,19:08:37,200.0,cf7733ce50747cdc,2026,108
a3a52969a333ecbd,2026-01-16,19:16:13,100.0,2dd006ef921ec442,2026,108
6c3c50530492ce88,2026-01-17,12:14:53,298.35,748b7dcfc42a4e48,2026,108
706b2941fbb501a5,2026-01-17,12:34:34,1690.65,f14e965d9be17d38,2026,108
967da5bb72110479,2026-01-17,13:13:00,397.8,af14c71d7b44ac63,2026,108
676fa084f4d19623,2026-01-17,13:15:59,1491.75,809ddeafd8ed7d65,2026,108
3d0c9467a7899709,2026-01-17,14:38:54,397.8,f999441cdb10deed,2026,108
e6083f2d304ea98a,2026-01-17,15:07:43,397.8,88c7e72f48eb598b,2026,108
e7e8a14ad496d2ec,2026-01-17,15:18:38,1193.4,049ec8eb0a1aa611,2026,108
70da64fd315ce5a0,2026-01-17,15:18:55,397.8,160a88a51d8a1190,2026,107
dd1ec7cdd2374b8f,2026-01-17,17:09:13,397.8,56ae2849ccf76990,2026,107
0b65fa40ba8ecb73,2026-01-17,18:14:12,497.25,18c2b1327a54a21f,2026,107
31f957f06b070643,2026-01-17,19:58:35,497.25,f5624012eba4887f,2026,107
67a5e528811c51c8,2026-01-18,17:39:53,1193.4,af14c71d7b44ac63,2026,107
742604ac9bba5132,2026-01-18,18:22:20,397.8,e95adc07955b7d00,2026,107
849c518bf72f08ff,2026-01-18,19:16:26,397.8,ef948e13078d5ea5,2026,107
9d53feb616a04863,2026-01-18,19:30:22,497.25,03dbccbc57561932,2026,107
ebf77a3da0546822,2026-01-18,19:46:18,150.0,8ca536f8edb9bcdb,2026,107
a6a03b0f75c189fb,2026-01-19,19:04:37,397.8,8ab9426d9dacec4f,2026,107
29f21c6fa418cdc3,2026-01-19,19:27:34,200.0,f516803f65250ff4,2026,107
b5f2b12a570a1d76,2026-01-19,19:48:40,795.6,809ddeafd8ed7d65,2026,107
a59f4eba9e5599e4,2026-01-19,19:49:54,497.25,809ddeafd8ed7d65,2026,107
57ddd1dafd94d6cf,2026-01-20,13:46:02,298.35,8e94fe2b49ced287,2026,107
16692eda4503d527,2026-01-20,16:43:52,497.25,,2026,107
cdab6f50d6f7b3a5,2026-01-20,20:25:35,1790.1,af4be46a346f44a7,2026,107
a45b15b0a078bbf9,2026-01-21,11:31:48,200.0,d6ae6eb08b38b89a,2026,107
120d17679fd2e140,2026-01-21,12:37:03,397.8,ab5ebb9c0c28f2ac,2026,107
b491d3b94e305698,2026-01-21,14:57:41,895.05,809ddeafd8ed7d65,2026,107
cbed77cc296cd6d8,2026-01-21,17:03:00,497.25,809ddeafd8ed7d65,2026,107
5cd1242b442dc37a,2026-01-21,17:32:19,497.25,45c606f02517bbd5,2026,107
db836d0f3a9f20cc,2026-01-21,17:59:30,397.8,9edef0a9aa1990a3,2026,107
9c847641d5de179a,2026-01-22,16:00:47,397.8,da7a33129d78d734,2026,107
c1b5313419591c4c,2026-01-22,17:10:37,397.8,1933054b92df99da,2026,106
9037a241370f5dc0,2026-01-22,18:18:51,397.8,af14c71d7b44ac63,2026,106
31275578ff4d6109,2026-01-22,19:07:54,397.8,33cb9da1c4de4e0f,2026,106
70094f10363207a8,2026-01-22,19:17:12,497.25,eb2f97ed71155f76,2026,106
fb6554bed4293e12,2026-01-23,11:22:49,298.35,9f1492265c18b7c3,2026,106
4ebdcdcaa63d9e52,2026-01-23,12:13:29,397.8,19e7861497d8fb05,2026,106
e3be8377ceb5cb9d,2026-01-23,13:22:41,397.8,7f7341e2036f51a4,2026,106
bee0d7f6b9c66dfe,2026-01-23,13:36:51,2088.45,440d211bb7942184,2026,106
44d21814b5c80467,2026-01-23,15:46:31,497.25,d41a8c97995debf1,2026,106
b7043ebc015d4384,2026-01-23,17:22:22,298.35,95f67c749858649e,2026,106
04cb6b7e6eedc59f,2026-01-23,17:45:42,397.8,af244cd6b7a98a1a,2026,106
2b96b9024f8623ea,2026-01-23,18:10:28,497.25,b564863dadf3fc74,2026,106
b8f8845744998787,2026-01-23,19:05:49,397.8,ed38253efb7b3222,2026,106
9af71bd1bbaa1e60,2026-01-24,13:01:54,596.7,d0307d80c97bb981,2026,106
7a01d8080c63b2f1,2026-01-24,13:21:47,397.8,d02b796930cddff5,2026,106
fab2785f3b55f385,2026-01-24,13:37:19,397.8,7e1aec8e771b1336,2026,106
956e2ef295e728b4,2026-01-24,15:40:50,298.35,391c69948d4c9b96,2026,106
d062feed762dace5,2026-01-24,15:55:12,397.8,3cd6178d79301f52,2026,106
e99803aeee4a97ac,2026-01-24,15:59:54,397.8,79fe3ceb26ef5bb5,2026,106
4468c43b9e618912,2026-01-24,16:15:31,497.25,fcbcbc0bf3c1bf7a,2026,106
b167319b8900dac9,2026-01-24,16:46:02,200.0,6b286641a8f8a73a,2026,105
ba8be033a0d9e6e4,2026-01-24,17:27:12,497.25,049ec8eb0a1aa611,2026,105
2f06c7f465c88565,2026-01-24,17:30:30,200.0,cf7733ce50747cdc,2026,105
e927dcf2d8118e0f,2026-01-24,17:44:47,397.8,497bb44d302ff79c,2026,105
df482fd5842f4c00,2026-01-24,19:52:43,497.25,bd0d28cbf4827c15,2026,105
ab9fba19e0542db6,2026-01-24,00:12:40,497.25,4b885df3774ad95f,2026,105
c2e39f909b39a6f3,2026-01-25,13:02:16,397.8,04679a7c334756b6,2026,105
30e65c3f56bb7811,2026-01-25,13:41:31,397.8,88c7e72f48eb598b,2026,105
625d916d5df87b09,2026-01-25,14:25:05,397.8,56ae2849ccf76990,2026,105
fd77374d3d393298,2026-01-25,16:07:38,298.35,d50489c686a42fda,2026,105
cf62a8e9aadfe581,2026-01-25,16:44:38,397.8,26fffb43361eca9e,2026,105
791439beb3151427,2026-01-25,17:28:15,100.0,316bc800a97b6237,2026,105
c8dccdbdc51e2897,2026-01-25,18:17:20,397.8,03dbccbc57561932,2026,105
1fea3edc170a8ab6,2026-01-25,19:04:09,596.7,af14c71d7b44ac63,2026,105
fc912980cbe0adf6,2026-01-26,14:21:31,200.0,d6ae6eb08b38b89a,2026,105
eea82a0a6d189e38,2026-01-26,14:28:37,397.8,3a41a1f4ea8a856d,2026,105
289ca716d71c2d0b,2026-01-26,15:04:08,397.8,8d432a587fdd0a4d,2026,105
3a383c1d843245a4,2026-01-26,17:37:09,397.8,9fcf8eeb6a70d7df,2026,105
1271f2e5b80da152,2026-01-27,16:04:20,994.5,af14c71d7b44ac63,2026,105
d39ae3828b786faf,2026-01-27,17:39:31,497.25,af14c71d7b44ac63,2026,105
7ecdad210ae870f6,2026-01-27,19:17:33,497.25,4fea4a4ed03ba10e,2026,105
12e1e629c22374fd,2026-01-28,11:59:56,497.25,089d700fe2b4fadb,2026,105
cb69b343d207cbc8,2026-01-28,14:29:48,397.8,809ddeafd8ed7d65,2026,105
60fc78bfd1f40c90,2026-01-28,16:11:14,497.25,4f93c49ce5537d01,2026,105
19223cd007d143a3,2026-01-28,16:41:31,497.25,dc1f4ef836d38ac0,2026,105
d665bba6accf0eb9,2026-01-28,16:47:28,200.0,38bf01b2b31e6c64,2026,105
5228e15fc88cf442,2026-01-28,17:49:29,397.8,110dd35468403d34,2026,105
2b74d7f1b4605b45,2026-01-28,18:59:11,397.8,5523b938c96b7c6c,2026,104
233d44e801dbadbd,2026-01-29,10:01:06,150.0,bf41d2bae726dfde,2026,104
f2890e9b332b6472,2026-01-29,14:30:35,1491.75,863063051da93e3e,2026,104
f3dcf0e6c89031c5,2026-01-29,15:40:44,397.8,51c0a7583886ada9,2026,104
41264b530b25f9ce,2026-01-29,16:12:54,397.8,bd908b91156f90f6,2026,104
ab3fb30cf991770d,2026-01-29,18:44:24,497.25,af14c71d7b44ac63,2026,104
bf8732f02f5bbbb9,2026-01-29,19:24:08,1989.0,422d0262254d66ca,2026,104
d67ce04e9859de72,2026-01-29,19:54:28,397.8,af14c71d7b44ac63,2026,104
da8242e0ed5d9fcc,2026-01-30,11:54:52,397.8,3a41a1f4ea8a856d,2026,104
447b1a1b5a311443,2026-01-30,14:05:49,397.8,7386f1db2998ff8b,2026,104
ffb8f14e3a0dbc1e,2026-01-30,14:06:01,497.25,42c8e9b74bd8adb6,2026,104
819bb2f472af6328,2026-01-30,15:00:35,397.8,7f7341e2036f51a4,2026,104
a3ecefd1e7bbba43,2026-01-30,15:53:13,1491.75,2e767cec6d3dc2f4,2026,104
946ae8dd541ace84,2026-01-30,16:32:10,397.8,3020170b13c52517,2026,104
f3a605afd041b3c3,2026-01-30,17:48:19,497.25,e0d2b5b9733e8bd2,2026,104
fae29c73e4366797,2026-01-30,17:58:32,298.35,3d40f0830b771aca,2026,104
ee9ee8a9fbf5603b,2026-01-30,18:30:01,200.0,809ddeafd8ed7d65,2026,104
610130cfbbcf4ed3,2026-01-31,12:31:29,298.35,809ddeafd8ed7d65,2026,104
e820e77d8847f1fb,2026-01-31,14:03:23,397.8,8af5af2e08fb6b16,2026,104
33fc9e9aaad4a4c7,2026-01-31,14:09:35,497.25,809ddeafd8ed7d65,2026,104
b5a54d5f36198d9f,2026-01-31,14:59:10,150.0,89e64150c114ef80,2026,104
332e3a0280ea9184,2026-01-31,15:37:51,497.25,809ddeafd8ed7d65,2026,104
ee8779a871aa6be0,2026-01-31,16:11:11,397.8,56ae2849ccf76990,2026,104
7a9857f0668bdf42,2026-01-31,17:45:24,397.8,7dfe7c0fcd6b2412,2026,104
7dec4191a3f2e5ba,2026-01-31,17:48:18,1392.3,809ddeafd8ed7d65,2026,103
fba047507cb61760,2026-01-31,18:05:39,397.8,8ab9426d9dacec4f,2026,103
c307c09a165917f3,2026-01-31,18:30:18,497.25,03dbccbc57561932,2026,103
61893c7125edb1ed,2026-02-01,12:48:43,298.35,00ad0083a567f708,2026,103
746642bbc5253a77,2026-02-01,13:23:03,397.8,42daeeb2a2eb6cfc,2026,103
3c5045b3c56f4aa8,2026-02-01,14:19:22,298.35,0aa6a1ff1be6ee15,2026,103
622aaeb966917f4c,2026-02-01,14:36:16,298.35,7334565f9040a95d,2026,103
bf939b95a7b1fc91,2026-02-01,16:28:23,795.6,766f6a67317295a2,2026,103
17c7079a4962d047,2026-02-01,16:47:41,298.35,eba460ebfefaf867,2026,103
d4ddcfc09a88517d,2026-02-01,17:15:40,1989.0,f516803f65250ff4,2026,103
acfc1fc247e0201b,2026-02-01,17:43:32,397.8,f19707e7feaab25f,2026,103
b66843e240c39e8f,2026-02-01,18:07:16,497.25,2079f4b0158f9060,2026,103
0c6c462da9af7536,2026-02-01,19:16:51,397.8,b75e01938ed9b279,2026,103
3ed607c0a56eadc4,2026-02-01,19:28:40,497.25,f164aae24bbe2b74,2026,103
8b9d6001a7b4dca9,2026-02-01,19:55:00,200.0,809ddeafd8ed7d65,2026,103
69ebd1f5b96ee821,2026-02-02,12:36:31,397.8,f94533bb14d724e4,2026,103
426333079ab4fa16,2026-02-02,12:47:47,397.8,ab6cc6c89a759257,2026,103
1203348869d74621,2026-02-02,14:08:54,397.8,19e7861497d8fb05,2026,103
aff46ea16c64972e,2026-02-02,14:47:29,596.7,748b7dcfc42a4e48,2026,103
14f1aec365509879,2026-02-02,15:39:12,1193.4,c66ff8d3cc5f9cb1,2026,103
b029502c0af737fa,2026-02-02,15:58:40,497.25,8668fc83c0cbe3ba,2026,103
f4b1af6b68e00e9c,2026-02-02,16:09:23,397.8,909a95622e0c7ba0,2026,103
59aa94d74290e19e,2026-02-02,16:25:15,397.8,c897b09d0d744b67,2026,103
2344697635d96297,2026-02-02,16:28:59,200.0,cf7733ce50747cdc,2026,103
9d0b9627950c6d69,2026-02-02,16:38:22,1093.95,44f40fb8a0461d3b,2026,102
247192bcfc5e1796,2026-02-02,18:40:59,397.8,1933054b92df99da,2026,102
82868443f83864c9,2026-02-02,18:41:56,994.5,dd1bdd7fcbb7b771,2026,102
d3c2a6084d84a3ad,2026-02-02,19:01:29,397.8,0931fc241c3a0772,2026,102
74eb0aa3cdcf8e06,2026-02-03,12:39:40,1392.3,af14c71d7b44ac63,2026,102
6304b3545ff42f0d,2026-02-03,15:31:52,397.8,448f68658b6ae246,2026,102
966739fdba3dbf50,2026-02-03,17:35:23,397.8,d9f8c2d5b6737159,2026,102
7ef4c6d8a2a4c0cd,2026-02-03,18:26:16,397.8,04679a7c334756b6,2026,102
153e9bae9fc4fe97,2026-02-03,18:51:53,497.25,1773da2e182b8c0d,2026,102
0a6a9399c652dd8c,2026-02-04,14:10:54,497.25,373feb33d7cfee08,2026,102
fc29773e75ba1476,2026-02-04,19:21:51,397.8,187610efefa24a2e,2026,102
9ddc0a34b14b9970,2026-02-05,11:11:47,397.8,0db97f2af0582af5,2026,102
87b15a50ce3d6606,2026-02-05,11:28:08,397.8,da7a33129d78d734,2026,102
c3e0c20770eecd2c,2026-02-05,12:36:45,397.8,19d8b75eef263d3f,2026,102
bddd343d15aca450,2026-02-05,13:13:55,397.8,3a41a1f4ea8a856d,2026,102
3a3680f544e4fc47,2026-02-05,14:08:30,397.8,1473794f0edc60f3,2026,102
1817a53d79e6836d,2026-02-05,14:09:59,200.0,748b7dcfc42a4e48,2026,102
3de0dbffd4988e7c,2026-02-05,14:10:25,497.25,d41a8c97995debf1,2026,102
123259b9b062be16,2026-02-05,17:48:06,397.8,d02b796930cddff5,2026,102
489d3358f6bef418,2026-02-05,18:09:58,994.5,af14c71d7b44ac63,2026,102
6f08c2bdef99d236,2026-02-05,18:43:58,200.0,56ae2849ccf76990,2026,102
fc849a18e4cd4c2b,2026-02-05,19:04:25,994.5,0a675f171e70e64a,2026,102
3827dd15f3bd38cd,2026-02-05,19:24:06,397.8,2327eecca46e6ad2,2026,102
73a54ff670ca4746,2026-02-05,19:56:41,497.25,18c2b1327a54a21f,2026,101
fec69fb6168c5c32,2026-02-05,20:20:41,397.8,7a37da6e19383faf,2026,101
392b3c98dcb336a2,2026-02-06,10:31:44,397.8,ce0d00b35191d968,2026,101
af1f96d14e41b3f7,2026-02-06,11:02:42,497.25,b8c6d597e0e67f48,2026,101
b2910fa4a100c955,2026-02-06,11:29:30,200.0,fdbd236f6d5e0f2e,2026,101
e4ad839ea7b94820,2026-02-06,12:51:19,200.0,c068bec9abc20647,2026,101
a892dc1b4bc94beb,2026-02-06,12:52:22,497.25,af14c71d7b44ac63,2026,101
2e769bfcb459ffb3,2026-02-06,15:27:48,397.8,bfaa94b35d953083,2026,101
eac91b9156ed6afd,2026-02-06,16:33:50,497.25,b1d9d5bd88219614,2026,101
06eca77be714d11b,2026-02-06,17:05:36,795.6,8d432a587fdd0a4d,2026,101
1713ca976fd26786,2026-02-06,17:19:08,397.8,7386f1db2998ff8b,2026,101
b452eeedb0689516,2026-02-06,18:32:37,397.8,3d1610cf08e87a83,2026,101
d3b39c1493868a14,2026-02-06,18:48:40,497.25,d838fb3bc8b830aa,2026,101
ff6a456986f1b5a6,2026-02-06,19:58:49,397.8,88c7e72f48eb598b,2026,101
6364e89630372359,2026-02-07,11:28:30,200.0,979fb850c7160e13,2026,101
7ea41c6c9c89c4bf,2026-02-07,13:46:29,1193.4,049ec8eb0a1aa611,2026,101
67ba92c044ed385f,2026-02-07,13:50:31,200.0,32c927ebc2111a12,2026,101
3cda9a5141bc2a9f,2026-02-07,13:54:40,497.25,efa113aaa928a06c,2026,101
663934732a487365,2026-02-07,14:52:59,298.35,d50f061b37198e87,2026,101
496d87e7535b96e7,2026-02-07,14:59:45,397.8,175ef0916604f418,2026,101
999a37cd156dc9a5,2026-02-07,15:19:52,200.0,385b772b6f27a162,2026,101
285898cda435459a,2026-02-07,15:21:34,200.0,f516803f65250ff4,2026,101
f73e0b921927997b,2026-02-07,15:31:25,994.5,9272d2f1e36848ca,2026,101
812b5ad1bc306819,2026-02-07,17:54:47,497.25,af14c71d7b44ac63,2026,101
b9da955d1efc9bb5,2026-02-07,18:08:39,397.8,56ae2849ccf76990,2026,100
0651cf3e52ecfd87,2026-02-07,18:34:26,397.8,e22433d72331cebe,2026,100
84420ea07c1e9b7e,2026-02-07,18:42:36,298.35,f4b811b17180ea83,2026,100
08cdd1a73a956c09,2026-02-07,18:45:15,497.25,a6b2eb3cfd04917c,2026,100
ad033e67de294f9c,2026-02-07,19:21:39,397.8,5985a5dfd6ada7e7,2026,100
40fe3d3141d7337e,2026-02-07,19:34:47,397.8,af14c71d7b44ac63,2026,100
20301e33e5d59338,2026-02-07,20:11:32,397.8,40755ce06f7c1cd9,2026,100
43feba18e8d99458,2026-02-08,15:01:38,596.7,ec6f167287d2e6d3,2026,100
61dc5f392f12ab48,2026-02-08,15:02:56,895.05,af14c71d7b44ac63,2026,100
2396fc8633a78a3b,2026-02-08,16:31:08,200.0,bb5072e0a1146110,2026,100
e72f7d3cd1e81af5,2026-02-08,16:58:15,150.0,025ca0449991c190,2026,100
9e870f38acf63c26,2026-02-08,17:09:03,397.8,71088b2e82a080ba,2026,100
6868cd8f0294d63d,2026-02-08,17:41:08,298.35,2277437a9b487ea6,2026,100
ab539071609634bb,2026-02-08,18:17:55,397.8,fbe3b776b5cf3c68,2026,100
0ff711359ffb7134,2026-02-08,18:18:12,497.25,dd3d09ddbb7cccb2,2026,100
0ca3cda7fea7b28e,2026-02-08,18:44:35,397.8,9798991205eea7cc,2026,100
6dcbf9ffdc4efed0,2026-02-08,19:30:23,397.8,1933054b92df99da,2026,100
b39ff5a8db1fb8a5,2026-02-09,16:33:20,298.35,402825bfb459a3fa,2026,100
7630b9ae116b41ef,2026-02-09,16:37:04,200.0,cf7733ce50747cdc,2026,100
9d7e3cc5851446fb,2026-02-09,16:58:30,397.8,440d211bb7942184,2026,100
8767b770623af35e,2026-02-09,17:32:30,397.8,93dc137803aa0eb6,2026,100
b76c2cad068c716d,2026-02-09,17:45:12,298.35,af14c71d7b44ac63,2026,100
a8d74a5b7667fa93,2026-02-09,18:23:45,397.8,af14c71d7b44ac63,2026,100
dff49e52ee1885a2,2026-02-10,12:07:30,397.8,f94533bb14d724e4,2026,100
e76687d063c9849f,2026-02-10,12:27:10,397.8,d6ae6eb08b38b89a,2026,100
1d61bc6eb9bf423d,2026-02-10,13:27:52,397.8,af14c71d7b44ac63,2026,100
b700ca320f8c97ae,2026-02-10,17:02:59,497.25,13aaa45488235a28,2026,99
20970ed834f80269,2026-02-10,17:16:58,497.25,2277437a9b487ea6,2026,99
6da83cb1a246f1d4,2026-02-10,17:48:23,397.8,19e7861497d8fb05,2026,99
de25bf7c1580802e,2026-02-10,17:49:37,397.8,af14c71d7b44ac63,2026,99
65696d1b9b99b81f,2026-02-11,12:23:25,497.25,089d700fe2b4fadb,2026,99
057e929baa896cf4,2026-02-11,15:54:44,200.0,af14c71d7b44ac63,2026,99
18d362774a6ef3df,2026-02-11,16:21:19,497.25,acba30af2c62386b,2026,99
d8e8ad39ca9ff950,2026-02-11,19:43:06,397.8,8ab9426d9dacec4f,2026,99
14c93d27ddffd089,2026-02-12,14:48:40,497.25,36cd9c834179b144,2026,99
6b0d5210c9681a20,2026-02-12,16:57:58,994.5,e0b44057affe2efa,2026,99
9d397314cccc0852,2026-02-12,17:36:15,1292.85,e06579ade0163957,2026,99
4e1d8ac4903a2a35,2026-02-12,17:40:41,298.35,95f67c749858649e,2026,99
cb08e0724ef9e34f,2026-02-12,18:21:48,795.6,af14c71d7b44ac63,2026,99
91fc0225d793f42f,2026-02-12,18:48:33,397.8,ed38253efb7b3222,2026,99
53920231eeef500b,2026-02-12,19:10:00,397.8,b06d9e99739ef58e,2026,99
c31763aa8ee2fa66,2026-02-12,20:07:01,397.8,5583d4754815a72c,2026,99
82247b8651954878,2026-02-13,12:18:22,397.8,04461b7b1457a80b,2026,99
aa2ad5f50a6ba1a0,2026-02-13,14:39:29,497.25,4886a61435e533d8,2026,99
6a2311367c6ffd4c,2026-02-13,15:20:40,397.8,424aa970b147f7be,2026,99
bc942df28c276fd7,2026-02-13,16:49:06,397.8,7f7341e2036f51a4,2026,99
152d4ff603b3b998,2026-02-13,18:10:16,497.25,21d272908802b92d,2026,99
859639fd5e129f1b,2026-02-13,18:35:52,397.8,eb2f97ed71155f76,2026,99
936e1adc72be4397,2026-02-14,11:18:40,397.8,40755ce06f7c1cd9,2026,99
d94729bb5dfb719b,2026-02-14,12:31:51,397.8,56ae2849ccf76990,2026,99
604a5116de35a598,2026-02-14,13:26:35,397.8,eb57efcec24b7e7d,2026,98
4c8933ddf8d8206c,2026-02-14,14:56:41,298.35,dfa7591e194c63f2,2026,98
460308245546a401,2026-02-14,15:03:34,497.25,af14c71d7b44ac63,2026,98
9338608e42cac97c,2026-02-14,15:56:59,397.8,ba20692fab0756b5,2026,98
5aa1fa1514b61a1d,2026-02-14,16:17:53,596.7,64ca68098142394b,2026,98
770ed03f962e15ff,2026-02-14,16:58:40,596.7,38bf01b2b31e6c64,2026,98
0c905fc7b8ca66e7,2026-02-14,17:08:18,200.0,af14c71d7b44ac63,2026,98
57b5fac949158f33,2026-02-14,17:27:39,397.8,aae074fdf96fc63e,2026,98
dfb1f69ba06d3a30,2026-02-14,17:37:42,497.25,151cfb2515fb7626,2026,98
29a0e178e5b08b1d,2026-02-14,18:10:53,397.8,f19707e7feaab25f,2026,98
013b2c4d289f69b8,2026-02-14,19:18:46,397.8,af14c71d7b44ac63,2026,98
445bc3911c6bc253,2026-02-14,19:46:26,397.8,497bb44d302ff79c,2026,98
70bdab97cfdb2d35,2026-02-14,21:30:46,397.8,d11836664c5bed90,2026,98
a14946077f199304,2026-02-15,12:48:42,397.8,65c015918ab068db,2026,98
4ec322472251ad01,2026-02-15,14:37:09,397.8,35fc95cfdc08a809,2026,98
ddd55db86c460c32,2026-02-15,16:44:45,397.8,1933054b92df99da,2026,98
812fa963c1c6a0a7,2026-02-15,17:17:57,397.8,2105e3097a61c3fd,2026,98
93f935e1ecd57be5,2026-02-15,17:23:51,497.25,8afc737acc33056a,2026,98
c13a7abec341ee41,2026-02-15,17:27:04,994.5,110dd35468403d34,2026,98
6dec899df73b380d,2026-02-15,18:25:13,497.25,42c8e9b74bd8adb6,2026,98
5027ee2b95298e4b,2026-02-15,18:41:23,497.25,03dbccbc57561932,2026,98
083d1487160fde0a,2026-02-16,17:38:22,397.8,b8a9a5be8fbc5bfb,2026,98
83e90bee1d95a30a,2026-02-16,18:07:15,497.25,f8fc5c9afb7ae389,2026,98
def754711b359072,2026-02-16,18:56:45,1392.3,af14c71d7b44ac63,2026,98
c81d7a7fb439bd5c,2026-02-16,19:32:51,150.0,89e64150c114ef80,2026,97
1ff237094440be04,2026-02-17,11:23:27,200.0,5e3dadbf556df93e,2026,97
d50dee70060dbc7f,2026-02-17,12:36:59,397.8,3ab0107c91cf9f53,2026,97
f683600127fee744,2026-02-17,13:54:32,397.8,440d211bb7942184,2026,97
66754687f39f3dbb,2026-02-17,13:59:32,497.25,2277437a9b487ea6,2026,97
22f8f7dbcb373eaf,2026-02-17,14:23:38,397.8,7e1aec8e771b1336,2026,97
bffc97a75d38b632,2026-02-17,15:48:09,1.0,af14c71d7b44ac63,2026,97
8751082f11bc8743,2026-02-17,15:54:11,497.25,d2e58591b5f10269,2026,97
f943c4ec8d46f4c3,2026-02-17,16:52:42,497.25,af14c71d7b44ac63,2026,97
8bd0cbfa2422e733,2026-02-17,17:37:36,298.35,5c28b438c3807872,2026,97
8ba5d78b343edc22,2026-02-17,18:06:43,397.8,d9f8c2d5b6737159,2026,97
c54836d8c55adf78,2026-02-17,18:36:52,397.8,9fcf8eeb6a70d7df,2026,97
0e446c3833f49f6c,2026-02-17,18:54:05,497.25,8e07a7c00d829abc,2026,97
28a32a2aafa87ef5,2026-02-17,19:07:27,397.8,f94533bb14d724e4,2026,97
196217445688f92f,2026-02-17,19:37:44,200.0,cf7733ce50747cdc,2026,97
69ff0f4755c601aa,2026-02-17,20:11:02,397.8,ef948e13078d5ea5,2026,97
a18f42d1a2a05ede,2026-02-18,13:41:29,497.25,a41b18182529b6c0,2026,97
0fa0669cde018ce6,2026-02-18,13:54:04,497.25,fcbcbc0bf3c1bf7a,2026,97
de55e35b2d37b243,2026-02-18,14:57:16,696.15,766f6a67317295a2,2026,97
34fde3508475e265,2026-02-18,15:16:00,994.5,db3a05b1f21e073b,2026,97
4cbf1bf0014dfdb6,2026-02-18,17:44:59,497.25,84269c8df9a1fcca,2026,97
8aaa269cfd2700dd,2026-02-19,19:22:35,497.25,af14c71d7b44ac63,2026,97
64e74c8a49ec06fc,2026-02-19,11:00:33,397.8,3a41a1f4ea8a856d,2026,96
16a8760677ac4b41,2026-02-19,12:36:48,397.8,64f0d38d882fa56b,2026,96
254e5aaaee8b78bb,2026-02-19,13:05:39,497.25,00737e5b3a5f4252,2026,96
865e909483eb36d5,2026-02-19,13:50:43,397.8,d6ae6eb08b38b89a,2026,96
1f94c384bcf6c0f2,2026-02-19,14:55:53,397.8,7386f1db2998ff8b,2026,96
0f61feb886edb7d0,2026-02-19,16:00:47,397.8,316bc800a97b6237,2026,96
825548129887fbf1,2026-02-19,17:10:11,397.8,56207710f85602f5,2026,96
3182a23adc4b742f,2026-02-19,19:02:56,497.25,d50489c686a42fda,2026,96
ad9edea77944d0d2,2026-02-19,19:43:54,3580.2,af14c71d7b44ac63,2026,96
592fd94497adca52,2026-02-19,20:07:27,497.25,625f4c6aacf6fa4f,2026,96
39b61663309de7cf,2026-02-20,13:38:01,397.8,af14c71d7b44ac63,2026,96
afbd640fda88a10a,2026-02-20,13:38:24,497.25,6cd00f4155e7e32c,2026,96
0fd222386e0f7a57,2026-02-20,16:39:32,397.8,d11836664c5bed90,2026,96
da3f41e9bda70246,2026-02-20,18:08:04,397.8,44f40fb8a0461d3b,2026,96
c119c34645e54e78,2026-02-20,18:11:53,497.25,af14c71d7b44ac63,2026,96
b96e30b466369f80,2026-02-20,20:50:08,200.0,d11836664c5bed90,2026,96
d4e7241f37eb499b,2026-02-21,12:16:20,1491.75,40755ce06f7c1cd9,2026,96
9279a22556fcd7e5,2026-02-21,12:38:01,397.8,9545d0a24feeed5f,2026,96
dd2b43748ad790cd,2026-02-21,14:52:51,1790.1,049ec8eb0a1aa611,2026,96
a315514f2ab6f2d6,2026-02-21,15:05:21,397.8,5e378bd3d1a36100,2026,96
b05f6431b79426de,2026-02-21,15:05:14,200.0,0d932d87f3ccc19b,2026,95
9c01e43399ab180f,2026-02-21,15:16:00,397.8,af14c71d7b44ac63,2026,95
d47b27bdc3b3bbc8,2026-02-21,15:16:48,397.8,1933054b92df99da,2026,95
4ca0a95d06707d83,2026-02-21,16:32:50,397.8,56ae2849ccf76990,2026,95
c693cb98a54df099,2026-02-21,16:56:51,200.0,5790677a11e661b1,2026,95
e19a6db81d916749,2026-02-21,17:18:14,397.8,748b7dcfc42a4e48,2026,95
acf218154a704f0b,2026-02-21,17:49:06,298.35,6ec554cf3dcba8fd,2026,95
317e04064e68433e,2026-02-21,18:35:53,497.25,18c2b1327a54a21f,2026,95
907d3373270c2eee,2026-02-21,19:36:16,397.8,c61531689535e06e,2026,95
d051f094fc809530,2026-02-22,13:14:07,497.25,e805ff56a928aa48,2026,95
c5ea5a39247c5ea3,2026-02-22,14:51:47,596.7,75a6e98c68c1526f,2026,95
2f880d69ea3a6b6a,2026-02-22,15:16:06,497.25,62b520614e3df96b,2026,95
a9aebf3eeef12c00,2026-02-22,16:53:47,497.25,c810858fac9b8087,2026,95
ab5c7ee55f7e3f92,2026-02-22,16:59:02,397.8,38ba69e8511fd6bd,2026,95
d8d7a3fbab47609f,2026-02-22,17:43:37,497.25,b3ced9c7e0347a83,2026,95
6d06530e953fe499,2026-02-22,19:02:37,497.25,f8fc5c9afb7ae389,2026,95
d04204368653147b,2026-02-22,19:30:49,1392.3,af14c71d7b44ac63,2026,95
bb6b3ad006a539ee,2026-02-22,20:18:59,497.25,bef0a9a578c23b50,2026,95
dc47fe705c5a49b7,2026-02-23,12:20:18,397.8,ab6cc6c89a759257,2026,95
e5466f1a317bf43f,2026-02-23,12:20:43,200.0,025ca0449991c190,2026,95
7bc1df7affae25ad,2026-02-23,12:50:44,397.8,5d0f8a489a055557,2026,95
13837602ab4e0cea,2026-02-23,16:06:05,497.25,21175f7a1c8e92cc,2026,95
6edb78e41c5905c1,2026-02-23,17:03:15,397.8,448f68658b6ae246,2026,95
413a886507ea9003,2026-02-23,17:45:45,497.25,96e1904d49006a7c,2026,95
b4fe7b163936a885,2026-02-23,18:19:29,397.8,ed38253efb7b3222,2026,95
9e0da2e7236b7321,2026-02-23,18:40:56,200.0,cf7733ce50747cdc,2026,95
7b5e2ffdf9e3bd7e,2026-02-23,19:01:38,200.0,f516803f65250ff4,2026,95
89c1fcab7edd0365,2026-02-23,19:51:57,994.5,af14c71d7b44ac63,2026,94
00b83d1e4ef95c1c,2026-02-24,13:23:58,497.25,b8c6d597e0e67f48,2026,94
5f357849b30aabe5,2026-02-24,14:28:03,397.8,f94533bb14d724e4,2026,94
39bd1fa84c83b2b4,2026-02-24,14:52:51,298.35,49db78e4347db61e,2026,94
83bb0d2ea01d5a26,2026-02-24,15:08:26,497.25,eba8f49aed7268df,2026,94
7d5dde23eb02584f,2026-02-24,15:23:45,994.5,72bce6dbc6f99a13,2026,94
41c2547cf504c649,2026-02-24,15:31:05,397.8,af14c71d7b44ac63,2026,94
ead9a517d0d2339a,2026-02-24,16:09:33,497.25,2b0df7f59ff84944,2026,94
73d06d278557e1d4,2026-02-24,16:34:48,397.8,af14c71d7b44ac63,2026,94
6707812f0810915d,2026-02-24,18:24:20,397.8,e7f3bc23f2f8ea7c,2026,94
b8b57a4c0e2ade9e,2026-02-24,18:52:45,497.25,fa92cb3a4725e12b,2026,94
e0c22243a1204827,2026-02-25,10:42:35,397.8,440d211bb7942184,2026,94
1d03e21b555e14b2,2026-02-25,11:46:50,397.8,d6ae6eb08b38b89a,2026,94
e32e46ac32a831e9,2026-02-25,16:26:19,497.25,2ccce23c126334e7,2026,94
1549b5795d3ec21d,2026-02-25,17:49:40,397.8,1933054b92df99da,2026,94
a74529eeb1b2b2b9,2026-02-25,17:54:32,397.8,af14c71d7b44ac63,2026,94
150a7e4dc3a2357c,2026-02-26,15:56:00,497.25,2277437a9b487ea6,2026,94
a7cd7e65b91909d9,2026-02-26,17:30:27,397.8,d02b796930cddff5,2026,94
699aa14207bdb2d0,2026-02-26,18:09:10,397.8,d9f8c2d5b6737159,2026,94
60d3537ff03dbb18,2026-02-26,18:28:42,497.25,6e282306a2d981b0,2026,93
2deed8245e5b9977,2026-02-26,18:42:14,397.8,7f7341e2036f51a4,2026,93
33ea01de7cf711d1,2026-02-26,18:53:24,497.25,e06579ade0163957,2026,93
548ac1ef38e21a38,2026-02-26,19:03:49,200.0,e677c9a6ff2d3353,2026,93
d41adf8339a5c6b1,2026-02-27,13:15:52,397.8,da7a33129d78d734,2026,93
ed52a7152d661dcf,2026-02-27,14:17:41,497.25,f8fc5c9afb7ae389,2026,93
e184335169398287,2026-02-27,14:39:07,397.8,176a102f9740a968,2026,93
d141f287633b9f89,2026-02-27,15:14:47,795.6,64f0d38d882fa56b,2026,93
e216c8214a7c6e06,2026-02-27,15:24:45,397.8,d11836664c5bed90,2026,93
962a3e96e6490c7e,2026-02-27,16:30:27,248.62,ed38253efb7b3222,2026,93
7882b720d7f97e9f,2026-02-27,17:48:30,397.8,bef0a9a578c23b50,2026,93
a03b7afe7251a4c5,2026-02-27,18:29:23,397.8,bef0a9a578c23b50,2026,93
2a991bd1036c8e4e,2026-02-27,19:36:35,795.6,d11836664c5bed90,2026,93
e74cc5e16ff33d05,2026-02-27,20:03:27,397.8,19189417786fb1d5,2026,93
5f79413514fe54ff,2026-02-27,20:19:06,497.25,bef0a9a578c23b50,2026,93
2866190db784e3ce,2026-02-28,11:39:19,397.8,12d8d4bfaa855b10,2026,93
a64b7c26405fddf6,2026-02-28,11:41:02,200.0,d95caa4aa15a5155,2026,93
e1d42ce43b50cf4e,2026-02-28,11:57:50,497.25,af14c71d7b44ac63,2026,93
38698d6bf323c127,2026-02-28,12:30:17,497.25,efa113aaa928a06c,2026,93
db1b2ac7143fb32e,2026-02-28,13:05:09,397.8,85b4948c570033d2,2026,93
efd70c0b27bc5a48,2026-02-28,13:11:32,795.6,7309db4a0ed05a8d,2026,93
9922ee00f224163a,2026-02-28,13:29:21,497.25,a6b2eb3cfd04917c,2026,93
f3b9b79105351be9,2026-02-28,15:13:27,397.8,04679a7c334756b6,2026,93
2affd1e8c9765e16,2026-02-28,15:40:40,397.8,4c0073b13fc57fef,2026,93
48fd26dd025937ff,2026-02-28,15:44:13,497.25,183c6f1c964f801c,2026,92
496d6cd1af0e0907,2026-02-28,16:55:08,200.0,f8fc5c9afb7ae389,2026,92
71259a046f2eeb2e,2026-02-28,17:12:48,497.25,af14c71d7b44ac63,2026,92
d970f4e2f33e1235,2026-02-28,17:53:56,497.25,3cf1b1c9f8760b70,2026,92
cae6004caf25058e,2026-02-28,18:00:54,397.8,38bf01b2b31e6c64,2026,92
27c7e48a7e678ec4,2026-02-28,18:05:48,497.25,af14c71d7b44ac63,2026,92
a30343fbdd9bde11,2026-02-28,18:23:10,397.8,2105e3097a61c3fd,2026,92
fe84b3e68362894b,2026-02-28,18:24:13,397.8,3cd6178d79301f52,2026,92
cf16eafd45caad5c,2026-02-28,19:05:49,397.8,2c8297557e756513,2026,92
fe9091de9a35ab6c,2026-02-28,20:16:09,397.8,7e1aec8e771b1336,2026,92
1d28bb61e4c0db27,2026-03-01,12:09:40,298.35,d02b796930cddff5,2026,92
53e7a2a7e36df067,2026-03-01,12:58:58,497.25,752d4352db69695d,2026,92
f7b00d54b350535e,2026-03-01,13:32:15,397.8,56ae2849ccf76990,2026,92
b2ac84a11b93e202,2026-03-01,14:19:15,397.8,2e767cec6d3dc2f4,2026,92
cb3b18e9bfd7b51c,2026-03-01,14:21:59,397.8,38ba69e8511fd6bd,2026,92
154aa37c0d0b06c4,2026-03-01,14:39:21,397.8,13aaa45488235a28,2026,92
49b1302f0d35787c,2026-03-01,15:30:56,298.35,cb34406b97644fbb,2026,92
f3e0c5d7e130a01b,2026-03-01,16:21:47,497.25,62b520614e3df96b,2026,92
ec96d8b1cd1a2cb6,2026-03-01,16:51:22,397.8,0931fc241c3a0772,2026,92
8189952b89efc023,2026-03-01,17:21:13,397.8,d0307d80c97bb981,2026,92
db922976a45ee4a4,2026-03-01,17:35:34,497.25,18c2b1327a54a21f,2026,92
52d477a7cc3af1cc,2026-03-01,18:09:06,397.8,8ab9426d9dacec4f,2026,92
ac5d3e985134ea15,2026-03-01,18:32:30,397.8,d11836664c5bed90,2026,92
b580501f888e48f9,2026-03-01,18:58:30,397.8,e84ee76cabfd7007,2026,92
f48d1acd39ae20b3,2026-03-01,19:23:31,497.25,03dbccbc57561932,2026,92
78dfc73afe87fef4,2026-03-01,19:47:43,397.8,bef0a9a578c23b50,2026,91
a6e47140e3c3ca73,2026-03-01,20:19:19,497.25,ea74339fb392bbc0,2026,91
30d76269ed027d84,2026-03-02,12:13:41,397.8,ec1d33ae5c344e2e,2026,91
d17641f7550fea6c,2026-03-02,15:42:18,298.35,ebb506523ba95de3,2026,91
03b70c9c86007ae8,2026-03-02,15:47:15,497.25,b8c6d597e0e67f48,2026,91
789acc9422709900,2026-03-02,16:03:39,200.0,dc9f9d8e086d1326,2026,91
094bd05cfd08f7db,2026-03-02,17:45:34,497.25,4886a61435e533d8,2026,91
51e21f380af06343,2026-03-02,18:13:01,497.25,96c423676705b6c3,2026,91
6ea6538e0b8d29e3,2026-03-02,18:27:25,994.5,dd1bdd7fcbb7b771,2026,91
8f28085d2721538f,2026-03-02,18:48:38,397.8,f19707e7feaab25f,2026,91
0fdcd8c82f14fcc4,2026-03-02,18:50:43,895.05,8f5f3316cc5fb713,2026,91
c45afdfa4e6c920d,2026-03-02,19:12:56,200.0,af14c71d7b44ac63,2026,91
7ff8ebe7afb767dc,2026-03-02,19:18:00,150.0,60d93c7ef514b250,2026,91
ce58488561f94c34,2026-03-03,12:00:27,397.8,3a41a1f4ea8a856d,2026,91
296cd13b332e810d,2026-03-03,12:02:36,298.35,1bd1bd6ef73c2204,2026,91
fe13f03191af1b63,2026-03-03,13:02:39,298.35,529122b777cc9f5c,2026,91
0487c84c95dad874,2026-03-03,15:10:20,397.8,d11836664c5bed90,2026,91
f8be6636260a92f1,2026-03-03,16:16:56,596.7,e81d3fd7cd3f2d31,2026,91
2cadd4087e5a5da2,2026-03-03,19:33:26,397.8,0cc109854e2a83f8,2026,91
a99e39fa4585d424,2026-03-03,19:51:31,298.35,bef0a9a578c23b50,2026,91
645290d8b24b60dd,2026-03-03,20:27:35,397.8,fbe3b776b5cf3c68,2026,91
d90647c14205236d,2026-03-04,14:44:26,497.25,dc1f4ef836d38ac0,2026,91
c16e749eec7e04ac,2026-03-04,15:03:31,397.8,1933054b92df99da,2026,91
22080b94bdd37883,2026-03-04,16:45:54,397.8,5523b938c96b7c6c,2026,91
c64fec86238b596d,2026-03-04,21:23:01,397.8,bef0a9a578c23b50,2026,91
c74ac9249540fa26,2026-03-05,12:07:51,397.8,8e55a80234332f8e,2026,91
2cfd07dcf302278e,2026-03-05,12:21:33,497.25,2aaa37380f3061ad,2026,90
a24189fa94ad443e,2026-03-05,14:23:32,397.8,7386f1db2998ff8b,2026,90
0f3de6ae085fbb6f,2026-03-06,12:01:16,200.0,64f0d38d882fa56b,2026,90
3f761d80518fb5eb,2026-03-06,14:00:40,497.25,2277437a9b487ea6,2026,90
472b9aced62f9d9c,2026-03-06,15:08:29,397.8,7f7341e2036f51a4,2026,90
0e21dffa2974d38d,2026-03-06,17:37:00,795.6,b118484f1d681625,2026,90
fcf4ae4659a8b105,2026-03-06,17:42:53,200.0,d6ae6eb08b38b89a,2026,90
d68497a21d0994fb,2026-03-06,19:17:46,397.8,e677c9a6ff2d3353,2026,90
e6cf48bfcd2748e0,2026-03-07,12:24:45,397.8,f026de885c7856f5,2026,90
921583b53ebc3f50,2026-03-07,13:17:34,397.8,c897b09d0d744b67,2026,90
dab21b3ad1835c5e,2026-03-08,13:12:57,397.8,101eb4e2e7ba33d4,2026,90
3a7518eb01e4b7c0,2026-03-08,14:29:45,397.8,766f6a67317295a2,2026,90
2236ea64781b88d7,2026-03-08,17:04:01,497.25,dd3d09ddbb7cccb2,2026,90
7694689afa6362bf,2026-03-08,17:30:45,397.8,03dbccbc57561932,2026,90
e83e0a4fcdb8bf3b,2026-03-08,20:37:23,200.0,53fcbbd8ba6f25b5,2026,90
c0ff9c01f66cb6c7,2026-03-09,12:14:08,397.8,49233befcda32077,2026,89
1bce378d60726a80,2026-03-09,12:25:13,497.25,f8fc5c9afb7ae389,2026,89
22de524f534bbe46,2026-03-09,12:40:43,397.8,d9f8c2d5b6737159,2026,89
7d6ece4f35608db6,2026-03-09,13:34:47,1093.95,f94533bb14d724e4,2026,89
6c86d74eeaf9265e,2026-03-09,14:22:18,397.8,e7f3bc23f2f8ea7c,2026,89
6f153326ed432bec,2026-03-09,14:54:38,397.8,19e7861497d8fb05,2026,89
6eceba133aea2740,2026-03-09,16:51:15,397.8,bef0a9a578c23b50,2026,89
46f86415fdf49933,2026-03-09,18:11:26,397.8,5583d4754815a72c,2026,89
6b2d7552843f2612,2026-03-10,11:58:02,397.8,eb57efcec24b7e7d,2026,89
4371fbd80a31d89f,2026-03-10,12:30:27,397.8,0db97f2af0582af5,2026,89
363887299ecdee82,2026-03-10,12:47:37,497.25,30acbcae4458aff2,2026,89
35e08e56bc340a44,2026-03-10,16:54:35,397.8,feef5ad898de97fc,2026,89
e2534d4f75ea5145,2026-03-10,17:22:50,397.8,b8a9a5be8fbc5bfb,2026,89
e871dde0f79bf1c3,2026-03-10,17:59:03,397.8,cf7733ce50747cdc,2026,89
2e1ffdeed8079ec2,2026-03-11,11:59:37,497.25,089d700fe2b4fadb,2026,89
1863251073d7b88d,2026-03-11,13:50:54,298.35,d11836664c5bed90,2026,89
52ced966a8514a51,2026-03-11,15:13:43,497.25,18492e2f66c9327f,2026,89
099e557dfc08d0ba,2026-03-11,15:59:59,497.25,b8c6d597e0e67f48,2026,89
8cbf0df05df76770,2026-03-11,18:14:44,497.25,183c6f1c964f801c,2026,89
931d39e60623d7eb,2026-03-11,19:46:58,200.0,110dd35468403d34,2026,89
b5c0346130693e99,2026-03-11,20:04:09,397.8,ef948e13078d5ea5,2026,89
37488898aab4b1b1,2026-03-11,20:24:43,397.8,1933054b92df99da,2026,89
1bafe61e09de9599,2026-03-12,12:22:24,397.8,04679a7c334756b6,2026,88
842f9275f5e947b5,2026-03-12,13:34:58,497.25,e805ff56a928aa48,2026,88
f0370c42b829e7c1,2026-03-12,16:04:33,200.0,d1f9d54dec12d243,2026,88
851fea0e11f88f2e,2026-03-12,16:26:14,497.25,26fffb43361eca9e,2026,88
f628b9cc4d664aa5,2026-03-12,16:55:11,298.35,95f67c749858649e,2026,88
f35d96b18e72a7f9,2026-03-12,17:18:57,497.25,a36536db0383a914,2026,88
878ed033c000c636,2026-03-12,17:41:49,497.25,3cf1b1c9f8760b70,2026,88
dff2aa61de7b5cca,2026-03-12,17:49:14,497.25,b47bff63631f27ea,2026,88
8aec6d9b57c37279,2026-03-12,18:08:54,397.8,96e1904d49006a7c,2026,88
dc1a6f629660dde2,2026-03-12,18:16:16,200.0,56ae2849ccf76990,2026,88
caa2842cac0b7ed4,2026-03-12,18:34:01,298.35,68c571af3ff21546,2026,88
3cc1540c9d75a4f4,2026-03-12,18:37:26,298.35,c33bf461b61dcc6b,2026,88
6e3f4b91cb391a60,2026-03-12,19:15:32,397.8,7a37da6e19383faf,2026,88
a6ebbdeca799afb3,2026-03-13,11:07:03,200.0,385b772b6f27a162,2026,88
694ac293f43680a4,2026-03-13,13:35:04,200.0,bef0a9a578c23b50,2026,88
ab7ecbce554eb4cd,2026-03-13,14:24:33,397.8,d11836664c5bed90,2026,88
ee4eb59b8069d570,2026-03-13,16:00:34,497.25,868c5e4fa41b966a,2026,88
d72e1dd33b296ad5,2026-03-13,17:56:05,1392.3,ccb8e8d57119f911,2026,88
1924851f429269ae,2026-03-13,17:58:19,1292.85,ede2c43c89e02794,2026,88
86ce7139dfd762a3,2026-03-13,17:59:19,497.25,fcbcbc0bf3c1bf7a,2026,88
ec5ac504583820cd,2026-03-13,18:33:03,100.0,64ca68098142394b,2026,88
f91a7a9191a694d8,2026-03-13,19:37:58,497.25,18c2b1327a54a21f,2026,88
22d698366b4d0265,2026-03-14,11:52:49,596.7,d0307d80c97bb981,2026,88
16dc12fa878d3807,2026-03-14,12:00:20,497.25,8252fd10ec3a17f4,2026,88
47ce1e8be7bc9e97,2026-03-14,13:52:41,397.8,ab6cc6c89a759257,2026,87
bfa7e804e364a7a3,2026-03-14,16:19:36,397.8,440d211bb7942184,2026,87
95a7cc11ac21aa20,2026-03-14,17:06:20,100.0,bef0a9a578c23b50,2026,87
b8104afdf7b57cf2,2026-03-14,17:20:29,1193.4,049ec8eb0a1aa611,2026,87
6a6710498cd9c11d,2026-03-14,18:19:32,497.25,bf8f5ab34238c56a,2026,87
0a21ceee48d8d2a5,2026-03-14,19:07:03,497.25,8b33e20a4747382a,2026,87
d79b34aedcee8523,2026-03-14,20:09:05,298.35,b291e3ceb2ba8d81,2026,87
cb65af3525a0963f,2026-03-14,20:18:45,397.8,bef0a9a578c23b50,2026,87
5f6a771ac80e4707,2026-03-15,13:21:01,497.25,,2026,87
6de275e616cd1154,2026-03-15,14:12:21,497.25,7309db4a0ed05a8d,2026,87
593c5ae969e42348,2026-03-15,14:58:03,397.8,56ae2849ccf76990,2026,87
b577a70d7dc8547c,2026-03-15,15:09:42,397.8,bef0a9a578c23b50,2026,87
31c2ae5b18051498,2026-03-15,15:47:18,298.35,f6ca51062338a4c6,2026,87
8d7d392b79ff43b1,2026-03-15,15:54:04,596.7,bef0a9a578c23b50,2026,87
ba49755cde1ffe53,2026-03-15,16:14:47,397.8,bef0a9a578c23b50,2026,87
5856206ff711117c,2026-03-15,17:12:21,200.0,979fb850c7160e13,2026,87
cb26bbb015b626ea,2026-03-15,17:24:14,397.8,bef0a9a578c23b50,2026,87
543a109eb0f8e21d,2026-03-15,17:49:21,397.8,f999441cdb10deed,2026,87
78e51be619bea65b,2026-03-15,17:51:28,298.35,2277437a9b487ea6,2026,87
956b2b414a65ba94,2026-03-15,19:08:49,397.8,7b6d13083d89eeb0,2026,87
7b5b016c96dfcea8,2026-03-15,19:24:40,497.25,03dbccbc57561932,2026,87
a1adbaa33f61f61c,2026-03-15,19:44:59,397.8,b75e01938ed9b279,2026,87
26de5c1845497585,2026-03-15,20:01:12,397.8,f516803f65250ff4,2026,87
3a2b2a7cbfd85a6f,2026-03-16,11:19:52,298.35,19ead4f613ae9fb3,2026,86
754f67a4db09bb5f,2026-03-16,14:03:36,298.35,d1be6d99604081e1,2026,86
642ab8ffff385a30,2026-03-16,14:20:00,397.8,f19707e7feaab25f,2026,86
0260a0f9672de7ee,2026-03-16,14:59:35,497.25,f8fc5c9afb7ae389,2026,86
1a94ecea589c381e,2026-03-16,16:21:22,895.05,38bf01b2b31e6c64,2026,86
f3f80e71823d5c4e,2026-03-16,16:45:19,397.8,d02b796930cddff5,2026,86
6a56a61ab6e2e5a4,2026-03-16,17:27:54,397.8,44f40fb8a0461d3b,2026,86
041357b790839cb4,2026-03-16,19:38:40,200.0,af14c71d7b44ac63,2026,86
e584ffc9bde9c158,2026-03-17,15:29:21,397.8,175ef0916604f418,2026,86
c3b4d6b082586651,2026-03-17,17:49:41,397.8,9fcf8eeb6a70d7df,2026,86
3f20c1093f6c7b24,2026-03-17,18:54:22,397.8,7e1aec8e771b1336,2026,86
89a2e7acc0371c93,2026-03-17,19:47:50,397.8,d9f8c2d5b6737159,2026,86
d9ea6a466afdcbd4,2026-03-17,20:29:13,397.8,1933054b92df99da,2026,86
c62b90c032c220c8,2026-03-18,11:11:03,497.25,45c606f02517bbd5,2026,86
bb2f77ce3b02de5e,2026-03-18,14:30:49,397.8,d6ae6eb08b38b89a,2026,86
138526593d382449,2026-03-18,18:53:25,397.8,686f5c91cb5cf45b,2026,86
0c5e4e770596d8af,2026-03-19,11:15:43,298.35,19ead4f613ae9fb3,2026,86
ef9fb03dc931cf22,2026-03-19,12:23:03,1193.4,2ccce23c126334e7,2026,86
dec6f3aed45c96d4,2026-03-19,12:25:15,497.25,af14c71d7b44ac63,2026,86
ac80920450f9bb58,2026-03-19,13:42:16,397.8,7f7341e2036f51a4,2026,86
09ce9be8521be5d8,2026-03-19,15:28:52,397.8,13aaa45488235a28,2026,86
35aaaf419e068973,2026-03-19,15:46:18,397.8,af14c71d7b44ac63,2026,86
ba0cff47e86f7692,2026-03-19,18:22:44,994.5,007ffe348c01c7d6,2026,85
6417a1b8c1504859,2026-03-19,18:42:54,1392.3,af14c71d7b44ac63,2026,85
01625244a5da6a4c,2026-03-19,18:51:48,200.0,cf7733ce50747cdc,2026,85
7f6eb394f75f2881,2026-03-19,19:37:58,397.8,49233befcda32077,2026,85
a0a92bac662f0cee,2026-03-19,19:39:04,994.5,d11836664c5bed90,2026,85
d89567e9fad3700d,2026-03-20,12:06:08,397.8,af14c71d7b44ac63,2026,85
4efc5556a817a304,2026-03-20,13:36:58,497.25,efa113aaa928a06c,2026,85
e9ae6ed94248bb48,2026-03-20,15:43:06,397.8,19e7861497d8fb05,2026,85
9445088cb6f8ac1e,2026-03-20,15:57:44,397.8,88c7e72f48eb598b,2026,85
975b5890331982a3,2026-03-20,16:10:31,200.0,56ae2849ccf76990,2026,85
7c50a7c546b9ddf9,2026-03-20,16:17:06,497.25,f8fc5c9afb7ae389,2026,85
55b86336602bb58a,2026-03-20,17:59:26,200.0,6e1a218fd60fa6e9,2026,85
cb297fb67c681610,2026-03-20,18:11:59,397.8,5dc9a9775bc2ae3c,2026,85
c60cd2e082e2829e,2026-03-21,13:08:16,1690.65,af14c71d7b44ac63,2026,85
c8ce6d4b8512df16,2026-03-21,13:20:01,397.8,9b6ee726e14ee02f,2026,85
1ac246327bd079ca,2026-03-21,14:14:01,1193.4,af14c71d7b44ac63,2026,85
1c4168912a81a34f,2026-03-21,14:49:42,397.8,da7a33129d78d734,2026,85
ee910e3a78d5ddd9,2026-03-21,16:10:01,397.8,d11836664c5bed90,2026,85
4213e5a2933c7b0f,2026-03-21,17:02:08,397.8,5790677a11e661b1,2026,85
b8eae34508064f71,2026-03-21,18:25:03,497.25,2277437a9b487ea6,2026,85
918f450f4230ca79,2026-03-22,13:19:54,397.8,7309db4a0ed05a8d,2026,85
78bdc469659cf3e4,2026-03-22,14:50:57,200.0,53fcbbd8ba6f25b5,2026,85
bf99af4a299930d2,2026-03-22,15:24:34,497.25,836f47c5fbc38993,2026,85
0488509e00f0e77e,2026-03-22,15:58:45,1989.0,bef0a9a578c23b50,2026,85
dd139cad39897f5a,2026-03-22,16:05:55,397.8,56ae2849ccf76990,2026,84
4f521d8dc4234389,2026-03-22,16:34:05,696.15,766f6a67317295a2,2026,84
7972b913589efa85,2026-03-22,17:13:01,994.5,18c2b1327a54a21f,2026,84
514b21d0a6c713c0,2026-03-22,18:41:36,497.25,183c6f1c964f801c,2026,84
2ebb7a35bb35db8a,2026-03-22,18:50:54,1989.0,bef0a9a578c23b50,2026,84
fd209197d3d35b2e,2026-03-22,19:00:48,200.0,025ca0449991c190,2026,84
e1a703c5a64eb083,2026-03-23,09:17:17,397.8,04679a7c334756b6,2026,84
3b10fee956ffb760,2026-03-23,09:56:45,200.0,d6ae6eb08b38b89a,2026,84
9290b2c15063c17e,2026-03-23,12:42:03,397.8,38bf01b2b31e6c64,2026,84
8f17947160201533,2026-03-23,13:12:52,397.8,eb854172e4893282,2026,84
52df9f1fb3608798,2026-03-23,14:42:47,397.8,440d211bb7942184,2026,84
fabbc7fe50981cea,2026-03-23,15:37:45,397.8,89e64150c114ef80,2026,84
7507af318a597f90,2026-03-23,16:03:04,298.35,9b6ee726e14ee02f,2026,84
5c1a3a27f647d5aa,2026-03-23,17:07:19,1690.65,af14c71d7b44ac63,2026,84
a130d794a8aa79a5,2026-03-23,19:22:32,397.8,eb2f97ed71155f76,2026,84
3ccf09fe3c3573f0,2026-03-24,11:23:47,497.25,089d700fe2b4fadb,2026,84
1fbdd1ce1825cb88,2026-03-24,16:24:53,397.8,fbe3b776b5cf3c68,2026,84
64799924fbfb717c,2026-03-24,17:21:55,397.8,50b00a49b5dfc632,2026,84
4435c0777a78eccc,2026-03-24,17:47:07,497.25,a6b2eb3cfd04917c,2026,84
dea998f48577f273,2026-03-24,18:27:29,596.7,92875e353a5002f1,2026,84
77a5d023c8a0d8b9,2026-03-24,18:54:36,298.35,f4b811b17180ea83,2026,84
dfb92284d6265b85,2026-03-24,19:36:36,397.8,35fc95cfdc08a809,2026,84
a3a6f613399ddce9,2026-03-24,20:09:36,497.25,af14c71d7b44ac63,2026,84
f564e7ecbc861c88,2026-03-24,20:30:56,497.25,e574216562d30922,2026,84
1d3a1a7bff4179f7,2026-03-24,20:40:58,397.8,d11836664c5bed90,2026,84
cd8028c567a01a3e,2026-03-25,12:23:38,10.0,b3c5483b1387e90f,2026,84
da40634224d5e0a6,2026-03-25,12:28:15,248.62,ee70b12177b31cb1,2026,83
e4e88fae9a5b482f,2026-03-25,15:42:21,248.62,8d488079b67affad,2026,83
f0b0f9ae7b4897f2,2026-03-25,15:49:51,596.7,9272d2f1e36848ca,2026,83
71be0960de214662,2026-03-25,17:22:11,397.8,bef0a9a578c23b50,2026,83
ae118482fa948453,2026-03-25,18:25:34,397.8,ed38253efb7b3222,2026,83
f67a6ac5d0e1dd36,2026-03-25,19:38:59,497.25,7715b91f954cece7,2026,83
f88bd99a60874bba,2026-03-26,10:59:38,497.25,e805ff56a928aa48,2026,83
1ad023941672847c,2026-03-26,11:15:06,497.25,cb66fa6bb9cf7d0f,2026,83
61d09ada1cda9fdd,2026-03-26,13:56:42,397.8,c897b09d0d744b67,2026,83
432f976c8330045a,2026-03-26,14:25:07,397.8,686f5c91cb5cf45b,2026,83
501f12f19aaf310d,2026-03-26,14:40:24,497.25,b8c6d597e0e67f48,2026,83
8b3991378a8e088c,2026-03-26,15:34:53,397.8,3a9641786e1b1a61,2026,83
a4eaf3d4fc01abe7,2026-03-26,16:24:09,497.25,fcbcbc0bf3c1bf7a,2026,83
0abec23735db3dd5,2026-03-26,17:29:04,200.0,cf7733ce50747cdc,2026,83
735d407cf9591991,2026-03-26,17:52:04,397.8,0014d9cbaa2c997c,2026,83
2cbd7e81ca37f47a,2026-03-26,18:18:18,397.8,d9f8c2d5b6737159,2026,83
054ee60a2e0b2317,2026-03-26,18:57:53,497.25,2aaa37380f3061ad,2026,83
63e14918991b3a80,2026-03-27,11:54:03,397.8,8d432a587fdd0a4d,2026,83
e42907b945808790,2026-03-27,12:43:29,397.8,7f7341e2036f51a4,2026,83
687ff65b658e1d59,2026-03-27,13:56:58,248.62,cdb95efa2c709958,2026,83
9ccd3a3de0544094,2026-03-27,15:04:38,497.25,dc1f4ef836d38ac0,2026,83
bdfd80dac06bdf8b,2026-03-27,15:21:31,200.0,ac7f07a1792798ed,2026,83
c9485a6ef0d65276,2026-03-27,15:28:51,397.8,d11836664c5bed90,2026,83
e1361fa3db998fb1,2026-03-27,15:32:26,3679.65,af14c71d7b44ac63,2026,83
966b01f154533a56,2026-03-27,16:32:17,497.25,d5ba26f8182ca571,2026,83
a07013e57805cfb0,2026-03-27,16:33:55,1193.4,0931fc241c3a0772,2026,83
21e69d9cebc50b99,2026-03-27,16:41:00,497.25,03dbccbc57561932,2026,83
5742dae443e772de,2026-03-27,16:52:24,497.25,4886a61435e533d8,2026,82
d7d9aa41270cbabe,2026-03-28,11:07:27,397.8,1933054b92df99da,2026,82
ddab5e887aa3c902,2026-03-28,12:52:30,497.25,421d9935a8b5a755,2026,82
8b83e5e036991391,2026-03-28,12:52:44,397.8,bef0a9a578c23b50,2026,82
b1d1d80daa92c6a3,2026-03-28,15:05:32,298.35,b118484f1d681625,2026,82
08b7df3e5f55decb,2026-03-28,15:46:24,397.8,d11836664c5bed90,2026,82
bfbd597526627200,2026-03-28,16:10:57,1193.4,049ec8eb0a1aa611,2026,82
7afce6d72fdf37e5,2026-03-28,17:02:21,397.8,f999441cdb10deed,2026,82
114ffae71955ecb7,2026-03-28,17:06:20,497.25,e67b548a32e322bc,2026,82
84fc0ff43fa2b15d,2026-03-28,17:33:31,497.25,bef0a9a578c23b50,2026,82
24dd0cd4db433e82,2026-03-28,18:13:39,397.8,71dc1f48ec30e583,2026,82
b8a8573b13864868,2026-03-28,19:51:56,397.8,d35db10b795f1936,2026,82
b5dc1dd54f2d5adf,2026-03-28,19:53:29,497.25,f5624012eba4887f,2026,82
5b584b7e4b4ab372,2026-03-29,12:28:48,397.8,57a5cc9b0e991988,2026,82
e7c12d78b2891dc2,2026-03-29,12:54:00,397.8,8ab9426d9dacec4f,2026,82
fdf892eeffb971db,2026-03-29,14:46:31,994.5,26fffb43361eca9e,2026,82
a19afc0050933953,2026-03-29,14:53:16,397.8,38ba69e8511fd6bd,2026,82
c37d81cc3b41bc76,2026-03-29,14:53:33,397.8,56ae2849ccf76990,2026,82
166329d96236eb94,2026-03-29,15:53:03,596.7,60e9c46a67fce230,2026,82
e3a1cb98bf3179a1,2026-03-29,17:04:44,795.6,7309db4a0ed05a8d,2026,82
a9c7ad4f234f514b,2026-03-29,18:28:12,397.8,316bc800a97b6237,2026,82
a46006a8dff7db7a,2026-03-29,18:35:54,497.25,f31d63e645a79e2b,2026,82
5ca5cdab4e61d780,2026-03-29,19:01:49,397.8,f19707e7feaab25f,2026,82
3a5219c027ae36b4,2026-03-29,20:09:45,397.8,19189417786fb1d5,2026,82
998292e763855de2,2026-03-29,20:20:55,397.8,f516803f65250ff4,2026,82
8553f6c807f6e2e4,2026-03-30,06:26:53,994.5,bef0a9a578c23b50,2026,82
32bd07e4da9f5b78,2026-03-30,11:53:16,397.8,40755ce06f7c1cd9,2026,82
58de0712f5caa653,2026-03-30,13:32:26,200.0,32c927ebc2111a12,2026,81
7f77a7fb4ad98cd4,2026-03-30,14:25:01,298.35,0f8310c637b40a37,2026,81
2ed2367f6ecf1a95,2026-03-30,15:03:00,397.8,f94533bb14d724e4,2026,81
59da2ba8438fbf5c,2026-03-30,16:55:08,497.25,2277437a9b487ea6,2026,81
99ed2b1cb4f60fad,2026-03-30,17:23:41,397.8,44f40fb8a0461d3b,2026,81
b3b1378f87ebba64,2026-03-30,17:31:57,497.25,b8c6d597e0e67f48,2026,81
767d7c86cc7b3d14,2026-03-30,18:42:13,200.0,e677c9a6ff2d3353,2026,81
201ad824ac8b36c6,2026-03-30,19:01:33,397.8,d11836664c5bed90,2026,81
f89d16a0d011651d,2026-03-31,11:44:36,994.5,2e767cec6d3dc2f4,2026,81
94d1242269176871,2026-03-31,12:12:26,397.8,64f0d38d882fa56b,2026,81
f008ac9a28673da4,2026-03-31,12:33:28,298.35,77e7fa79fbf060d3,2026,81
71f366eb5e8116ab,2026-03-31,14:23:24,397.8,5a44b1b2efef3375,2026,81
f7e667fb61f26d5c,2026-03-31,14:29:44,4475.25,38de674c4244b925,2026,81
058bda67769cf94e,2026-03-31,15:16:08,497.25,8a5cb15b465e2fec,2026,81
f863efc30f5345fc,2026-03-31,16:31:14,397.8,d50489c686a42fda,2026,81
2b532b2d4720b1fb,2026-03-31,16:41:25,397.8,e2451e43ca3ebbbb,2026,81
00955e7cda9afa85,2026-03-31,17:04:27,397.8,19e7861497d8fb05,2026,81
c33d539510d41146,2026-03-31,18:06:27,397.8,56207710f85602f5,2026,81
7f411f69e3d32075,2026-03-31,18:09:24,397.8,448f68658b6ae246,2026,81
c84f501459287a85,2026-04-01,09:50:58,497.25,625f4c6aacf6fa4f,2026,81
d8dc726d68279970,2026-04-01,10:12:59,497.25,3797511c1df3c638,2026,81
eba32ab37b6ef49b,2026-04-01,11:05:18,298.35,19ead4f613ae9fb3,2026,81
8c60fc94a091b613,2026-04-01,14:07:16,298.35,bef0a9a578c23b50,2026,81
2a9e57c9a65851e9,2026-04-01,15:35:39,397.8,424aa970b147f7be,2026,81
13624397acfc9d4e,2026-04-01,16:20:18,994.5,bef0a9a578c23b50,2026,80
f367c24942254586,2026-04-01,19:10:46,696.15,3de68eb7361320b7,2026,80
dc0158ff74d9ccff,2026-04-01,19:27:48,497.25,bef0a9a578c23b50,2026,80
0029335a967d655b,2026-04-01,19:29:43,497.25,bef0a9a578c23b50,2026,80
624edb78f85249cb,2026-04-02,10:10:07,497.25,ae1ef42032b45185,2026,80
03350118e81cb5cc,2026-04-02,11:10:37,397.8,701397aa4ccd3458,2026,80
d4cf403fffa2a4bd,2026-04-02,11:32:45,397.8,1933054b92df99da,2026,80
070b905dae66cb81,2026-04-02,11:52:49,397.8,3cd6178d79301f52,2026,80
8af0c46b57464b5d,2026-04-02,12:23:04,1491.75,af14c71d7b44ac63,2026,80
7379364fc8e36a7d,2026-04-02,12:47:09,397.8,3a41a1f4ea8a856d,2026,80
c68c3b229eb2c998,2026-04-02,13:18:42,1491.75,30c9330af6e15e63,2026,80
e63e2447a0bb1570,2026-04-02,14:28:33,397.8,3d1610cf08e87a83,2026,80
3eff61fb664e72e9,2026-04-02,15:04:57,497.25,1393fd9155060d5e,2026,80
1a20a3ef10014d32,2026-04-02,15:45:46,397.8,686f5c91cb5cf45b,2026,80
a2e002f5c955bb86,2026-04-02,15:52:11,200.0,358c06bce63e3c1b,2026,80
f8edb7c5db96fc6b,2026-04-02,16:01:59,397.8,7386f1db2998ff8b,2026,80
32ada31f1066a502,2026-04-02,16:42:27,397.8,766f6a67317295a2,2026,80
489e84731121e05f,2026-04-02,17:26:03,1491.75,846b9b9b0de0afc1,2026,80
41d8c881a55057a1,2026-04-02,17:47:59,200.0,56ae2849ccf76990,2026,80
c06007a92aaef095,2026-04-02,19:36:49,497.25,183c6f1c964f801c,2026,80
6c95d39bf234c1fc,2026-04-02,20:01:44,200.0,c068bec9abc20647,2026,80
211ec1a1c01d6e19,2026-04-02,20:12:21,795.6,af14c71d7b44ac63,2026,80
43140d5a39413894,2026-04-03,12:18:36,298.35,61588fed3803a1e9,2026,80
1b269feacc6abd75,2026-04-03,12:31:41,397.8,af14c71d7b44ac63,2026,80
647e8e99fa8b259f,2026-04-03,12:39:16,696.15,b8e14e286f880de9,2026,79
d4af5f51f92f05e8,2026-04-03,12:54:01,397.8,9f1492265c18b7c3,2026,79
fc6aaba05382d58d,2026-04-03,12:59:06,1442.02,940ed697f0cda3e3,2026,79
1d6b30add0fca53a,2026-04-03,13:16:25,696.15,386a4466832629c4,2026,79
62efa693f20a8d2d,2026-04-03,15:11:42,298.35,53fcbbd8ba6f25b5,2026,79
8cc6a83f9af32a6f,2026-04-03,15:14:31,397.8,7e1aec8e771b1336,2026,79
2831cfecaeb7469b,2026-04-03,15:28:26,397.8,af14c71d7b44ac63,2026,79
1def787bc2958b8c,2026-04-03,15:59:04,397.8,bef0a9a578c23b50,2026,79
259101e6bb21a869,2026-04-03,16:24:26,497.25,45c606f02517bbd5,2026,79
72d8957a61d0aba8,2026-04-03,16:33:04,397.8,8ab9426d9dacec4f,2026,79
94cca4c86211e841,2026-04-03,16:35:17,497.25,af14c71d7b44ac63,2026,79
788fde2f18128ecb,2026-04-03,16:57:29,397.8,da7a33129d78d734,2026,79
2f188809d28da7a8,2026-04-03,17:20:03,696.15,e8193510f2826d0d,2026,79
1205a7b4acf2056f,2026-04-03,17:38:59,497.25,610e28c954282881,2026,79
1ef1709da34f01be,2026-04-03,18:40:33,497.25,18c2b1327a54a21f,2026,79
b655e966ee6f0d1b,2026-04-03,19:25:40,397.8,d11836664c5bed90,2026,79
d9c412084ef4d8aa,2026-04-03,20:05:07,497.25,bef0a9a578c23b50,2026,79
b181a9883548b08b,2026-04-03,20:29:14,100.0,bef0a9a578c23b50,2026,79
8458df6b67d4f0e5,2026-04-04,11:33:09,497.25,ab6cc6c89a759257,2026,79
4418f97bd40b9bda,2026-04-04,12:49:49,497.25,049ec8eb0a1aa611,2026,79
c046a471fd14a0eb,2026-04-04,13:32:44,397.8,ed38253efb7b3222,2026,79
37dfdb39b232b6c5,2026-04-04,14:14:47,397.8,d9f8c2d5b6737159,2026,79
9a71fb6767f0bd75,2026-04-04,18:28:08,1193.4,1e02e79c77dae0af,2026,79
1b3d969314abec29,2026-04-04,19:06:39,1989.0,bef0a9a578c23b50,2026,78
8031a62683a75507,2026-04-04,20:45:43,397.8,cfb9a9b7aa45168d,2026,78
691e4229b82adda0,2026-04-05,13:57:09,1392.3,ccb8e8d57119f911,2026,78
f0551230e673cac4,2026-04-05,15:17:27,397.8,56ae2849ccf76990,2026,78
5f578f68b7538763,2026-04-05,15:31:30,397.8,88c7e72f48eb598b,2026,78
aa111f353b1560a6,2026-04-05,17:03:32,397.8,13aaa45488235a28,2026,78
2d283a4506efab0e,2026-04-06,12:29:56,397.8,101eb4e2e7ba33d4,2026,78
92c8e7e39603f155,2026-04-06,12:53:36,397.8,fa68f06bbd6067e8,2026,78
fb1dc113a694b03e,2026-04-06,13:23:34,497.25,30ff1fc73103f514,2026,78
7d478fd66036c6d7,2026-04-06,14:13:15,1193.4,26fffb43361eca9e,2026,78
0ccfd604aaa553b7,2026-04-06,14:51:30,497.25,af14c71d7b44ac63,2026,78
33faa24d4da2b12a,2026-04-06,15:28:36,1.0,bef0a9a578c23b50,2026,78
f482bb94b838d94c,2026-04-06,16:10:30,497.25,e565efbf944c5511,2026,78
fdf9b7b32d997783,2026-04-06,16:12:59,397.8,bef0a9a578c23b50,2026,78
8626e7594e38f030,2026-04-06,16:27:16,150.0,2dd006ef921ec442,2026,78
477ebc7335fac715,2026-04-06,17:08:31,298.35,bef0a9a578c23b50,2026,78
deca14bde383631e,2026-04-06,18:30:10,397.8,afec9728df1db805,2026,78
7d9657f02179f5df,2026-04-06,19:16:45,397.8,89e64150c114ef80,2026,78
3946b3641b8f3f05,2026-04-06,19:28:30,200.0,d11836664c5bed90,2026,78
e2239554521ae989,2026-04-06,19:41:00,150.0,60d93c7ef514b250,2026,78
b133f243f5c4b4bc,2026-04-06,20:20:41,397.8,7f7341e2036f51a4,2026,78
16751f9b614eaf93,2026-04-07,13:40:14,200.0,bef0a9a578c23b50,2026,78
186e174a4d06e61b,2026-04-07,13:57:07,298.35,f2bdd9037b9d8483,2026,78
8e02767512eb769b,2026-04-07,15:11:35,298.35,bef0a9a578c23b50,2026,78
600b2c0b35a7a15c,2026-04-07,17:28:34,497.25,c21dafceeaae3481,2026,77
ab9105bbfe582b02,2026-04-07,18:02:10,497.25,54659fa514a8165c,2026,77
1f679ac9e68ef28a,2026-04-08,10:18:51,200.0,,2026,77
d364d281aa985477,2026-04-08,14:08:23,397.8,d6ae6eb08b38b89a,2026,77
18464cbb0040373b,2026-04-08,14:44:50,497.25,978738acb9865fc9,2026,77
d0c35245d2379f2e,2026-04-08,15:43:17,397.8,0f0d53336124bd34,2026,77
9d427fb825b8f6de,2026-04-08,15:48:40,298.35,f4b811b17180ea83,2026,77
27bec2a40f9f6bfd,2026-04-08,19:05:23,200.0,fa68f06bbd6067e8,2026,77
2fe45c670e387eba,2026-04-09,10:28:50,497.25,e805ff56a928aa48,2026,77
ede33777f6e9fe45,2026-04-09,12:16:41,200.0,af14c71d7b44ac63,2026,77
411c7beca7eaa7a4,2026-04-09,13:10:26,795.6,36cd9c834179b144,2026,77
833e21c76c9ed031,2026-04-09,13:43:13,397.8,96e1904d49006a7c,2026,77
c1f2268794690b40,2026-04-09,14:34:02,397.8,42c9ff4f1a90c60f,2026,77
83519414f08640bc,2026-04-09,15:23:02,497.25,b8c6d597e0e67f48,2026,77
4c93206f19bbacde,2026-04-09,15:52:20,497.25,2277437a9b487ea6,2026,77
95b8c3233316abac,2026-04-09,15:54:25,596.7,d11836664c5bed90,2026,77
948d73f34efe5842,2026-04-09,17:52:47,200.0,56ae2849ccf76990,2026,77
db936d8b930bcf58,2026-04-09,18:05:36,497.25,836f47c5fbc38993,2026,77
36ae5bb7717a6a82,2026-04-09,19:49:46,497.25,3797511c1df3c638,2026,77
e6f0f3efcb3452d3,2026-04-10,11:33:29,397.8,3ab0107c91cf9f53,2026,77
bd66505200f9c8d8,2026-04-10,11:59:12,397.8,bef0a9a578c23b50,2026,77
fd9b0a714637b430,2026-04-10,12:51:33,298.35,95f67c749858649e,2026,77
6294394fe64c9666,2026-04-10,13:11:24,397.8,ab5ebb9c0c28f2ac,2026,77
138b945d73af7ff7,2026-04-10,13:53:29,200.0,e8196a0768bbd212,2026,77
37ef3bed16c28d44,2026-04-10,14:45:00,1193.4,8a5cb15b465e2fec,2026,77
5d7d41c1e7051472,2026-04-10,15:23:48,397.8,b8a9a5be8fbc5bfb,2026,77
3f1978b7e29e9b0a,2026-04-10,17:53:31,397.8,eb57efcec24b7e7d,2026,77
3351f467f0ae57fe,2026-04-10,17:55:09,497.25,4886a61435e533d8,2026,76
8455e54f8a6ef465,2026-04-10,18:03:18,497.25,18c2b1327a54a21f,2026,76
cc45e5f2f3176407,2026-04-10,19:17:10,497.25,af4be46a346f44a7,2026,76
31f5b50f48753ca2,2026-04-10,20:06:59,298.35,714ac4dfd7e60fda,2026,76
fc20204f8f23eef8,2026-04-11,10:03:35,994.5,bef0a9a578c23b50,2026,76
d86cbc2d1d0d6fd6,2026-04-11,12:02:02,397.8,40755ce06f7c1cd9,2026,76
13729fa3581fe989,2026-04-11,13:10:12,696.15,af14c71d7b44ac63,2026,76
6c2713ecd3626a28,2026-04-11,14:00:08,397.8,1933054b92df99da,2026,76
1b892bf83db17c62,2026-04-11,15:48:13,497.25,049ec8eb0a1aa611,2026,76
739d7b182a39e40c,2026-04-11,15:55:56,497.25,42c9ff4f1a90c60f,2026,76
910590adf12c61ff,2026-04-11,15:57:46,100.0,bef0a9a578c23b50,2026,76
c6825fd4a28f0722,2026-04-11,17:26:21,397.8,ede2c43c89e02794,2026,76
be7b8c068654b7f0,2026-04-11,17:27:42,795.6,d11836664c5bed90,2026,76
97e6cf34a4af9107,2026-04-11,17:48:09,497.25,71088b2e82a080ba,2026,76
7d40d86d14d45a58,2026-04-11,19:05:56,397.8,9fcf8eeb6a70d7df,2026,76
ccb100393ea72e9f,2026-04-11,19:16:43,200.0,cf7733ce50747cdc,2026,76
65ba313c53eeba3b,2026-04-11,19:35:10,1491.75,af14c71d7b44ac63,2026,76
56f2ac5615d98e0d,2026-04-11,19:36:32,397.8,f999441cdb10deed,2026,76
97e2ce0d1566ba18,2026-04-11,19:38:15,397.8,fbe3b776b5cf3c68,2026,76
68f239396c725521,2026-04-11,20:44:39,497.25,03cea97d1d35afbf,2026,76
6c5efed1f40b707d,2026-04-11,21:16:21,397.8,bef0a9a578c23b50,2026,76
982e7d615cb2b6c8,2026-04-12,12:18:55,397.8,42daeeb2a2eb6cfc,2026,76
f0fa776492e62548,2026-04-12,13:15:00,497.25,441ad6bd02506043,2026,76
8c4b0764a9ce1073,2026-04-12,14:21:36,200.0,d11836664c5bed90,2026,76
3eb0aca1be95d9e5,2026-04-12,15:19:55,397.8,56ae2849ccf76990,2026,76
119b171f41330202,2026-04-12,16:05:00,497.25,aa10ebf07b5d0a61,2026,76
7ee5474957669686,2026-04-12,16:05:29,497.25,b904e572d6a753c2,2026,76
b7836958dd6041e3,2026-04-12,16:56:07,497.25,f51f629d39901fe0,2026,75
a225d56409a421e7,2026-04-12,16:57:12,596.7,aa10ebf07b5d0a61,2026,75
527b0244176c67d2,2026-04-12,17:24:05,497.25,03dbccbc57561932,2026,75
caf35fb03e169257,2026-04-12,17:37:00,895.05,bef0a9a578c23b50,2026,75
dad08444fc257f63,2026-04-12,17:40:57,795.6,087bcf29719c3352,2026,75
9fcdff4106be228b,2026-04-12,17:58:57,596.7,eb2f97ed71155f76,2026,75
04276e0bb2a6da59,2026-04-12,18:34:28,200.0,2a0c6fce57bcbca9,2026,75
62b97d107daf09c6,2026-04-12,18:50:44,1889.55,bef0a9a578c23b50,2026,75
db61c4a33bbac73a,2026-04-12,19:22:03,497.25,661986fc840c8ad2,2026,75
a71afb39490a9d7e,2026-04-13,14:38:19,397.8,7386f1db2998ff8b,2026,75
b6c93ebf558342de,2026-04-13,15:34:43,994.5,dd1bdd7fcbb7b771,2026,75
2e5a28f7ebb4a7c3,2026-04-13,17:22:22,497.25,af14c71d7b44ac63,2026,75
1e75f95c4394df0b,2026-04-13,17:29:37,397.8,d9f8c2d5b6737159,2026,75
3199928c38739d58,2026-04-13,18:14:57,397.8,d02b796930cddff5,2026,75
c73c734a247d4077,2026-04-13,19:53:34,397.8,7f7341e2036f51a4,2026,75
13bac901b8466f06,2026-04-13,20:41:53,397.8,fa54a2244fb72638,2026,75
30a591401ede70bb,2026-04-13,20:58:11,895.05,509e18a8f2408c27,2026,75
ee5f8d2271f2fdaf,2026-04-14,11:46:12,497.25,089d700fe2b4fadb,2026,75
bc4d3096c3a59cf3,2026-04-14,11:48:48,397.8,5523b938c96b7c6c,2026,75
f1e264afc91a1a69,2026-04-14,13:54:19,397.8,c897b09d0d744b67,2026,75
391165e5394b0eff,2026-04-14,16:09:21,298.35,0f8310c637b40a37,2026,75
112e070436b9b0d0,2026-04-14,16:37:50,397.8,44f40fb8a0461d3b,2026,75
9e6685c1687a85dc,2026-04-14,16:39:26,298.35,3b279c038c7a0acf,2026,75
d421b309756e88bd,2026-04-14,17:25:21,596.7,38bf01b2b31e6c64,2026,75
754304aa91b2d28e,2026-04-14,17:42:33,994.5,19e7861497d8fb05,2026,75
f6f2b759ef4323ec,2026-04-14,18:02:27,298.35,670b98578ef27624,2026,75
ff4c49e9a866c5a7,2026-04-14,19:21:01,497.25,2f3cff42ccf57503,2026,75
3c92a25404915796,2026-04-14,20:16:52,200.0,89e64150c114ef80,2026,74
dea1111eca83489e,2026-04-14,20:21:10,397.8,7a37da6e19383faf,2026,74
5d16f5470e81e7a6,2026-04-15,14:22:30,298.35,4ac890d391694b38,2026,74
5600f0cadb3746fa,2026-04-15,15:20:04,200.0,d1f9d54dec12d243,2026,74
8c377e05de495fc2,2026-04-15,16:15:12,497.25,ee1603547452ecf1,2026,74
83917a186c05a550,2026-04-15,18:54:45,397.8,e5ceb6fd33139512,2026,74
f49cb8ef15f74644,2026-04-16,13:20:33,2002.92,d11836664c5bed90,2026,74
0eb5a19715fbf450,2026-04-16,13:24:20,497.25,b8c6d597e0e67f48,2026,74
735b6d657e7e532a,2026-04-16,14:12:38,596.7,af14c71d7b44ac63,2026,74
d04ca2e64954add4,2026-04-16,15:00:16,397.8,1e7229b251e50a16,2026,74
4fe129e83cb4eb81,2026-04-16,15:25:58,397.8,9d625967374abf46,2026,74
379caa33a9cfb101,2026-04-16,20:23:18,186.0,d11836664c5bed90,2026,74
4573dd6f40c089ff,2026-04-17,11:16:18,397.8,04679a7c334756b6,2026,74
35a9c54713f0badb,2026-04-17,13:19:41,200.0,56ae2849ccf76990,2026,74
3534e3203ade4a99,2026-04-17,13:25:29,397.8,1473794f0edc60f3,2026,74
09b88a9c206d32f3,2026-04-17,14:24:30,497.25,12dfa45b04d63838,2026,74
a5f5c235c88c94a4,2026-04-17,19:20:04,497.25,2aaa37380f3061ad,2026,74
b9bd7f35ccf91c31,2026-04-18,13:16:56,397.8,9478cc79fcbad3db,2026,74
f00136882ed05cd7,2026-04-18,13:43:43,200.0,cf7733ce50747cdc,2026,74
ac6abad2be23aad1,2026-04-18,14:56:43,497.25,f29da31a7a6bb7c5,2026,74
68ca918a9db33acc,2026-04-18,16:30:40,497.25,7967f55d1819e944,2026,74
9c7556123bad9629,2026-04-18,18:15:54,497.25,9478cc79fcbad3db,2026,74
f8ffd6390642031f,2026-04-18,18:37:18,397.8,5790677a11e661b1,2026,74
a0dac7ad76ad57bf,2026-04-18,18:54:17,1392.3,bef0a9a578c23b50,2026,74
e8c0ac248b0831a9,2026-04-18,19:49:17,397.8,19189417786fb1d5,2026,74
d5066462476bbb91,2026-04-19,13:10:24,397.8,56ae2849ccf76990,2026,74
c009fe8dde8c9a1c,2026-04-19,13:32:15,497.25,18c2b1327a54a21f,2026,73
c943eadd64fbe034,2026-04-19,13:33:40,397.8,88c7e72f48eb598b,2026,73
eee92136da3ac461,2026-04-19,14:19:41,696.15,766f6a67317295a2,2026,73
934813d4d0901583,2026-04-19,16:31:51,397.8,d6ae6eb08b38b89a,2026,73
49024e8692107ee5,2026-04-19,17:18:38,497.25,c21dafceeaae3481,2026,73
19942df0ed5e044e,2026-04-19,18:04:16,397.8,92045ea2e6fc1f30,2026,73
89aa36809ced87aa,2026-04-19,19:49:58,1093.95,d70a08152c7949f0,2026,73
fd8779e8240ae86d,2026-04-19,20:23:20,397.8,bef0a9a578c23b50,2026,73
136ef4b4c80f107b,2026-04-20,11:58:57,497.25,625f4c6aacf6fa4f,2026,73
c4a8213a20135410,2026-04-20,12:26:38,397.8,3de68eb7361320b7,2026,73
3c693fcbec5a4b03,2026-04-20,14:53:29,497.25,2277437a9b487ea6,2026,73
fd31a20fec01b6c8,2026-04-20,15:26:51,298.35,af14c71d7b44ac63,2026,73
94b13e79d44ae48e,2026-04-20,15:52:58,497.25,0931fc241c3a0772,2026,73
73e0f96c24bf3875,2026-04-20,16:50:57,497.25,5b998f2e19295d6f,2026,73
c47f2d7d7b6420ef,2026-04-20,17:29:52,994.5,42c9ff4f1a90c60f,2026,73
c0fc0c610d01b4b5,2026-04-20,17:43:15,298.35,bef0a9a578c23b50,2026,73
07eb719287a73566,2026-04-20,19:38:07,596.7,f516803f65250ff4,2026,73
035be75dc875718b,2026-04-20,20:13:40,397.8,1933054b92df99da,2026,73
ea6806707fd59736,2026-04-21,13:03:19,497.25,3797511c1df3c638,2026,73
8863b93a4478eeb7,2026-04-21,16:14:27,200.0,dc9f9d8e086d1326,2026,73
1a60bf2aeacf52c9,2026-04-21,18:48:59,397.8,7e1aec8e771b1336,2026,73
f84ca3163f15c3b7,2026-04-21,18:54:59,200.0,d4aa31d510eb8696,2026,73
e036ba4036d908de,2026-04-21,19:36:00,497.25,8a5cb15b465e2fec,2026,73
dbc16472483ba02b,2026-04-21,21:48:16,298.35,bef0a9a578c23b50,2026,73
b6e3e7a31d367e6f,2026-04-22,10:02:50,397.8,38c4347982a1ceca,2026,72
5c9269b72ebdb6fc,2026-04-22,13:05:05,298.35,12dfa45b04d63838,2026,72
08c670b2bdaa757a,2026-04-22,15:25:29,200.0,9478cc79fcbad3db,2026,72
c4294ad55df99348,2026-04-23,13:15:40,397.8,1473794f0edc60f3,2026,72
0254ae2b0650beb6,2026-04-23,14:31:19,100.0,2dd006ef921ec442,2026,72
161003318c0330c5,2026-04-23,15:27:22,497.25,9478cc79fcbad3db,2026,72
528c4d249c34bbe4,2026-04-23,15:50:59,497.25,dd3d09ddbb7cccb2,2026,72
cadf917e41abaa37,2026-04-23,16:15:47,397.8,da7a33129d78d734,2026,72
7bb2c417bc210a52,2026-04-23,16:19:55,298.35,662af8588191926e,2026,72
f04ffc54fb3a6489,2026-04-23,16:29:04,397.8,bef0a9a578c23b50,2026,72
785bcaf2a3f450d1,2026-04-23,17:08:55,497.25,98cfb7d680a0bd9a,2026,72
92aea7cb19c6c124,2026-04-23,18:10:13,200.0,56ae2849ccf76990,2026,72
1159dd870cf053bf,2026-04-23,18:24:56,397.8,d02b796930cddff5,2026,72
4d963152486a7f47,2026-04-23,18:40:26,397.8,13aaa45488235a28,2026,72
18c9fe2383922eab,2026-04-24,11:06:48,200.0,d2528844d667bd22,2026,72
137f774364270699,2026-04-24,13:16:11,497.25,b8c6d597e0e67f48,2026,72
1a53095a422ffddf,2026-04-24,13:40:12,397.8,cf7733ce50747cdc,2026,72
c6deced995773bb7,2026-04-24,14:04:41,298.35,dd3d09ddbb7cccb2,2026,72
949f2cb355bfc536,2026-04-24,14:52:25,397.8,42c9ff4f1a90c60f,2026,72
10811e858b32fb44,2026-04-24,15:22:40,397.8,ef948e13078d5ea5,2026,72
08b79fb7321b44f4,2026-04-24,15:54:47,596.7,ed38253efb7b3222,2026,72
5db014989756aa56,2026-04-24,15:56:18,397.8,bef0a9a578c23b50,2026,72
4e81e7b45295720c,2026-04-24,16:44:53,397.8,19e7861497d8fb05,2026,72
bbd30794e025abe0,2026-04-24,17:19:31,795.6,bef0a9a578c23b50,2026,72
145b52713b28afcb,2026-04-24,18:07:41,596.7,d3163981cb49ebbd,2026,72
302f07f41b6a07b8,2026-04-24,18:31:27,497.25,25fe1c283e073f70,2026,72
67e99ad6893cb15b,2026-04-24,19:36:06,994.5,bef0a9a578c23b50,2026,71
99aa28f36c78cd96,2026-04-25,10:48:16,994.5,d11836664c5bed90,2026,71
c6125b628be0589c,2026-04-25,12:43:15,200.0,d1f9d54dec12d243,2026,71
ee01bd6e13d5e6cb,2026-04-25,14:56:48,200.0,d6ae6eb08b38b89a,2026,71
00e6058f63aed11c,2026-04-25,15:12:55,298.35,252816cce102b391,2026,71
b7443c570fc0407c,2026-04-25,15:55:49,397.8,e7f3bc23f2f8ea7c,2026,71
0b736b18e10aaf53,2026-04-25,16:19:25,200.0,bef0a9a578c23b50,2026,71
f2c49d0aa2f49192,2026-04-25,17:25:04,497.25,5ebd6aba82bddc89,2026,71
a36b259cc3b3e6c2,2026-04-25,18:08:11,497.25,27d547d0d59af9a1,2026,71
266801be234ae466,2026-04-25,19:23:24,397.8,fbe3b776b5cf3c68,2026,71
eb4210dd6bd61ca6,2026-04-26,15:20:08,397.8,93dc137803aa0eb6,2026,71
8afadaae15e3184a,2026-04-26,15:24:07,397.8,fba7b964649ff542,2026,71
f1da0897da6aefc4,2026-04-26,15:44:06,397.8,aae074fdf96fc63e,2026,71
3377b468cce1e902,2026-04-26,16:12:21,200.0,20a389cece823a50,2026,71
0c00119e792f748e,2026-04-26,16:20:18,397.8,f19707e7feaab25f,2026,71
2dd354add66cc85a,2026-04-26,16:42:40,397.8,56ae2849ccf76990,2026,71
17ff327d0df1727b,2026-04-26,17:02:42,397.8,8ab9426d9dacec4f,2026,71
24f3558b0cc123d9,2026-04-26,17:11:02,298.35,f9aa36433cd3c21b,2026,71
a17f7be189067696,2026-04-26,17:51:59,497.25,94695744992360f4,2026,71
398affc0f0c7f91c,2026-04-26,18:14:34,497.25,546f692768d3719f,2026,71
2a270395e94d7812,2026-04-26,18:32:35,298.35,0bc17b82be330bdd,2026,71
fb9ad9007c7d5dbf,2026-04-26,18:37:06,497.25,03dbccbc57561932,2026,71
b712313d3678612e,2026-04-26,18:59:59,200.0,d4aa31d510eb8696,2026,71
93efc469c2d7ace0,2026-04-26,19:11:48,200.0,89e64150c114ef80,2026,70
f088ecb6a9b552cb,2026-04-26,19:57:45,497.25,8e7de0424b6e48b5,2026,70
756ee6dbfd10194e,2026-04-26,20:43:52,298.35,1a0f7795c2f28d14,2026,70
e4dae1b12d288b95,2026-04-26,22:29:18,1193.4,bef0a9a578c23b50,2026,70
929d4a9cb029d989,2026-04-27,12:57:18,994.5,af14c71d7b44ac63,2026,70
f49439fc93c8c1ab,2026-04-27,13:38:30,397.8,d11836664c5bed90,2026,70
2d9d3e278c69d1b7,2026-04-27,15:05:04,397.8,ab5ebb9c0c28f2ac,2026,70
51c724cd9e6e8381,2026-04-27,16:00:55,497.25,41a84c1209076c6e,2026,70
cf3680e4f9a901ff,2026-04-27,17:04:29,795.6,ccb8e8d57119f911,2026,70
5864349692b72158,2026-04-27,17:43:11,397.8,96e1904d49006a7c,2026,70
7f22eb3e28adf122,2026-04-27,18:10:41,397.8,2c8297557e756513,2026,70
102b68d0f7103713,2026-04-27,18:23:29,596.7,8334433ddffc2e6b,2026,70
7c5a4a580b016b33,2026-04-27,18:29:36,298.35,68c571af3ff21546,2026,70
e61dc1ab413ec30e,2026-04-27,18:36:29,397.8,303f02ed8b187d6d,2026,70
c4eaf2f35989935b,2026-04-27,19:35:02,497.25,186db8176311a92a,2026,70
b03f223ab5d6bca6,2026-04-27,19:38:42,298.35,5c28b438c3807872,2026,70
b7e0bb602cfd970f,2026-04-28,10:01:13,397.8,64f0d38d882fa56b,2026,70
49aca8a6519b13e1,2026-04-28,11:12:27,497.25,089d700fe2b4fadb,2026,70
82032f5aaaaa72c1,2026-04-28,12:05:15,497.25,fa87d6c541a46233,2026,70
eb397df13808dd40,2026-04-28,12:35:49,1093.95,c810858fac9b8087,2026,70
4e54ca31c9823332,2026-04-28,13:37:59,397.8,e2451e43ca3ebbbb,2026,70
f10c90a83ce4b299,2026-04-28,14:20:44,298.35,af14c71d7b44ac63,2026,70
fabb481c1e4878ea,2026-04-28,14:21:34,596.7,d11836664c5bed90,2026,70
c55f9a8036d4ad70,2026-04-28,14:31:13,397.8,91164e9a8f6fa065,2026,70
03555ccc7f767c09,2026-04-28,15:34:36,397.8,1933054b92df99da,2026,70
cc3e5e8a290c331b,2026-04-28,16:24:54,596.7,ce2afabd17ba4e60,2026,70
ea0692f8ecab4a06,2026-04-28,16:33:19,397.8,44f40fb8a0461d3b,2026,69
57af3a5f96b546ff,2026-04-28,17:43:15,397.8,b7b3a6ae2c34ab9c,2026,69
d10eaea6af6c0dc6,2026-04-28,18:06:54,298.35,853bfa6ae7f758d8,2026,69
c37282d69c1c2b7d,2026-04-28,18:15:48,298.35,8f5f3316cc5fb713,2026,69
7aa5cab5ad7ccefd,2026-04-28,18:33:07,596.7,bef0a9a578c23b50,2026,69
69a5fbfe0969083c,2026-04-28,20:07:46,298.35,741781451a14475f,2026,69
e3e7dd7b9e1d19c2,2026-04-29,11:52:21,397.8,d6ae6eb08b38b89a,2026,69
07b65b21805d21c9,2026-04-29,13:32:28,397.8,7f7341e2036f51a4,2026,69
2318f4755a400756,2026-04-29,14:04:18,200.0,b488a1aa4a73682e,2026,69
60f0398f60279f53,2026-04-29,16:05:46,497.25,bef0a9a578c23b50,2026,69
c759240978c3f6ac,2026-04-29,18:31:27,298.35,5663a218c2a8bb78,2026,69
f6b5b31484ac4684,2026-04-29,18:42:25,200.0,bef0a9a578c23b50,2026,69
c3cb352eab427146,2026-04-29,19:09:02,397.8,eb2f97ed71155f76,2026,69
d582d0c6a0c953f9,2026-04-30,12:44:50,397.8,5985a5dfd6ada7e7,2026,69
bcdc3e415e1c2f27,2026-04-30,13:32:15,2486.25,af14c71d7b44ac63,2026,69
078730682382cb38,2026-04-30,16:19:50,497.25,2e767cec6d3dc2f4,2026,69
9b28b8dada6ff371,2026-04-30,16:32:21,497.25,0e88a10f6277a74a,2026,69
8e4a53685a2a3a8b,2026-04-30,16:58:36,298.35,dd3d09ddbb7cccb2,2026,69
fd38b07de7be45ea,2026-04-30,17:56:56,397.8,d50489c686a42fda,2026,69
54518c3954414cd4,2026-04-30,18:18:16,397.8,0f0d53336124bd34,2026,69
cf3e1eecd6974842,2026-04-30,19:10:57,397.8,43b74658756c94da,2026,69
16e564056b633989,2026-04-30,19:41:27,397.8,35fc95cfdc08a809,2026,69
f205c20446589e00,2026-05-01,12:04:27,397.8,04679a7c334756b6,2026,69
b7cea436fbc0fb3d,2026-05-01,12:58:01,397.8,0fd8627fddb6aab1,2026,69
0733559cef97ffbd,2026-05-01,13:16:50,994.5,cb66fa6bb9cf7d0f,2026,69
a4a834c719dce613,2026-05-01,13:47:26,397.8,bef0a9a578c23b50,2026,68
4c3f5c87d9ed8227,2026-05-01,15:37:24,795.6,d11836664c5bed90,2026,68
28d9c064ce4aed88,2026-05-01,17:23:25,497.25,f8fc5c9afb7ae389,2026,68
de0a3b9a3969a1be,2026-05-01,18:10:00,497.25,18c2b1327a54a21f,2026,68
f9799c31b7ebacac,2026-05-01,18:33:06,1193.4,bef0a9a578c23b50,2026,68
a570f62a11e08fcd,2026-05-01,19:43:19,1193.4,c194cd18a07ace02,2026,68
7e7d23a2838875f1,2026-05-02,12:45:39,497.25,b8c6d597e0e67f48,2026,68
49a78fad3096c967,2026-05-02,17:15:48,397.8,d9f8c2d5b6737159,2026,68
672fcab0192f2fa8,2026-05-02,17:33:57,397.8,56207710f85602f5,2026,68
c866f8455487d74f,2026-05-02,18:16:05,397.8,56ae2849ccf76990,2026,68
7ffe01e95e935604,2026-05-02,18:31:22,497.25,8893a5ec37872e1c,2026,68
0bbcc277c839c6eb,2026-05-02,18:47:23,200.0,818848891bc033cc,2026,68
e6557c02c55c96ac,2026-05-02,19:51:41,1392.3,ccb8e8d57119f911,2026,68
b7cad60103ed856a,2026-05-02,20:19:51,397.8,3cd6178d79301f52,2026,68
7745fcf1c251c18f,2026-05-03,10:37:44,397.8,101eb4e2e7ba33d4,2026,68
e1e79898fb22f824,2026-05-03,12:43:17,497.25,3839f15024d8bf4c,2026,68
7d8a1f6f40aa91e7,2026-05-03,14:05:39,795.6,c897b09d0d744b67,2026,68
48e69b7e490041bb,2026-05-03,14:21:01,298.35,68b3249eaade0840,2026,68
81544a721fdc71ea,2026-05-03,15:46:08,298.35,af14c71d7b44ac63,2026,68
377a971c66c0fd86,2026-05-03,16:07:52,372.93,c6635c67a71ec09e,2026,68
333f866aaf03d329,2026-05-03,16:10:23,497.25,734b85fad98e5903,2026,68
11b4c70663eee101,2026-05-03,16:32:32,497.25,8a5cb15b465e2fec,2026,68
453909eeef692dfd,2026-05-03,17:06:58,497.25,f51f629d39901fe0,2026,68
01fae83ea3a74b45,2026-05-03,20:15:15,497.25,3797511c1df3c638,2026,67
bbb3ab796ec730a6,2026-05-04,11:44:35,397.8,57a5cc9b0e991988,2026,67
9ebe690abce4b595,2026-05-04,12:01:28,397.8,c21dafceeaae3481,2026,67
71696434688a776c,2026-05-04,12:17:58,397.8,5523b938c96b7c6c,2026,67
517d435270bf9b4c,2026-05-04,15:15:19,397.8,f999441cdb10deed,2026,67
1757bad305d2dfd9,2026-05-04,15:29:08,397.8,92045ea2e6fc1f30,2026,67
353eb48f38a11a4f,2026-05-04,16:24:29,397.8,bef0a9a578c23b50,2026,67
76743d3c2a02ee61,2026-05-04,17:38:30,497.25,21175f7a1c8e92cc,2026,67
193c0e2e5e1a9f3d,2026-05-04,18:01:56,397.8,ab6cc6c89a759257,2026,67
d7e14c8fd2fe8032,2026-05-04,18:26:45,397.8,497bb44d302ff79c,2026,67
2c69d996b2e3fd94,2026-05-04,18:47:15,497.25,fcbcbc0bf3c1bf7a,2026,67
1e96722175ef30d1,2026-05-04,19:23:12,397.8,f516803f65250ff4,2026,67
ab73d03169e36225,2026-05-04,19:58:32,397.8,784f079600a87742,2026,67
30d7bec11f19230a,2026-05-05,11:29:07,200.0,d6ae6eb08b38b89a,2026,67
01c047ee866cf20a,2026-05-05,15:13:45,1193.4,46a81114009afe16,2026,67
314c5ea049aca403,2026-05-05,15:20:46,497.25,4886a61435e533d8,2026,67
23e0c37ec5c73b73,2026-05-05,15:55:08,696.15,d11836664c5bed90,2026,67
a946d06850a3c95d,2026-05-05,17:06:16,397.8,5583d4754815a72c,2026,67
ac043b96bec54fb5,2026-05-05,18:48:55,3679.65,af14c71d7b44ac63,2026,67
74394b6999ea3f59,2026-05-05,19:17:07,298.35,bef0a9a578c23b50,2026,67
d19b4b4ddc2c396c,2026-05-05,19:23:28,397.8,ed38253efb7b3222,2026,67
4bd8aa4a75d36c94,2026-05-05,19:50:33,397.8,1933054b92df99da,2026,67
3ac6f2a2a4fc91c4,2026-05-05,20:20:22,497.25,6f2512572d07034d,2026,66
e774930e1b8e6a9e,2026-05-05,21:01:22,397.8,bef0a9a578c23b50,2026,66
04d0961ffa0157cb,2026-05-06,10:34:46,397.8,3a41a1f4ea8a856d,2026,66
43d02dc7cdc8a7ff,2026-05-06,11:01:17,497.25,2ccce23c126334e7,2026,66
ce41ccd65a7ab56b,2026-05-06,13:43:39,200.0,c068bec9abc20647,2026,66
08ed23cf059dbce8,2026-05-06,17:04:13,1491.75,ecc41e0635f6d2f3,2026,66
a328dc4ee7d232df,2026-05-06,17:51:49,397.8,b8a9a5be8fbc5bfb,2026,66
751f0d6eaaf4a7b8,2026-05-06,19:22:05,497.25,4922a2601d9ccbf9,2026,66
345983d08236d44d,2026-05-07,12:28:31,397.8,7f7341e2036f51a4,2026,66
ae590e5b46ce8e09,2026-05-07,15:09:45,2187.9,83871716145a4f81,2026,66
c64b578ca8466f48,2026-05-07,15:15:48,397.8,19e7861497d8fb05,2026,66
2b7b34fbf749fc78,2026-05-07,15:38:33,1292.85,f5aeadf3e6d40bf1,2026,66
d1fcc4a0307107bc,2026-05-07,15:57:12,497.25,ffd09a2a5f6b3b9d,2026,66
aaba30dcc5f47ae2,2026-05-07,16:09:58,397.8,af14c71d7b44ac63,2026,66
394b98559851bfce,2026-05-07,16:38:24,397.8,0014d9cbaa2c997c,2026,66
8ebcefba8dd8c3ab,2026-05-07,17:17:18,397.8,b7b3a6ae2c34ab9c,2026,66
284118bb6d69c0e1,2026-05-07,17:26:47,1193.4,13aaa45488235a28,2026,66
eb71a20da60bd143,2026-05-07,17:33:44,298.35,d4aa31d510eb8696,2026,66
98e06a14e7f87d58,2026-05-07,18:09:32,1292.85,e06579ade0163957,2026,66
442ada41bcb2aa09,2026-05-07,19:20:38,497.25,6a2d109b5e8e48c8,2026,66
cd46ae3c9b7e3ed9,2026-05-08,12:30:47,497.25,49233befcda32077,2026,65
7c93fecdeeffa9bc,2026-05-08,13:25:26,1193.4,049ec8eb0a1aa611,2026,65
cde16423ea0fab1e,2026-05-08,13:33:08,497.25,dd3d09ddbb7cccb2,2026,65
70171416fb7317e0,2026-05-08,14:02:34,397.8,ed424bdbf5c6aca4,2026,65
e614940d7fd0c064,2026-05-08,15:16:51,397.8,1e7229b251e50a16,2026,65
4834eac8fd6b13d8,2026-05-08,15:23:43,298.35,eb57efcec24b7e7d,2026,65
c21f2a159b9046d7,2026-05-08,15:58:32,200.0,56ae2849ccf76990,2026,65
e6a45cf581356df2,2026-05-08,18:18:45,994.5,42c9ff4f1a90c60f,2026,65
07f02dfeed3d997d,2026-05-08,18:21:22,200.0,42c9ff4f1a90c60f,2026,65
c6f5cd244ad037e7,2026-05-08,19:28:29,200.0,af14c71d7b44ac63,2026,65
0f3525a9effb54b3,2026-05-09,12:05:20,397.8,f026de885c7856f5,2026,65
fd46b6ec7260e4ee,2026-05-09,13:47:07,1193.4,e805ff56a928aa48,2026,65
179834638fc9eb19,2026-05-09,14:04:28,397.8,f19707e7feaab25f,2026,65
0eb9d0a68974248a,2026-05-09,14:52:59,397.8,bef0a9a578c23b50,2026,65
2ba428af6829793f,2026-05-09,15:15:39,397.8,160a88a51d8a1190,2026,65
cefc1fefc01f48e8,2026-05-09,15:22:39,397.8,bef0a9a578c23b50,2026,65
3b4803da05ba1eb0,2026-05-09,16:00:38,397.8,9ae73da242b64933,2026,65
0220c9050cc8e5fc,2026-05-09,18:37:15,497.25,25fe1c283e073f70,2026,65
33b1f78b2c3ea882,2026-05-09,20:14:02,397.8,7a37da6e19383faf,2026,65
0b8fcdb855c1c3b0,2026-05-09,20:33:22,150.0,89e64150c114ef80,2026,65
8157b37839d03ac2,2026-05-09,20:43:09,397.8,12223fa5f3ed2483,2026,65
803903a80580991d,2026-05-10,12:08:51,497.25,18c2b1327a54a21f,2026,65
b2772a1cbf82f211,2026-05-10,12:52:46,397.8,56ae2849ccf76990,2026,65
f2a1715d01ed2031,2026-05-10,13:19:09,596.7,26fffb43361eca9e,2026,65
8b5c512130dd23d9,2026-05-10,15:05:54,298.35,1d1913e5ac32fdb2,2026,65
e671ddcbe8318b9f,2026-05-10,15:34:56,696.15,766f6a67317295a2,2026,65
6fbd9281e2c38b99,2026-05-10,15:37:20,397.8,38ba69e8511fd6bd,2026,64
11cf6d1d7a59a27d,2026-05-10,16:33:04,298.35,85338419722fbecd,2026,64
04456d1ef0ba1a72,2026-05-10,18:48:40,1193.4,7c41bcf5ecec2dc9,2026,64
0d12bcb68885ca18,2026-05-10,19:39:57,397.8,d70a08152c7949f0,2026,64
6b16b7ad4f2ce521,2026-05-10,20:09:33,397.8,bef0a9a578c23b50,2026,64
294d6520a9dc06ca,2026-05-10,20:58:20,298.35,8b0e97fc7b6fda95,2026,64
4f1da6c3402f13e0,2026-05-11,12:58:56,397.8,15baeded693930ed,2026,64
f3bbd2e763a98a56,2026-05-11,13:27:31,200.0,cf7733ce50747cdc,2026,64
08d7378abef7e3da,2026-05-11,15:19:24,994.5,ef2c1f3315f183f5,2026,64
c060b11baecbd858,2026-05-11,17:49:16,397.8,5790677a11e661b1,2026,64
af0f69c810642d8e,2026-05-11,17:56:23,306.3,d4aa31d510eb8696,2026,64
4eac5029579ce24b,2026-05-11,18:42:00,596.7,f516803f65250ff4,2026,64
d4242078dd7a32d6,2026-05-11,19:04:51,497.25,7961f22b41728bdb,2026,64
851a997f44bc36f7,2026-05-11,20:02:53,994.5,af14c71d7b44ac63,2026,64
877fcab7aab8f8e1,2026-05-12,10:30:13,397.8,04679a7c334756b6,2026,64
bb10ac15e61a06dd,2026-05-12,14:07:57,497.25,f5b0b364c2300a71,2026,64
38301f8c9d2deaba,2026-05-12,16:32:03,497.25,af14c71d7b44ac63,2026,64
e6a4be1806eabf1e,2026-05-12,17:19:47,200.0,748b7dcfc42a4e48,2026,64
12c54c7555251b5b,2026-05-12,17:27:12,596.7,af14c71d7b44ac63,2026,64
f8328fc2d365e0b9,2026-05-12,17:46:00,497.25,,2026,64
1272542df84fa01a,2026-05-12,17:57:12,397.8,37f5d9b666a778ac,2026,64
5e601418cfe60bbf,2026-05-12,18:23:31,298.35,7f9e4f485b64762b,2026,64
df06914ee4a9dac5,2026-05-13,12:25:42,200.0,d1f9d54dec12d243,2026,64
c832d09e5a6f41a1,2026-05-13,13:46:45,16409.25,3a6a8fb3398ddf55,2026,64
622d476e2865829a,2026-05-13,13:47:01,795.6,0aa1105b7a8086d4,2026,64
018cc38ec622c96f,2026-05-13,13:56:08,200.0,d6ae6eb08b38b89a,2026,64
99902c64461890dc,2026-05-13,14:08:44,397.8,94b3dbe9afedd3b6,2026,64
1bd0ff63985f99f8,2026-05-13,14:32:44,15912.0,824d82998f438ca7,2026,63
216dbcc4d2b785bc,2026-05-13,14:57:41,497.25,e0d2b5b9733e8bd2,2026,63
61cfd42ac64ccf77,2026-05-13,15:07:42,348.07,2d3425f364e7d5da,2026,63
4631bda237e9bddc,2026-05-13,15:23:56,200.0,c4078d85375e48eb,2026,63
ba30cea603241f5d,2026-05-13,18:07:51,497.25,26fffb43361eca9e,2026,63
eb42a6c65d29df72,2026-05-13,18:32:52,1193.4,d1be6d99604081e1,2026,63
9d3afbf5ebef4078,2026-05-13,20:24:33,397.8,af14c71d7b44ac63,2026,63
1e52998842f6d500,2026-05-14,11:50:13,397.8,3a41a1f4ea8a856d,2026,63
c33e569470f9d820,2026-05-14,15:39:20,497.25,af14c71d7b44ac63,2026,63
ef20a33cb4bb0528,2026-05-14,15:39:33,497.25,dd3d09ddbb7cccb2,2026,63
b21dcaaec2eb2af0,2026-05-14,16:27:03,397.8,e7f3bc23f2f8ea7c,2026,63
b7f30ebec3d884cc,2026-05-14,16:42:08,200.0,58fbd71919bbafba,2026,63
cbd261b94cf4d485,2026-05-14,17:23:29,3978.0,e1841ca3d1ff22bd,2026,63
c83c7cd2436bc0ab,2026-05-14,19:37:25,397.8,bb6af2c7805567dd,2026,63
af5f029327fb463f,2026-05-15,12:01:18,397.8,ab5ebb9c0c28f2ac,2026,63
480df82d34209048,2026-05-15,12:42:55,200.0,f999441cdb10deed,2026,63
f341fb57128d84ea,2026-05-15,13:17:01,497.25,3797511c1df3c638,2026,63
0c9903c0a5b07e2d,2026-05-15,15:29:35,397.8,1933054b92df99da,2026,63
60ebcbae060ef0db,2026-05-15,15:57:13,497.25,b8c6d597e0e67f48,2026,63
954a283b1acddcd6,2026-05-15,16:23:22,397.8,f026de885c7856f5,2026,63
e998a29c03f9c166,2026-05-15,17:13:37,298.35,c380cae74a5dafab,2026,63
5e5b6e7493fdb570,2026-05-15,17:25:38,298.35,,2026,63
3e75ee556d5d92b3,2026-05-15,17:35:07,397.8,46a81114009afe16,2026,63
9fdd924ccdaccbe4,2026-05-15,18:38:11,397.8,da7a33129d78d734,2026,63
7a360f1d35607847,2026-05-15,19:26:46,696.15,bef0a9a578c23b50,2026,62
6af2a1232c2d155b,2026-05-16,13:07:52,397.8,3d1610cf08e87a83,2026,62
2843fbcdefe14991,2026-05-16,15:55:41,397.8,4ecd6043f0f0cc2b,2026,62
9d3153d4c713c62f,2026-05-16,16:05:29,497.25,f8fc5c9afb7ae389,2026,62
99e0f3aca57f8920,2026-05-16,17:34:45,298.35,080fa31caa5db34e,2026,62
800879e64fa9255c,2026-05-16,17:55:49,397.8,56ae2849ccf76990,2026,62
064d482f1ef84b65,2026-05-16,18:06:13,200.0,316bc800a97b6237,2026,62
302f7792c2b8082e,2026-05-16,18:24:53,497.25,bb4229c3296997ed,2026,62
cbcb65182288a2ec,2026-05-16,18:32:33,596.7,6a4992bdd8f23ded,2026,62
d05b60e7f0b48f4f,2026-05-16,19:11:36,397.8,7f7341e2036f51a4,2026,62
781b771b72a8211f,2026-05-16,20:11:24,1243.12,bef0a9a578c23b50,2026,62
f70072147969409c,2026-05-17,14:20:00,397.8,9798991205eea7cc,2026,62
d2ea3a3616bf40b0,2026-05-17,14:26:52,1790.1,a4db626327f45f4c,2026,62
290c21b3dd0a2105,2026-05-17,14:48:17,397.8,c61531689535e06e,2026,62
865e56dc9755c14d,2026-05-17,16:46:09,298.35,42964d8e52374610,2026,62
685762d65a0bc17d,2026-05-17,17:01:00,1093.95,aa10ebf07b5d0a61,2026,62
f0e9b5cd139b4151,2026-05-17,18:21:28,596.7,670b98578ef27624,2026,62
60a70accd9bf751e,2026-05-17,18:36:38,397.8,d11836664c5bed90,2026,62
dd9548dc4949bc43,2026-05-17,18:43:35,497.25,03dbccbc57561932,2026,62
be85860471a3247b,2026-05-17,19:09:50,497.25,bef0a9a578c23b50,2026,62
4e9762c9d60cd5f1,2026-05-17,20:35:04,497.25,18c2b1327a54a21f,2026,62
225418a6d4eef94c,2026-05-17,21:07:09,397.8,fbe3b776b5cf3c68,2026,62
3498126a15f5642f,2026-05-19,12:45:39,497.25,f29900f6e4ae23e8,2026,62
9ae7d43d1f5b4d0e,2026-05-19,13:20:58,994.5,909a95622e0c7ba0,2026,62
c98fa7ee4d990bc7,2026-05-19,14:13:39,298.35,0e5451b90a119007,2026,62
8b1514ca395c0124,2026-05-19,14:38:06,1193.4,8a5cb15b465e2fec,2026,61
2dc90f3d832e1dbe,2026-05-19,14:54:18,497.25,183c6f1c964f801c,2026,61
fd174e89cbdf5089,2026-05-19,18:14:04,497.25,bef0a9a578c23b50,2026,61
9573c83d829c422d,2026-05-19,19:53:42,994.5,bacc6d77b8ea22d0,2026,61
6b2b7f398c89bd8e,2026-05-19,20:17:54,497.25,e565efbf944c5511,2026,61
4181debc4282f678,2026-05-20,11:18:32,895.05,4ac890d391694b38,2026,61
df495d459fc309d9,2026-05-20,12:18:33,497.25,025caacf498a0410,2026,61
9aa412a859c97771,2026-05-20,14:11:25,397.8,1473794f0edc60f3,2026,61
9abdf0b3e391266c,2026-05-20,14:35:45,397.8,64f0d38d882fa56b,2026,61
e56a76754885ae83,2026-05-20,14:39:51,994.5,dd1bdd7fcbb7b771,2026,61
3a4375263738af46,2026-05-20,14:45:27,497.25,5a83d51b03f2cdca,2026,61
6f4b984dc89cecc1,2026-05-20,16:58:48,397.8,19e7861497d8fb05,2026,61
af55a0bf84491ae2,2026-05-20,18:00:37,397.8,13aaa45488235a28,2026,61
0c08e5d0c6a35d7a,2026-05-20,18:07:45,397.8,497bb44d302ff79c,2026,61
9ad550aa2527cd8d,2026-05-20,18:56:47,397.8,9d625967374abf46,2026,61
a67eabb0568326c2,2026-05-20,19:50:36,497.25,488acb3e65a8ea80,2026,61
ec413f3d41bcad34,2026-05-20,20:07:34,497.25,8647950a4efa87b0,2026,61
149a065bba8845f5,2026-05-20,20:39:16,397.8,0db97f2af0582af5,2026,61
5627c5a1940d19b1,2026-05-21,10:23:24,497.25,089d700fe2b4fadb,2026,61
2fddf64e3a405d50,2026-05-21,12:34:02,397.8,ed38253efb7b3222,2026,61
7e6c76240466fd69,2026-05-21,13:50:57,397.8,92045ea2e6fc1f30,2026,61
5130f02d45b49409,2026-05-21,15:38:34,397.8,7b6d13083d89eeb0,2026,61
27ad09ce144728af,2026-05-21,15:46:28,397.8,d6ae6eb08b38b89a,2026,61
24c0e9a4f0cc6142,2026-05-21,16:15:38,497.25,2277437a9b487ea6,2026,61
7669392dac4fc487,2026-05-21,16:52:37,397.8,af14c71d7b44ac63,2026,61
d57fd564f0a2b76d,2026-05-21,17:32:06,994.5,a5b8ba94ec26a594,2026,61
4ede706acaabb61a,2026-05-21,17:51:10,497.25,af14c71d7b44ac63,2026,61
8cdcbe5fef204c78,2026-05-21,18:34:45,298.35,d11836664c5bed90,2026,60
39ad7d31f24b85e1,2026-05-21,18:48:47,1193.4,e06579ade0163957,2026,60
b0ef17cdf2622361,2026-05-22,11:09:59,397.8,89e64150c114ef80,2026,60
8fa551d5f2621080,2026-05-22,12:52:22,497.25,b317927c142d3ecf,2026,60
883465783d31bc07,2026-05-22,13:10:35,397.8,d9f8c2d5b6737159,2026,60
8366e7862a632e8d,2026-05-22,14:05:23,397.8,49233befcda32077,2026,60
fcd9711e8687a074,2026-05-22,14:42:00,200.0,56ae2849ccf76990,2026,60
8aa2f2c6dfd1b2fb,2026-05-22,15:13:02,994.5,ef2c1f3315f183f5,2026,60
a2c31db8a7da1f40,2026-05-22,17:03:42,397.8,eb854172e4893282,2026,60
924b4f6458bf0c14,2026-05-22,17:44:37,397.8,d11836664c5bed90,2026,60
cc2c8c41ede91832,2026-05-22,17:49:13,298.35,56207710f85602f5,2026,60
c706f28a6157c9f6,2026-05-22,17:58:21,397.8,bef0a9a578c23b50,2026,60
1943b8dfc363d199,2026-05-22,19:06:58,497.25,8e7de0424b6e48b5,2026,60
5daefdf50e292713,2026-05-22,20:10:20,397.8,1933054b92df99da,2026,60
86d32d97feeb5646,2026-05-22,21:26:21,994.5,9f1492265c18b7c3,2026,60
a7d4eb4f9cab5fe4,2026-05-23,14:09:58,397.8,bef0a9a578c23b50,2026,60
2d6276bca02bcfcc,2026-05-23,14:24:53,298.35,8e499c49cacb2b6a,2026,60
77f7ce709db875da,2026-05-23,14:29:34,397.8,04679a7c334756b6,2026,60
d91402065751cb59,2026-05-23,14:57:57,497.25,73f6f78854da49fa,2026,60
926c79abecee4431,2026-05-23,16:06:36,397.8,766f6a67317295a2,2026,60
0388f1f7e4f8d22e,2026-05-23,16:37:21,397.8,f999441cdb10deed,2026,60
765aa613d71f9a3c,2026-05-23,17:13:19,497.25,386a4466832629c4,2026,60
59852cd9ca6915c4,2026-05-23,17:51:57,397.8,4c0073b13fc57fef,2026,60
2c15428cfab8c0fd,2026-05-23,19:06:36,298.35,252816cce102b391,2026,60
e85f00cbee6020db,2026-05-24,12:59:39,497.25,ab6cc6c89a759257,2026,60
793dcac396e93822,2026-05-24,14:13:52,298.35,d4aa31d510eb8696,2026,60
45265711f6a447bd,2026-05-24,14:42:22,397.8,af14c71d7b44ac63,2026,59
befead21b7ca0535,2026-05-24,16:35:30,994.5,c9e273f19d55f08a,2026,59
0e25db4295dcef21,2026-05-24,17:25:27,497.25,584b3cff1af46464,2026,59
e2597ce7e50376b5,2026-05-24,18:22:58,397.8,25fe1c283e073f70,2026,59
31ef4429caf25def,2026-05-24,19:00:36,497.25,18c2b1327a54a21f,2026,59
4e44b0d39799bcd9,2026-05-24,19:15:04,397.8,42daeeb2a2eb6cfc,2026,59
9c9293e2813d5074,2026-05-24,19:15:54,497.25,85338419722fbecd,2026,59
98364f78af33de17,2026-05-24,19:25:39,397.8,c21dafceeaae3481,2026,59
decc700d2ae98987,2026-05-24,19:52:24,497.25,b45fd92b5ca672fa,2026,59
4ff42d88d7ab7da3,2026-05-24,20:01:19,298.35,68c571af3ff21546,2026,59
a97666dde9c4dd5b,2026-05-25,13:52:11,497.25,d1be6d99604081e1,2026,59
e399e76ff23c08f2,2026-05-25,14:20:28,497.25,3797511c1df3c638,2026,59
59ad8674bf54307c,2026-05-25,15:15:57,397.8,c897b09d0d744b67,2026,59
0cb10c515f8421f0,2026-05-25,17:25:38,397.8,d50489c686a42fda,2026,59
abeb22fdb7a59e15,2026-05-25,18:04:30,397.8,56ae2849ccf76990,2026,59
d21bde47bf41b125,2026-05-25,19:16:42,397.8,f516803f65250ff4,2026,59
ef25a39161966ffb,2026-05-25,19:46:56,397.8,7f7341e2036f51a4,2026,59
7bb6f94c14cc6364,2026-05-26,12:51:32,497.25,4886a61435e533d8,2026,59
2375473783eb87fd,2026-05-26,12:52:24,994.5,d11836664c5bed90,2026,59
5e5c30714fda5204,2026-05-26,15:21:04,994.5,31caab83991e0f22,2026,59
5eb7926b963527e5,2026-05-26,16:47:21,497.25,978738acb9865fc9,2026,59
d1467779fcd2de93,2026-05-26,17:14:02,497.25,b8c6d597e0e67f48,2026,59
7289ccb7417d97c0,2026-05-27,14:06:03,397.8,efa113aaa928a06c,2026,59
8f3f4c3aadfd974a,2026-05-27,15:22:21,397.8,bef0a9a578c23b50,2026,59
d92c516ea70546b5,2026-05-27,16:14:43,497.25,dc1f4ef836d38ac0,2026,58
d366fb2fdbecb7d6,2026-05-27,16:31:49,200.0,d1f9d54dec12d243,2026,58
12153298dacdd8ec,2026-05-27,18:42:25,397.8,eb2f97ed71155f76,2026,58
35ec0ca172c641c4,2026-05-27,19:07:10,497.25,26fffb43361eca9e,2026,58
b3ce84085e07ed17,2026-05-27,20:14:36,994.5,bef0a9a578c23b50,2026,58
f71dbc2771804b7b,2026-05-27,21:29:04,298.35,53fcbbd8ba6f25b5,2026,58
f8193603f04b1a37,2026-05-28,13:09:05,497.25,f8fa6cd8b5165383,2026,58
8124cac6b1f15c49,2026-05-28,13:51:55,397.8,af14c71d7b44ac63,2026,58
03ce79582d6fc2eb,2026-05-28,14:29:29,497.25,25fe1c283e073f70,2026,58
1fd8cab0028a2c66,2026-05-28,15:10:14,298.35,6a4992bdd8f23ded,2026,58
d35cbd5ecb0860ab,2026-05-28,17:29:53,497.25,98cfb7d680a0bd9a,2026,58
0f82c0142ea83d6f,2026-05-28,17:56:52,397.8,af14c71d7b44ac63,2026,58
d84d6939f4195c69,2026-05-29,14:22:30,200.0,2dd40bc56e946025,2026,58
ba062b1a42504cfa,2026-05-29,14:54:29,497.25,a6b2eb3cfd04917c,2026,58
c37a930ca0d822fe,2026-05-29,14:55:52,397.8,3cd6178d79301f52,2026,58
2b404f24703d3e8d,2026-05-29,15:33:33,397.8,1e7229b251e50a16,2026,58
5da55897d9650a10,2026-05-29,15:38:37,200.0,56ae2849ccf76990,2026,58
5e15dafacbc15005,2026-05-29,16:32:47,298.35,e44723976500dab1,2026,58
2e91aaa73d27ed94,2026-05-29,17:29:40,497.25,932045cdce49a596,2026,58
857ac90d8d773af5,2026-05-29,18:32:44,397.8,44f40fb8a0461d3b,2026,58
38ee3dc70126ea06,2026-05-29,19:02:14,397.8,d11836664c5bed90,2026,58
6722a8b286902530,2026-05-30,12:18:00,397.8,f999441cdb10deed,2026,58
41b211535afe1954,2026-05-30,12:48:41,497.25,bb08ab9050a28f44,2026,58
cb1cd69d40fda564,2026-05-30,14:10:50,497.25,af14c71d7b44ac63,2026,58
ac9e6a8a46e9124d,2026-05-30,15:37:58,1690.65,386a4466832629c4,2026,58
effbadd96aa61e15,2026-05-30,15:57:52,497.25,fcbcbc0bf3c1bf7a,2026,58
5f2f0c000aed3c48,2026-05-30,16:29:57,397.8,0fd8627fddb6aab1,2026,57
9827b772bed0e07f,2026-05-30,16:44:31,397.8,316bc800a97b6237,2026,57
3d912b1af360e4cd,2026-05-30,16:44:40,397.8,5790677a11e661b1,2026,57
993eb3c1a8375ed2,2026-05-30,17:02:20,397.8,bef0a9a578c23b50,2026,57
61125e1175860624,2026-05-30,17:03:06,298.35,bef0a9a578c23b50,2026,57
9c80450132bc9023,2026-05-30,17:14:19,200.0,bef0a9a578c23b50,2026,57
f42d3d26cc5d024a,2026-05-30,18:37:21,1193.4,46a81114009afe16,2026,57
e2945bb1db7da45b,2026-05-30,18:50:30,200.0,8031bed5459f8fd6,2026,57
fc249d9767b51a78,2026-05-30,19:02:24,497.25,2aedf1f48891d0f8,2026,57
94b2a55c2b35b3ee,2026-05-30,20:12:07,298.35,3ab0107c91cf9f53,2026,57
aaf7b5eee29e1ed3,2026-05-31,16:44:40,397.8,609ed41d5295215a,2026,57
5fc77bf9cd2439d8,2026-05-31,18:24:54,497.25,5ebd6aba82bddc89,2026,57
1aba701b98359bf1,2026-05-31,18:35:16,397.8,56ae2849ccf76990,2026,57
cd5ee5b1b57ebcab,2026-05-31,18:45:48,994.5,f59c89e411881169,2026,57
821484ccf6c84b09,2026-05-31,20:06:14,397.8,96e1904d49006a7c,2026,57
61f97f57af76044a,2026-05-31,20:58:01,200.0,d11836664c5bed90,2026,57
114bcfd7a23146ba,2026-06-01,13:56:21,397.8,e2451e43ca3ebbbb,2026,57
ff000ebbfb5e2920,2026-06-01,14:01:00,200.0,358c06bce63e3c1b,2026,57
2220beb99a7fe014,2026-06-01,14:35:25,497.25,f6ebaa4ba93834b3,2026,57
6ec7193ec00bb24f,2026-06-01,15:02:46,497.25,a350e605c5c32dd5,2026,57
ef1f53366f881922,2026-06-01,15:15:24,298.35,872b54cdd0323c9d,2026,57
7d51e03739fa727c,2026-06-01,16:04:59,298.35,f51f629d39901fe0,2026,57
3ea1ce0d1db02af2,2026-06-01,16:51:56,497.25,47eb0134ac5c29e9,2026,57
616225ef8b8f704e,2026-06-01,17:54:48,497.25,e2211df67e737c44,2026,57
935a66938dde70c8,2026-06-01,18:01:34,2884.05,f1cd6a40fa321ad4,2026,57
1a2a1558b3f627de,2026-06-01,19:46:57,397.8,f516803f65250ff4,2026,56
c6112e3ce4760efb,2026-06-01,19:56:41,397.8,c7a847f9fb7072c8,2026,56
741dce5b6e2c90f9,2026-06-02,10:30:20,596.7,bef0a9a578c23b50,2026,56
0ce1671835c4874d,2026-06-02,11:54:08,497.25,7b22bdb0912844ac,2026,56
9f4fa54186119dff,2026-06-02,13:58:46,696.15,766f6a67317295a2,2026,56
48d8ed9083f97ca8,2026-06-02,15:05:09,497.25,7334565f9040a95d,2026,56
e50593ef0e84136f,2026-06-02,15:45:48,397.8,50b00a49b5dfc632,2026,56
b1136af2c81893c7,2026-06-02,16:19:55,397.8,e84ee76cabfd7007,2026,56
80af3ede0ac28c3a,2026-06-02,16:58:06,497.25,bef0a9a578c23b50,2026,56
3a13b15ece0fd349,2026-06-02,17:46:37,795.6,e7f3bc23f2f8ea7c,2026,56
fa47e8a0db925201,2026-06-02,18:23:17,397.8,1933054b92df99da,2026,56
9a03db3274cf1201,2026-06-02,18:46:06,497.25,77c6cadaaa796875,2026,56
a1ebbe4743d5fe37,2026-06-02,19:09:45,497.25,52ea7e2a8d481a1c,2026,56
a84a34cb1134d816,2026-06-03,13:35:16,497.25,ab5ebb9c0c28f2ac,2026,55
622ffd9de3c451ec,2026-06-03,14:13:21,397.8,ede2c43c89e02794,2026,55
f4cb6cfbe70d43b3,2026-06-03,16:37:10,497.25,bef0a9a578c23b50,2026,55
286c48d77cd7e2a6,2026-06-03,17:38:25,397.8,fa68f06bbd6067e8,2026,55
5af781c95d2c1d6a,2026-06-03,19:23:01,696.15,a7b97e66b8270398,2026,55
b9747082eb34254d,2026-06-04,10:07:52,200.0,d1f9d54dec12d243,2026,55
febab61fd10cf352,2026-06-04,12:28:43,895.05,af14c71d7b44ac63,2026,55
533d2bc0a1be757a,2026-06-04,14:10:32,397.8,7f7341e2036f51a4,2026,55
c4e7338aa6925c3c,2026-06-04,15:20:47,200.0,58fbd71919bbafba,2026,55
98fc93e3835df4b7,2026-06-04,17:11:12,1193.4,5dc9a9775bc2ae3c,2026,55
c6ac160bd36f444b,2026-06-04,17:21:27,497.25,3797511c1df3c638,2026,55
be9b2d4b1db25437,2026-06-04,18:08:07,1989.0,7e1aec8e771b1336,2026,55
252b8e58a71956bb,2026-06-04,18:53:10,100.0,af14c71d7b44ac63,2026,55
2b7b11303d8e8a3c,2026-06-04,19:51:08,348.07,f4b811b17180ea83,2026,55
9f6ab99421b2b8ed,2026-06-04,19:52:15,497.25,87c8c95bb09d27d5,2026,55
10c9946d653a405c,2026-06-04,19:52:23,50.0,f4b811b17180ea83,2026,55
f4c78f37aa63fff3,2026-06-05,12:25:39,1193.4,049ec8eb0a1aa611,2026,55
1aa40bd7189c2f8a,2026-06-05,13:31:30,397.8,748b7dcfc42a4e48,2026,55
1d5974f4edf07acc,2026-06-05,13:56:17,497.25,835352043d49624a,2026,55
a764245580ed92e2,2026-06-05,14:38:43,397.8,04679a7c334756b6,2026,54
f6ec851e4f7ce161,2026-06-05,14:40:45,994.5,dd1bdd7fcbb7b771,2026,54
68c00d199902245d,2026-06-05,17:03:51,298.35,95f67c749858649e,2026,54
a4b605df2dc279fd,2026-06-05,17:46:33,397.8,da7a33129d78d734,2026,54
9a3a0038dce52fbf,2026-06-05,18:31:31,497.25,b904e572d6a753c2,2026,54
ae697781eafa6568,2026-06-05,18:57:00,397.8,13aaa45488235a28,2026,54
f3f28b5ca7da0111,2026-06-06,10:37:54,200.0,89e64150c114ef80,2026,54
30f4eb695d291a3f,2026-06-06,11:22:36,497.25,bef0a9a578c23b50,2026,54
a7795d67fbce8ea3,2026-06-06,12:54:27,397.8,701397aa4ccd3458,2026,54
c5d87bcf9bdde8a6,2026-06-06,12:58:30,200.0,f516803f65250ff4,2026,54
e832eb5984b24cc6,2026-06-06,13:33:12,397.8,079d2df5fc09f094,2026,54
65df1d9e0388bd67,2026-06-06,14:04:42,397.8,3d1610cf08e87a83,2026,54
c9b050647cf0977c,2026-06-06,14:14:27,397.8,175ef0916604f418,2026,54
63676512115c6bb6,2026-06-06,16:48:05,397.8,f19707e7feaab25f,2026,54
9a206e1f2402b058,2026-06-06,17:36:47,994.5,1081321c371a71a2,2026,54
7a6379467f4a5c87,2026-06-06,17:44:23,497.25,183c6f1c964f801c,2026,54
134b2b5bbca0b026,2026-06-06,18:10:39,397.8,35fc95cfdc08a809,2026,54
de5b9cae8faab746,2026-06-06,18:19:11,497.25,b8a9a5be8fbc5bfb,2026,54
6096a40e0848263f,2026-06-06,19:16:58,298.35,dfa7591e194c63f2,2026,54
918ac6a82fe092fd,2026-06-06,19:23:08,397.8,c814c4089916a5b3,2026,54
94ac8ad7e10335bf,2026-06-07,12:02:33,200.0,459a5b6a73aabf2f,2026,54
17e51173a5d02be3,2026-06-07,14:09:13,397.8,fbe3b776b5cf3c68,2026,54
2e6b78f341da8a89,2026-06-07,14:21:57,397.8,c21dafceeaae3481,2026,54
6f6faae811f9b17e,2026-06-07,15:00:19,497.25,18c2b1327a54a21f,2026,54
b397693deb198983,2026-06-07,15:02:26,397.8,af14c71d7b44ac63,2026,54
9b8fdc66e405ea17,2026-06-07,15:16:52,298.35,580c28a792bb1b55,2026,54
29b1d6eaddb20521,2026-06-07,15:44:19,497.25,b6a8f36555510f1e,2026,53
802d3c102bc14c5b,2026-06-07,16:18:14,497.25,,2026,53
ee94a4998eee9305,2026-06-07,16:38:17,497.25,1b4929ef418b85c1,2026,53
528686cedd64e543,2026-06-07,16:49:37,397.8,56ae2849ccf76990,2026,53
d4534b4f45f6fa1f,2026-06-07,17:01:27,397.8,9d625967374abf46,2026,53
15c37ac1cd989acd,2026-06-07,17:44:42,497.25,670b98578ef27624,2026,53
f6e0cf7f20610b47,2026-06-07,18:18:53,895.05,03dbccbc57561932,2026,53
33a499ec2b8f722f,2026-06-07,18:20:52,200.0,af14c71d7b44ac63,2026,53
0ae7d1fe5722777e,2026-06-07,18:26:15,397.8,57a5cc9b0e991988,2026,53
27683c20a2952a63,2026-06-07,18:41:30,397.8,748b7dcfc42a4e48,2026,53
76947661547ead28,2026-06-08,11:47:58,397.8,5523b938c96b7c6c,2026,53
76f3eb20691a0d0c,2026-06-08,11:48:26,497.25,bef0a9a578c23b50,2026,53
33141f4d332deb41,2026-06-08,18:30:39,200.0,fa68f06bbd6067e8,2026,53
1881a107ca61ce92,2026-06-08,19:17:58,397.8,bef0a9a578c23b50,2026,53
477a25d4b011fccc,2026-06-09,12:17:48,497.25,089d700fe2b4fadb,2026,53
43489786696853dd,2026-06-09,12:43:25,497.25,34eed541c79fbe30,2026,53
2a39009da5139bd1,2026-06-09,18:29:55,298.35,f2a91a94464fe28f,2026,53
5aa857eec3c53e0b,2026-06-09,18:38:24,497.25,4f93c49ce5537d01,2026,53
098429e7ae0e8db4,2026-06-09,18:39:32,994.5,af14c71d7b44ac63,2026,52
393ab2e27578ecd9,2026-06-10,16:26:06,497.25,6420936eafb5158c,2026,52
cd73b20a2b3d0ae5,2026-06-10,17:50:53,497.25,d927a37fe9e64a73,2026,52
98339da79bdf20a5,2026-06-10,19:22:31,200.0,fa68f06bbd6067e8,2026,52
1e4e09f26d85f618,2026-06-10,19:48:35,497.25,3797511c1df3c638,2026,52
80f4dc2e91bdb0ac,2026-06-11,11:59:41,397.8,3a41a1f4ea8a856d,2026,52
d102080a9dbd5144,2026-06-11,12:46:06,397.8,29d37f0450cd4f23,2026,52
437f7512f329988c,2026-06-11,12:57:16,994.5,af14c71d7b44ac63,2026,52
43209b8400f4e0c8,2026-06-11,13:56:17,994.5,88c7735bebfaf98f,2026,52
cbd6c017f2ece57b,2026-06-11,14:22:33,298.35,22613ee5a5bff74c,2026,52
52f8c623c158f124,2026-06-11,15:26:36,497.25,1e079c02fdb6ed1c,2026,52
2f7beb97585edd30,2026-06-11,15:29:55,397.8,10ff5c9d46de0901,2026,52
f9d6fdd6ce926fae,2026-06-11,15:32:03,397.8,577656f89b0bd379,2026,51
8ac7f092c020ac61,2026-06-11,16:03:19,397.8,af599ee0073c1148,2026,51
7e9f8ad5171f2a5a,2026-06-11,16:08:09,497.25,4beb19131360b51f,2026,51
f5272d82b5ada949,2026-06-11,16:21:14,994.5,af14c71d7b44ac63,2026,51
61fe8f5ae6d55ecd,2026-06-11,17:17:51,397.8,33f70783d88147f1,2026,51
ca799488185b683d,2026-06-11,18:03:28,397.8,d02b796930cddff5,2026,51
46525475a18505ab,2026-06-11,18:43:43,497.25,183c6f1c964f801c,2026,51
2bd021e54716c469,2026-06-11,20:59:30,497.25,7a5b84e9d91e2a6a,2026,51
bb77e05d05d2cb47,2026-06-11,21:14:35,3878.55,af14c71d7b44ac63,2026,51
4b87a3a9f71970dc,2026-06-11,21:16:45,397.8,d11836664c5bed90,2026,51
e85244f6c2359d20,2026-06-12,11:52:43,14420.25,c72d0d2182aac17d,2026,51
ec6df847a224d1c7,2026-06-12,16:17:15,397.8,9ae73da242b64933,2026,51
1ad2008b13d85485,2026-06-12,17:12:26,397.8,d11836664c5bed90,2026,51
ec35f25f3ee316d7,2026-06-12,18:10:08,397.8,497bb44d302ff79c,2026,51
f9aa97b01deb4500,2026-06-12,19:15:29,397.8,0f0d53336124bd34,2026,51
8e9576063e1d6ca6,2026-06-12,19:26:37,994.5,f630ac990b6cce51,2026,51
1564598e6784b2ec,2026-06-12,19:54:16,497.25,bef0a9a578c23b50,2026,51
35f4cd9ecc96a06f,2026-06-13,12:17:55,397.8,d6ae6eb08b38b89a,2026,51
903c952769a27e60,2026-06-13,12:42:07,298.35,d4aa31d510eb8696,2026,51
7d5cb96df1ac0117,2026-06-13,15:13:09,298.35,bef0a9a578c23b50,2026,51
cd4dc25cda5cb480,2026-06-13,16:33:48,994.5,,2026,51
a7d2aeff19e31153,2026-06-13,17:02:28,497.25,64ca68098142394b,2026,51
ec50b66d04699bc3,2026-06-13,17:10:29,497.25,bef0a9a578c23b50,2026,51
8200c1b879358133,2026-06-13,17:30:53,497.25,049ec8eb0a1aa611,2026,51
3720081d9ec05ef1,2026-06-13,17:45:10,298.35,5c28b438c3807872,2026,50
fd48b6c742761d57,2026-06-13,18:12:45,397.8,c61531689535e06e,2026,50
60af4a01acde07d2,2026-06-13,19:45:23,397.8,fb50e2ce915128ff,2026,50
39b3f65dfacbf1a5,2026-06-13,21:22:16,397.8,bef0a9a578c23b50,2026,50
53595ac374750538,2026-06-14,13:55:07,497.25,56207710f85602f5,2026,50
4ad68de14f0d2e07,2026-06-14,14:33:28,397.8,56ae2849ccf76990,2026,50
04b8b790a4e96882,2026-06-14,14:33:56,298.35,68b3249eaade0840,2026,50
6b01784c0ec5ffa6,2026-06-14,15:18:47,497.25,558a491816f05d71,2026,50
3703342686a3e4da,2026-06-14,16:04:32,497.25,025caacf498a0410,2026,50
f82b9fa1474b5f6b,2026-06-14,16:20:20,895.05,bef0a9a578c23b50,2026,50
46cc5d124a06d5bd,2026-06-14,16:29:30,397.8,c897b09d0d744b67,2026,50
7da7b49c4de6d3e3,2026-06-14,16:36:10,200.0,110dd35468403d34,2026,50
07b1f4e37bf817b7,2026-06-14,17:05:59,497.25,18c2b1327a54a21f,2026,50
96e9e0d4a8983647,2026-06-14,17:41:17,397.8,d11836664c5bed90,2026,50
78dcf1df3ca23850,2026-06-14,18:23:20,497.25,87c8c95bb09d27d5,2026,50
5856a087d1d385ae,2026-06-14,18:25:57,497.25,26fffb43361eca9e,2026,50
f8d75a5076d0b595,2026-06-14,18:30:05,298.35,db1fe498f18b0eb2,2026,50
b5fd293a653fb7cc,2026-06-14,19:05:38,200.0,8e7de0424b6e48b5,2026,50
1579f69fe913cc9e,2026-06-14,19:08:55,200.0,bef0a9a578c23b50,2026,50
52a105e2da8e2fd3,2026-06-15,12:28:31,397.8,b7b3a6ae2c34ab9c,2026,50
f67eac390f4f821a,2026-06-15,16:06:16,200.0,741781451a14475f,2026,50
5b31beac2c917492,2026-06-15,16:19:50,1989.0,3e5471f3808e1bc8,2026,50
e5ab508eb7ee070b,2026-06-15,16:53:51,298.35,bef0a9a578c23b50,2026,50
371c81db250a1ab0,2026-06-16,11:36:42,397.8,766f6a67317295a2,2026,49
a52c1f397510e539,2026-06-16,12:27:34,497.25,fa40d61cf078c839,2026,49
901bf9fc5d84c8ea,2026-06-16,13:36:40,397.8,ab5ebb9c0c28f2ac,2026,49
fdc5e0d1af6d2506,2026-06-16,13:46:19,397.8,bef0a9a578c23b50,2026,49
2e26aa51b19c7cb3,2026-06-16,16:44:36,298.35,8c24283c7412a0a1,2026,49
f7ed640510a92930,2026-06-16,19:09:43,397.8,d9f8c2d5b6737159,2026,49
1a532731b7e0ace1,2026-06-16,19:16:31,497.25,bef0a9a578c23b50,2026,49
b4c69210e063ef1d,2026-06-16,19:16:44,1093.95,af14c71d7b44ac63,2026,49
8326588eb6637f4c,2026-06-16,19:39:52,497.25,eb2f97ed71155f76,2026,49
dd40bfa3aa43d042,2026-06-16,20:20:18,497.25,dc1f4ef836d38ac0,2026,49
05f69491f22635be,2026-06-17,13:40:41,397.8,1473794f0edc60f3,2026,49
5abd65fcc1de4e8b,2026-06-17,16:54:49,994.5,bef0a9a578c23b50,2026,49
4982527ebf2171b3,2026-06-17,17:23:10,497.25,54659fa514a8165c,2026,49
bfd92e6680cf39d7,2026-06-17,18:02:55,397.8,bec8e969c646d3bc,2026,49
1bcd33fe9876ee39,2026-06-17,19:24:55,397.8,ed38253efb7b3222,2026,49
50d98d16dfb1d359,2026-06-17,20:50:08,397.8,7a37da6e19383faf,2026,49
a1cfa7e3242b3810,2026-06-18,11:57:39,397.8,19e7861497d8fb05,2026,49
7ce0b480f73e0cbb,2026-06-18,12:22:59,497.25,7f7341e2036f51a4,2026,49
ec3d7f4372aaa79f,2026-06-18,12:39:38,497.25,8a5cb15b465e2fec,2026,49
80a7eea61a7f26e9,2026-06-18,16:01:28,497.25,4886a61435e533d8,2026,49
a025ac98cdae1148,2026-06-18,16:38:08,397.8,440d211bb7942184,2026,49
c176c5b387ba0c18,2026-06-18,17:01:55,200.0,e677c9a6ff2d3353,2026,49
7c6bb355299649fe,2026-06-18,17:19:35,200.0,58fbd71919bbafba,2026,49
564efdcbf5eb77bc,2026-06-18,17:41:23,497.25,e565efbf944c5511,2026,49
28252fadf77b8242,2026-06-18,19:03:51,200.0,d87164cf11ac2fcd,2026,49
2e2855ce4f7f0dae,2026-06-18,19:05:37,100.0,d87164cf11ac2fcd,2026,49
ff4595edca7dbf0d,2026-06-18,19:43:44,497.25,386a4466832629c4,2026,48
b43d568defa2f90a,2026-06-19,09:26:22,397.8,89e64150c114ef80,2026,48
527df28894b06dbb,2026-06-19,09:56:00,397.8,add3421aa73b19b4,2026,48
684338816fa67f99,2026-06-19,17:05:29,696.15,bef0a9a578c23b50,2026,48
db67e866b305e9bf,2026-06-19,17:07:56,497.25,fcbcbc0bf3c1bf7a,2026,48
2537370a592d6c0d,2026-06-19,17:11:02,397.8,d11836664c5bed90,2026,48
0e12ee9d48866163,2026-06-20,10:19:42,200.0,,2026,48
3f1e8c548265aa03,2026-06-20,12:39:39,497.25,dd3d09ddbb7cccb2,2026,48
bc7ab1b08fc65e0c,2026-06-20,14:18:14,397.8,56ae2849ccf76990,2026,48
a8b37dee8cddb03f,2026-06-20,17:20:10,497.25,4f26a24f6d4cde85,2026,48
182adf877554ae60,2026-06-20,17:42:48,298.35,39c9054029bc388e,2026,48
b92ea2107fe40c55,2026-06-20,18:29:31,1193.4,049ec8eb0a1aa611,2026,48
5af030afb0831918,2026-06-20,18:59:50,298.35,a37ffc163649b49b,2026,48
48cea8fa4b91b8d2,2026-06-20,19:34:39,497.25,bef0a9a578c23b50,2026,48
d5dd925fe41d0eaa,2026-06-20,20:00:08,397.8,38bf01b2b31e6c64,2026,48
b2e954130930109a,2026-06-21,13:44:56,397.8,c21dafceeaae3481,2026,48
565e077719425054,2026-06-21,14:56:08,497.25,4c71ef3502cc47fa,2026,48
51ebff69fea212b2,2026-06-21,17:52:21,397.8,fbe3b776b5cf3c68,2026,48
932fa02e077ecc4f,2026-06-21,18:23:53,397.8,b75e01938ed9b279,2026,48
2b455b6b1009b36b,2026-06-21,18:47:37,397.8,748b7dcfc42a4e48,2026,48
a676a92b68977062,2026-06-21,19:08:21,497.25,8e7de0424b6e48b5,2026,48
9f3ce752d211b5b9,2026-06-21,19:49:17,497.25,18c2b1327a54a21f,2026,48
e3e7f635e6996f08,2026-06-21,20:05:36,497.25,3797511c1df3c638,2026,48
f66dc3d817a9198f,2026-06-22,12:08:16,397.8,92045ea2e6fc1f30,2026,48
35a3a7099e2cf430,2026-06-22,12:20:15,397.8,a2227d92f994f10b,2026,48
ac529958fced2c73,2026-06-22,13:17:32,298.35,eb57efcec24b7e7d,2026,48
0c760c8ac6e52363,2026-06-22,14:35:36,298.35,af14c71d7b44ac63,2026,48
920127b8a799d9fd,2026-06-22,16:37:43,1491.75,9a438ccfbceafdf1,2026,47
b965c2322dfdb0bd,2026-06-22,16:41:57,497.25,e2211df67e737c44,2026,47
b723b6a156ac8e5d,2026-06-22,17:03:35,397.8,bef0a9a578c23b50,2026,47
c2e38ce83d83c88e,2026-06-22,17:30:43,397.8,1933054b92df99da,2026,47
536db5acc659ad8a,2026-06-22,17:46:40,298.35,d11836664c5bed90,2026,47
8682a8d2f4093e4d,2026-06-22,18:01:10,397.8,5790677a11e661b1,2026,47
d2ef21f90e47e459,2026-06-22,19:34:09,397.8,a59b76860696379e,2026,47
a88ba02f73d95afd,2026-06-22,20:07:58,397.8,f516803f65250ff4,2026,47
3a4ce92854e91da4,2026-06-23,15:26:33,397.8,e7f3bc23f2f8ea7c,2026,47
f0c57d1afcc17766,2026-06-23,16:02:23,298.35,044531f7553a4f4e,2026,47
a24fed5c707d5882,2026-06-23,17:32:49,497.25,d11836664c5bed90,2026,47
6ba2df493edf4e68,2026-06-23,17:33:24,497.25,386a4466832629c4,2026,47
fcf1bf0054a43fd4,2026-06-23,18:09:28,397.8,d02b796930cddff5,2026,47
226f9b6b50b8b3e5,2026-06-23,18:33:35,1790.1,13217e61e1780a2a,2026,47
a040d67c7f838276,2026-06-23,18:43:34,994.5,af14c71d7b44ac63,2026,47
86763f594f9e5f82,2026-06-23,18:55:30,497.25,bef0a9a578c23b50,2026,47
5598c5c758d16506,2026-06-23,20:14:55,1193.4,af14c71d7b44ac63,2026,47
b55e6db772005f18,2026-06-24,11:50:18,397.8,57f11f7cd2f550bf,2026,47
af24e9e31e8cd967,2026-06-24,12:00:49,397.8,89be9aa48f26d644,2026,47
58584030a572fb78,2026-06-24,12:19:57,497.25,089d700fe2b4fadb,2026,47
96dd10582de9d998,2026-06-24,14:32:54,397.8,3cd6178d79301f52,2026,47
284fffe308343851,2026-06-24,16:31:04,497.25,b7bff2e1fd8cb2c9,2026,47
816bcebd7aca5222,2026-06-24,18:35:42,397.8,0f0d53336124bd34,2026,47
b9d04b588f80585e,2026-06-24,18:57:07,397.8,9ee16e2958d98642,2026,47
c7f198221661e734,2026-06-25,12:46:32,397.8,38bf01b2b31e6c64,2026,47
3636b8e262bf4084,2026-06-25,14:26:11,200.0,56ae2849ccf76990,2026,47
7cf96cd0d9bd59c9,2026-06-25,15:00:58,298.35,31a84726fe846bc4,2026,47
25ae153030b5212b,2026-06-25,15:58:06,497.25,89c918df70d3ceb5,2026,46
a36929ef8991fa70,2026-06-26,09:51:23,497.25,c50026c135ed58a8,2026,46
7e3e419d26f5172e,2026-06-26,11:52:50,397.8,da7a33129d78d734,2026,46
27e5d427e281d6de,2026-06-26,12:29:54,497.25,e388dfecb08f400c,2026,46
dd1f39998f5a144e,2026-06-26,13:44:04,397.8,b9b9cd4822baf71b,2026,46
48c46bf56a3ce92a,2026-06-26,13:59:28,497.25,af14c71d7b44ac63,2026,46
8b66a59fa5f5eeb9,2026-06-26,14:02:21,298.35,bef0a9a578c23b50,2026,46
aee24eeb2d69e968,2026-06-26,14:49:32,397.8,5523b938c96b7c6c,2026,46
2cc97aa18e751ddb,2026-06-26,15:02:17,298.35,bef0a9a578c23b50,2026,46
4292a9d55cd309c3,2026-06-26,15:48:31,397.8,d9f8c2d5b6737159,2026,46
2f754cd78f00ef20,2026-06-26,16:16:22,298.35,e44723976500dab1,2026,46
20bf947c0feb27ae,2026-06-26,16:55:21,397.8,04679a7c334756b6,2026,46
cf6666c8b002e5ce,2026-06-26,18:03:43,497.25,932045cdce49a596,2026,46
0d6fe4ea65bbc156,2026-06-26,18:07:44,497.25,bef0a9a578c23b50,2026,46
5f6be0aa79191df6,2026-06-26,18:40:24,298.35,eb5f1a625a10f876,2026,46
6f9d274e5ebad508,2026-06-26,18:55:13,497.25,87c8c95bb09d27d5,2026,46
8305ba18127c4bc0,2026-06-26,20:13:24,497.25,7f7341e2036f51a4,2026,46
c51820dcc41fc5ff,2026-06-27,12:18:18,1392.3,bef0a9a578c23b50,2026,46
9f09109a8056cad2,2026-06-27,12:56:27,397.8,44c23b3543ba3718,2026,46
4bb403ac3c544052,2026-06-27,13:23:24,397.8,bef0a9a578c23b50,2026,46
7ddbd86c8127e97a,2026-06-27,14:22:27,795.6,f999441cdb10deed,2026,46
56fcce9a2f8cabf9,2026-06-27,14:55:36,397.8,56ae2849ccf76990,2026,46
bd39fd67f95ec06b,2026-06-27,15:24:11,1591.2,aa10ebf07b5d0a61,2026,46
452a78af29a1e50b,2026-06-27,15:57:53,497.25,21a6eb8711827fc7,2026,46
879f1f4e2a092127,2026-06-27,17:31:59,497.25,01c9d7999663161b,2026,46
df57af475722826e,2026-06-27,17:41:11,397.8,8ab9426d9dacec4f,2026,46
40301237a71fa659,2026-06-27,18:03:54,497.25,049ec8eb0a1aa611,2026,45
34cbcc38a5f3b593,2026-06-27,18:21:30,397.8,,2026,45
5e7c8bcedb527d20,2026-06-27,19:04:29,397.8,fb50e2ce915128ff,2026,45
7f4ee2e3ecc67278,2026-06-27,19:27:27,397.8,f19707e7feaab25f,2026,45
f56701b2ba9ab174,2026-06-27,19:34:50,1292.85,a0975745c0356dd8,2026,45
89b139fbfd6b2a3e,2026-06-27,19:51:51,497.25,18c2b1327a54a21f,2026,45
70107507ef6e52da,2026-06-27,20:22:18,397.8,3d1610cf08e87a83,2026,45
d27490958181055e,2026-06-28,11:53:30,200.0,bef0a9a578c23b50,2026,45
3c83ee9b5ca7287a,2026-06-28,12:12:51,298.35,252816cce102b391,2026,45
d32c4c4d40d61966,2026-06-28,12:41:30,100.0,bef0a9a578c23b50,2026,45
793300bc4dd87e05,2026-06-28,14:41:12,200.0,89e64150c114ef80,2026,45
f9e3a912361380db,2026-06-28,14:44:05,397.8,8b8ebb48f6044584,2026,45
d9c5ea114b49c242,2026-06-28,16:37:55,397.8,440d211bb7942184,2026,45
9b1f6f249ee20dad,2026-06-28,17:26:06,298.35,002bcd2440558d78,2026,45
b048489862646fc6,2026-06-28,17:36:17,397.8,bef0a9a578c23b50,2026,45
2480508badd8642f,2026-06-28,17:53:27,298.35,a7463121d997d5d5,2026,45
d187e270f64f39eb,2026-06-28,18:18:08,497.25,cfb9a9b7aa45168d,2026,45
1039336d3421479d,2026-06-28,18:34:11,298.35,d0307d80c97bb981,2026,45
59ea8f6883fde70a,2026-06-28,18:51:39,397.8,38ba69e8511fd6bd,2026,45
6ee8e17815d40f2b,2026-06-28,18:59:27,397.8,96e1904d49006a7c,2026,45
30ae3e591188aeaa,2026-06-28,19:17:00,497.25,03dbccbc57561932,2026,45
c21a6a343c2484c6,2026-06-28,20:51:31,1193.4,46a81114009afe16,2026,45
94639d28a1ac1ef9,2026-06-28,21:04:38,397.8,58386ba93ab8c0f7,2026,45
f5bae8071a012484,2026-06-28,21:36:46,696.15,,2026,45
af6a1e311b511175,2026-06-29,12:04:36,200.0,f4b811b17180ea83,2026,45
bb4da1fea160e1b0,2026-06-29,12:09:49,298.35,dc1f4ef836d38ac0,2026,45
ba74b76f20225a9c,2026-06-29,12:43:00,596.7,8334433ddffc2e6b,2026,45
f31d179231e92aef,2026-06-29,13:49:03,497.25,4a7f3b1aebf3c941,2026,44
45b6d593abc825a4,2026-06-29,16:27:23,1989.0,edc766c92dfe0546,2026,44
a3499dd50c0f6391,2026-06-29,17:30:57,596.7,92875e353a5002f1,2026,44
22a670d3e09c34e0,2026-06-29,18:23:28,150.0,60d93c7ef514b250,2026,44
57c155aaa263e9da,2026-06-29,18:35:28,994.5,bef0a9a578c23b50,2026,44
836072cbc2c28a1c,2026-06-29,18:56:27,397.8,497bb44d302ff79c,2026,44
12ff93a22f5c5957,2026-06-29,19:15:56,200.0,f516803f65250ff4,2026,44
e8a9079838cef4c7,2026-06-30,09:54:08,298.35,f2a91a94464fe28f,2026,44
ceb4b2b563e16c52,2026-06-30,11:55:10,100.0,bef0a9a578c23b50,2026,44
5fde2a186dbe9f39,2026-06-30,13:42:55,596.7,f9a9785b540d1c28,2026,44
506cb6dce04d4037,2026-06-30,14:10:24,397.8,29d37f0450cd4f23,2026,44
8cbb1d198742e8be,2026-06-30,16:17:04,994.5,e1bcea11c442540e,2026,44
e29912bd0146d2c5,2026-06-30,16:47:16,298.35,8c24283c7412a0a1,2026,44
389680a20e562d51,2026-06-30,17:52:11,497.25,fc596af1ed8db39b,2026,44
0a919cad89f6ae54,2026-06-30,18:14:26,397.8,72c749a151559660,2026,44
540740fb7690e577,2026-06-30,19:05:19,596.7,748b7dcfc42a4e48,2026,44
168f270bf63fd945,2026-06-30,19:09:57,200.0,a8b58b3adcaa777a,2026,44
8628f0b8837d4b59,2026-06-30,19:12:22,397.8,0852caffddc1f3a1,2026,44
86d11e2436432528,2026-06-30,20:32:20,497.25,2e767cec6d3dc2f4,2026,44
9fa810777a9134ad,2026-07-01,13:05:45,397.8,,2026,44
c77201662db4e609,2026-07-01,13:11:10,397.8,bef0a9a578c23b50,2026,44
b6c0d334952dd8fd,2026-07-01,13:46:53,497.25,fcb917608b344b61,2026,44
4c0ec7fd06d06804,2026-07-01,14:48:46,397.8,ab5ebb9c0c28f2ac,2026,44
f1a5998be1b23388,2026-07-01,16:09:00,596.7,58fbd71919bbafba,2026,44
35dfcc44f4fa2b1e,2026-07-01,17:16:47,795.6,bef0a9a578c23b50,2026,43
02afde437c910d6c,2026-07-01,18:00:11,200.0,56ae2849ccf76990,2026,43
3dd5a80badbb25c4,2026-07-01,18:34:46,397.8,f29da31a7a6bb7c5,2026,43
f35b5577806dcfcf,2026-07-01,19:04:58,298.35,bef0a9a578c23b50,2026,43
19fbbdd8db1d194f,2026-07-01,20:14:35,1193.4,e06579ade0163957,2026,43
52c6686f462c100f,2026-07-01,21:09:03,994.5,80a3c71b4f6439f8,2026,43
e0bf6d9bc793f90c,2026-07-02,11:53:27,497.25,ecc41e0635f6d2f3,2026,43
5982e1a9b404e32b,2026-07-02,12:41:38,994.5,,2026,43
b5f7f7876f3d34df,2026-07-02,13:53:08,497.25,049521b01232fb92,2026,43
8bc8988c2607baae,2026-07-02,13:56:48,397.8,57a5cc9b0e991988,2026,43
d5c52f3be7705376,2026-07-02,14:34:30,497.25,604ac63cc3cb40c2,2026,43
c09f5b8a315b61a6,2026-07-02,14:53:52,397.8,af14c71d7b44ac63,2026,43
68c6866f2021655a,2026-07-02,15:30:49,497.25,bec8e969c646d3bc,2026,43
b49d3e704f6f1b80,2026-07-02,15:45:12,497.25,a07b16ae8c495fa6,2026,43
334228f15fee486e,2026-07-02,16:30:13,397.8,eb854172e4893282,2026,43
a8885d5a253fa29e,2026-07-02,16:42:24,397.8,d50489c686a42fda,2026,43
634b9bd17cf9c020,2026-07-02,17:13:22,397.8,7b6d13083d89eeb0,2026,43
742f9ed2d7a8b2e4,2026-07-02,17:30:33,397.8,ab6cc6c89a759257,2026,43
269ce8efd3de4d0d,2026-07-02,17:53:45,397.8,19e7861497d8fb05,2026,43
cf00170715a82e7c,2026-07-03,10:09:13,497.25,c2bcdd149614c64b,2026,43
442fce4d7441e31e,2026-07-03,12:13:08,298.35,bef0a9a578c23b50,2026,43
4fc0c8184a380730,2026-07-03,13:40:53,397.8,e5ceb6fd33139512,2026,43
01f14c200e622326,2026-07-03,14:03:14,497.25,87c8c95bb09d27d5,2026,43
c2efdb725f77bbc2,2026-07-03,14:14:57,497.25,8a5cb15b465e2fec,2026,43
291239cced7b30f3,2026-07-03,16:27:49,200.0,9ef74bf0689f72bb,2026,42
e8944ab0cf984f88,2026-07-03,16:55:48,200.0,f516803f65250ff4,2026,42
f4f3aeeb4b4e8249,2026-07-03,18:00:18,397.8,e2451e43ca3ebbbb,2026,42
798b6f33c4da50e6,2026-07-03,18:13:51,497.25,7f7341e2036f51a4,2026,42
5bceb8edcf8885ff,2026-07-03,19:55:51,1690.65,af14c71d7b44ac63,2026,42
f531f7a6a2055984,2026-07-03,20:29:35,497.25,87235521c3c57ba3,2026,42
d09556c0cc031f95,2026-07-04,10:44:47,397.8,f999441cdb10deed,2026,42
7ca495745d248680,2026-07-04,12:39:37,397.8,bb08ab9050a28f44,2026,42
cc7f287d2d383f80,2026-07-04,13:35:38,397.8,efa113aaa928a06c,2026,42
0ebe93189a337d64,2026-07-04,13:52:16,200.0,0de648eba32258e8,2026,42
87372e39a28987ae,2026-07-04,13:53:33,200.0,0de648eba32258e8,2026,42
6a5174962094ab55,2026-07-04,14:25:50,596.7,bef0a9a578c23b50,2026,42
8aaa62f5a193e5bd,2026-07-04,14:43:44,397.8,56ae2849ccf76990,2026,42
bd374001392d6873,2026-07-04,15:19:08,497.25,43057b6cdf49f2f0,2026,42
6c60e666a4fdc480,2026-07-04,15:45:29,994.5,bef0a9a578c23b50,2026,42
efadf5c4edf0fa15,2026-07-04,16:28:05,397.8,8ab9426d9dacec4f,2026,42
95193bca62febf1d,2026-07-04,16:50:41,397.8,440d211bb7942184,2026,42
b3645eb869c640dd,2026-07-04,17:45:10,497.25,183c6f1c964f801c,2026,42
374dc396af5b92e0,2026-07-04,18:24:41,994.5,bef0a9a578c23b50,2026,42
499359a81fd3b027,2026-07-04,18:31:17,497.25,3797511c1df3c638,2026,42
a2887a69d1dd948b,2026-07-04,20:03:53,497.25,45bcef3fb3f7086c,2026,42
61854730188d0db0,2026-07-04,20:16:41,497.25,bef0a9a578c23b50,2026,42
dc6d72b50a92c802,2026-07-05,14:12:53,3480.75,af14c71d7b44ac63,2026,42
433e70d879968641,2026-07-05,14:42:52,497.25,025caacf498a0410,2026,42
6c741e1e388d6aa3,2026-07-05,15:05:38,497.25,27e46475ecaa7bd3,2026,42
fa8a42b61b1bc46e,2026-07-05,16:31:51,397.8,316bc800a97b6237,2026,42
2a85ebc45ca6a2e3,2026-07-05,16:39:36,397.8,b7b3a6ae2c34ab9c,2026,42
f200dd6163af7a95,2026-07-05,16:54:38,397.8,04d91992828d4dd2,2026,41
769478926650b30a,2026-07-05,17:06:33,397.8,0fd8627fddb6aab1,2026,41
b851fa1d1ab72c8e,2026-07-05,18:03:41,397.8,,2026,41
600b74378e7c9589,2026-07-05,18:40:04,497.25,af14c71d7b44ac63,2026,41
054e2f2f2ade7f53,2026-07-05,18:48:25,397.8,d70a08152c7949f0,2026,41
ccc1548b5d4f7eb0,2026-07-05,19:44:34,497.25,46a81114009afe16,2026,41
2801c003aef399a8,2026-07-05,19:51:32,397.8,38ba69e8511fd6bd,2026,41
86c7595dabbb60f4,2026-07-05,20:38:21,397.8,81b98a43b568fdcf,2026,41
09de2415ffded507,2026-07-05,21:39:14,397.8,d11836664c5bed90,2026,41
9bf4131e639f6b18,2026-07-06,10:19:55,497.25,1bbb9cb036cffaba,2026,41
7c5727e301ae6666,2026-07-06,10:42:05,497.25,6959ff5909445453,2026,41
5c41ad571a2b10e2,2026-07-06,12:47:14,100.0,d6ae6eb08b38b89a,2026,41
6c9105618c5fffcb,2026-07-06,13:20:10,497.25,5bf922c075443d29,2026,41
b0718fe53cd83701,2026-07-06,13:22:56,298.35,5bf922c075443d29,2026,41
6f70ae526b34820d,2026-07-06,15:25:26,497.25,91f8b15d13b9f257,2026,41
c98d5debb84759d1,2026-07-06,15:34:45,497.25,b321ea6f4fb0d1a4,2026,41
2df26b86f0e92883,2026-07-06,17:25:50,298.35,080fa31caa5db34e,2026,41
e81a709b600bdc34,2026-07-06,18:36:57,298.35,101eb4e2e7ba33d4,2026,41
2847fa98deaf0b3d,2026-07-06,19:51:15,1093.95,56207710f85602f5,2026,41
091ec436eb732303,2026-07-06,19:58:18,348.07,f4b811b17180ea83,2026,41
ab796537b85a9cc1,2026-07-06,20:05:39,1392.3,bef0a9a578c23b50,2026,41
154dfbb7e60a8728,2026-07-07,10:42:24,497.25,34eed541c79fbe30,2026,41
de593bd20c97bf01,2026-07-07,12:12:48,397.8,3a41a1f4ea8a856d,2026,41
8c59d8773319e303,2026-07-07,12:41:57,397.8,04679a7c334756b6,2026,41
37066748e0242b5c,2026-07-07,15:08:13,298.35,68c571af3ff21546,2026,40
f3bb2e66f69bf054,2026-07-07,15:16:06,497.25,af14c71d7b44ac63,2026,40
f3646101fa774d52,2026-07-07,15:27:50,397.8,110dd35468403d34,2026,40
bd930af952445303,2026-07-07,15:30:37,397.8,d02b796930cddff5,2026,40
094c39e6450c4b33,2026-07-07,15:54:49,200.0,358c06bce63e3c1b,2026,40
9768c944764bd793,2026-07-07,16:39:57,200.0,,2026,40
2185453a71c43336,2026-07-07,17:34:50,497.25,a37ffc163649b49b,2026,40
7a01ca786c85d77c,2026-07-07,19:14:20,397.8,9e1bc5b86b53865f,2026,40
f77a69fd510880a0,2026-07-08,12:21:46,497.25,96f6c4665a4ee463,2026,40
47f3fe7edeb6e4a6,2026-07-08,13:09:45,397.8,8af5af2e08fb6b16,2026,40
f5f537586f3996b2,2026-07-08,15:53:18,397.8,1933054b92df99da,2026,40
8cb9c27bbcce519f,2026-07-08,18:40:14,497.25,26fffb43361eca9e,2026,40
64652b316dc52739,2026-07-08,19:55:44,200.0,bef0a9a578c23b50,2026,40
f282a5a5565a5ba4,2026-07-08,20:28:16,397.8,92045ea2e6fc1f30,2026,40
bddeac29fbe614a0,2026-07-09,12:09:36,397.8,ab5ebb9c0c28f2ac,2026,40
e9aadc624366e489,2026-07-09,12:52:30,497.25,,2026,40
950d9541de2103dc,2026-07-09,13:05:43,497.25,b8a9a5be8fbc5bfb,2026,40
545953367591e57f,2026-07-09,15:10:58,397.8,c897b09d0d744b67,2026,40
0dc71222f4b9670f,2026-07-09,16:28:47,497.25,af14c71d7b44ac63,2026,40
22351c7f967bf2a8,2026-07-09,17:36:34,397.8,fa54a2244fb72638,2026,40
ad6287891b4a7d35,2026-07-09,17:41:25,298.35,496bb71e1457f315,2026,40
507ad3f19ac89e62,2026-07-09,18:16:24,298.35,c41982ee4b011661,2026,40
2efc9446812751e0,2026-07-09,19:22:46,397.8,eb2f97ed71155f76,2026,39
39d622a322104107,2026-07-09,19:29:17,497.25,b9b98ee4ad7d80a3,2026,39
d633426db0571cd6,2026-07-09,20:04:26,397.8,5583d4754815a72c,2026,39
eda78213ef4ef55d,2026-07-09,20:22:13,397.8,5fca944182bd39bd,2026,39
c294a37786c28d1d,2026-07-10,11:31:18,1193.4,0e1f386b2b5bd898,2026,39
62c6a2f0474b916a,2026-07-10,12:51:21,200.0,1e7229b251e50a16,2026,39
249eabeeda9281a6,2026-07-10,13:08:44,298.35,7a7f1da0425da3ff,2026,39
5fc790a7e91a5019,2026-07-10,13:14:35,994.5,2d550d4ce27616c6,2026,39
2445965ec41fae6a,2026-07-10,13:43:48,397.8,440d211bb7942184,2026,39
8c846c667b55a7b5,2026-07-10,13:53:38,298.35,8e5a2094014b197a,2026,39
8566e1d6c0be1ebf,2026-07-10,15:03:38,497.25,a41b18182529b6c0,2026,39
03d6903d2d5c0646,2026-07-10,17:28:23,895.05,ce2afabd17ba4e60,2026,39
47b569b96415ff0c,2026-07-10,18:20:50,795.6,7309db4a0ed05a8d,2026,39
b334ef2813ecb0c5,2026-07-10,19:48:18,1193.4,049ec8eb0a1aa611,2026,39
7798c53d6e19bf44,2026-07-10,19:51:36,497.25,7f7341e2036f51a4,2026,39
70accd966545e663,2026-07-10,20:11:01,497.25,5d56a4e946e8a214,2026,39
03f58fecbf2b5bcf,2026-07-11,14:23:38,397.8,424aa970b147f7be,2026,39
ff475106a7f86795,2026-07-11,16:10:53,397.8,44c23b3543ba3718,2026,39
7e3bca3ca536b037,2026-07-11,16:50:01,397.8,56ae2849ccf76990,2026,39
5db5531e277f430f,2026-07-11,18:30:57,696.15,,2026,39
bc47351d1cba7774,2026-07-11,18:36:39,994.5,bef0a9a578c23b50,2026,39
04a6f3c21cbcc6b0,2026-07-11,19:00:20,397.8,2c8297557e756513,2026,39
28b0fdcc12bc2847,2026-07-11,19:28:00,397.8,8ab9426d9dacec4f,2026,39
fc0843f4287c34ac,2026-07-11,19:37:51,497.25,b45fd92b5ca672fa,2026,39
8896f494c426d122,2026-07-11,19:53:58,100.0,2dd006ef921ec442,2026,38
ff0b078469950fbb,2026-07-11,20:06:45,397.8,bef0a9a578c23b50,2026,38
d401f03aada67667,2026-07-11,20:37:30,497.25,e677c9a6ff2d3353,2026,38
0a469936c61f2939,2026-07-11,20:44:05,497.25,90f997dd00e2fcff,2026,38
ee626d513c344847,2026-07-12,14:54:44,298.35,e15d9250464dd3c2,2026,38
418f32c298c4f880,2026-07-12,16:37:18,397.8,5790677a11e661b1,2026,38
4ea9a18461309581,2026-07-12,16:53:32,795.6,e7f3bc23f2f8ea7c,2026,38
52fcf14e246fac15,2026-07-12,17:36:57,200.0,bef0a9a578c23b50,2026,38
986a1d13a83a9fb3,2026-07-12,18:13:31,795.6,26fffb43361eca9e,2026,38
74d2ffc144c243e8,2026-07-12,18:30:35,994.5,c814c4089916a5b3,2026,38
6bf58ec02d2fc870,2026-07-12,18:41:03,497.25,e0f76012361ff60c,2026,38
60cf386b79430361,2026-07-12,19:12:13,497.25,bef0a9a578c23b50,2026,38
0d6b8079160bc9cc,2026-07-12,19:22:16,895.05,03dbccbc57561932,2026,38
3826503f96655e66,2026-07-12,19:42:18,497.25,cac2e422ab8262d2,2026,38
2ef33b2d6099543e,2026-07-12,19:52:28,497.25,5143818f990b9210,2026,38
9cf5bb43bc039b4c,2026-07-12,20:21:16,397.8,e84ee76cabfd7007,2026,38
a50e811c99906405,2026-07-12,20:33:27,298.35,92875e353a5002f1,2026,38
b39b41c7f1a3b7e7,2026-07-12,20:37:25,397.8,bef0a9a578c23b50,2026,38
01e884b02e1c50b7,2026-07-12,22:00:39,298.35,d11836664c5bed90,2026,38
282af2681e83fd91,2026-07-13,11:07:04,497.25,072dc311294c70e0,2026,38
eee265c2722958f2,2026-07-13,14:08:32,497.25,386a4466832629c4,2026,38
730be0b087a375e5,2026-07-13,15:43:25,1989.0,e1f23f36fbd3ee09,2026,38
7b3736e557803d49,2026-07-13,16:55:45,795.6,b9dbadbc6d9e0daa,2026,38
efbb261ca1b38fd3,2026-07-13,16:59:35,397.8,f516803f65250ff4,2026,38
9c8dbfc7915427b6,2026-07-13,17:06:15,397.8,38ba69e8511fd6bd,2026,38
7def6447b4b9e89b,2026-07-13,17:28:48,497.25,af14c71d7b44ac63,2026,38
38d6ddb7a4ca38d5,2026-07-13,19:29:47,497.25,42c9ff4f1a90c60f,2026,37
b4d19a2fc61beb4b,2026-07-13,19:54:17,397.8,fbe3b776b5cf3c68,2026,37
2d6c8d655c2a4a43,2026-07-13,20:00:44,497.25,87c8c95bb09d27d5,2026,37
5e3d384081aa6beb,2026-07-13,20:23:12,298.35,8f5f3316cc5fb713,2026,37
c5b0b6925a58f004,2026-07-13,20:25:08,298.35,af14c71d7b44ac63,2026,37
415366619447c105,2026-07-13,20:46:21,497.25,db98186199af776e,2026,37
0489d57f3039b3ce,2026-07-14,13:52:16,298.35,dd3d09ddbb7cccb2,2026,37
21ec48851bb00830,2026-07-14,14:06:13,497.25,dd3d09ddbb7cccb2,2026,37
ad420ea8394841e6,2026-07-14,16:34:40,795.6,8d432a587fdd0a4d,2026,37
12d8d9d2ecdc683f,2026-07-14,17:52:18,397.8,8e07a7c00d829abc,2026,37
7d613a83d8732921,2026-07-14,18:23:24,200.0,b728bcbddd3fd700,2026,37
808d90439ef8ff41,2026-07-14,18:40:12,397.8,eb57efcec24b7e7d,2026,37
55778e68ab75ff43,2026-07-14,19:50:57,397.8,ed38253efb7b3222,2026,37
959c3d73b859d262,2026-07-14,19:53:10,1193.4,13aaa45488235a28,2026,37
b96735bf360d8f80,2026-07-14,19:59:28,397.8,d11836664c5bed90,2026,37
e70188cb7d6e1002,2026-07-15,17:47:07,1093.95,4886a61435e533d8,2026,37
eabc5046ccd8f4bc,2026-07-15,18:16:57,497.25,bef0a9a578c23b50,2026,37
a62564e390bc3a6d,2026-07-15,18:52:02,397.8,9d625967374abf46,2026,37
cadff3c6253455bb,2026-07-16,10:10:28,200.0,104a4ee2fe42b489,2026,37
9b5401d069fe754b,2026-07-16,10:58:46,497.25,,2026,37
1107090651a5077d,2026-07-16,11:41:04,397.8,1933054b92df99da,2026,37
f51459da213d4dfd,2026-07-16,12:40:12,497.25,3e5471f3808e1bc8,2026,37
f640a9a386eba24c,2026-07-16,13:15:10,200.0,af14c71d7b44ac63,2026,37
981264c9332da2b1,2026-07-16,13:27:05,397.8,1406d7a42e5189fc,2026,37
93907eaa26a32f3b,2026-07-16,17:00:06,397.8,701397aa4ccd3458,2026,36
96e167c4821bbc5d,2026-07-16,17:52:31,497.25,8a5cb15b465e2fec,2026,36
8528c98082255d1e,2026-07-16,18:21:35,397.8,35fc95cfdc08a809,2026,36
85fc26fea663c645,2026-07-16,19:24:57,1193.4,bb8929a81de6ab55,2026,36
089aa78d7604c660,2026-07-16,19:29:57,200.0,af14c71d7b44ac63,2026,36
5c366852d63e4165,2026-07-17,09:58:01,200.0,89e64150c114ef80,2026,36
53f9c3060fb2e61a,2026-07-17,11:19:21,497.25,36cd9c834179b144,2026,36
b742961bb35dc19f,2026-07-17,11:38:18,497.25,0cef32c8e78da6d1,2026,36
bda8df4430ebc55c,2026-07-17,12:01:37,497.25,dc1f4ef836d38ac0,2026,36
cb0625747e3928de,2026-07-17,12:59:24,497.25,3797511c1df3c638,2026,36
2a273812b552dc68,2026-07-17,13:37:59,397.8,ede2c43c89e02794,2026,36
ba25964ccf027ce3,2026-07-17,14:40:21,397.8,19e7861497d8fb05,2026,36
fdcf702e68973af6,2026-07-17,15:43:41,397.8,3ab0107c91cf9f53,2026,36
49c1008ef89831d6,2026-07-17,17:12:48,397.8,04679a7c334756b6,2026,36
d1bec49f8a3de076,2026-07-17,18:14:27,497.25,af14c71d7b44ac63,2026,36
1245f164bae9628a,2026-07-17,19:51:41,497.25,18c2b1327a54a21f,2026,36
26794d57f4d192a7,2026-07-17,20:10:00,200.0,1473794f0edc60f3,2026,36
1f448f4848d76afd,2026-07-17,20:15:47,298.35,e2211df67e737c44,2026,36
80018cda8a2396a8,2026-07-17,21:06:36,1193.4,bef0a9a578c23b50,2026,36
41f5d4ef37ab4f4c,2026-07-18,12:23:06,298.35,16b039442dd95f1a,2026,36
e62fbe395b2b95a1,2026-07-18,14:19:17,397.8,56ae2849ccf76990,2026,36
be7e4e461d2dc570,2026-07-18,15:05:39,795.6,bef0a9a578c23b50,2026,36
011e5053c6046d34,2026-07-18,15:11:47,795.6,a37ffc163649b49b,2026,36
3b750554ecffed1a,2026-07-18,15:33:57,497.25,c91017b052718d75,2026,36
bd6f96fe7b567161,2026-07-18,16:34:05,397.8,c61531689535e06e,2026,36
b855377995bd3c74,2026-07-18,17:40:27,994.5,af14c71d7b44ac63,2026,36
a88782b7e33ba678,2026-07-18,17:58:48,397.8,4031d6de691a9377,2026,36
df99a43b16605824,2026-07-18,20:10:05,497.25,7f7341e2036f51a4,2026,35
18bd89464f28ee48,2026-07-18,20:23:27,298.35,bef0a9a578c23b50,2026,35
7fa925851a306057,2026-07-18,20:34:01,497.25,8e7de0424b6e48b5,2026,35
469dec7ff2d5ed20,2026-07-18,21:13:26,397.8,d11836664c5bed90,2026,35
d2841b58202e01ca,2026-07-19,14:01:06,497.25,528044b6956074e3,2026,35
d4b4017b3beed77c,2026-07-19,16:51:58,497.25,067e8fe299e23952,2026,35
36655eb455cfe2f0,2026-07-19,17:13:03,497.25,,2026,35
fdf2f484764335ea,2026-07-19,17:17:09,397.8,38ba69e8511fd6bd,2026,35
3efcaaf814434ffe,2026-07-19,17:19:17,298.35,d11836664c5bed90,2026,35
f604a90448de51c8,2026-07-19,17:35:41,497.25,c08137be97bddf54,2026,35
bfc2cda84cb71781,2026-07-19,17:41:30,696.15,,2026,35
5d42b753e5b534e1,2026-07-19,18:37:56,596.7,a7463121d997d5d5,2026,35
0d70612ca924c8f9,2026-07-19,19:12:24,397.8,f19707e7feaab25f,2026,35
452e7fe0e5639f14,2026-07-19,19:17:32,397.8,8ab9426d9dacec4f,2026,35
cd8128e8ad72e771,2026-07-19,20:06:13,497.25,909a95622e0c7ba0,2026,35
aff7568c1f6f2deb,2026-07-20,16:00:00,397.8,ab6cc6c89a759257,2026,35
c690eee68a0d1ade,2026-07-20,16:32:20,497.25,34eed541c79fbe30,2026,35
a7116d88ca086a81,2026-07-20,16:41:39,397.8,bef0a9a578c23b50,2026,35
b23ade5ae0cbaee5,2026-07-20,16:43:50,200.0,d1f9d54dec12d243,2026,35
16a2e47f87031fe3,2026-07-20,17:19:06,497.25,26fffb43361eca9e,2026,35
ba8db20969f34c86,2026-07-20,18:24:13,397.8,0852caffddc1f3a1,2026,35
2f18ef090e000d0b,2026-07-20,18:38:05,497.25,87c8c95bb09d27d5,2026,35
34c6c288991fd018,2026-07-20,20:01:59,397.8,497bb44d302ff79c,2026,35
3cf47c29a11c2d8b,2026-07-21,10:42:33,298.35,c0041cdba65a26f2,2026,35
cdd064d60b172e8d,2026-07-21,11:53:08,795.6,bef0a9a578c23b50,2026,35
3d677f15b0dc060e,2026-07-21,14:28:12,497.25,bc6ef8a8891ea508,2026,35
e968f44e6ed44db0,2026-07-21,14:42:12,298.35,aba7bb3dea8a7b9b,2026,35
2a7f099d224849f2,2026-07-21,15:32:12,397.8,96e1904d49006a7c,2026,34
1ee324344d59e715,2026-07-21,15:43:22,1392.3,440d211bb7942184,2026,34
fbb15d14c5dd97f5,2026-07-21,16:30:38,497.25,b191a6e02e9d803b,2026,34
fe439798495736bc,2026-07-21,17:41:07,200.0,c068bec9abc20647,2026,34
ca7dd09254f9aa35,2026-07-21,18:10:16,200.0,56ae2849ccf76990,2026,34
fd7356186b0f724f,2026-07-21,18:19:38,696.15,af14c71d7b44ac63,2026,34
e5ac6a67dcd43f61,2026-07-21,19:49:41,397.8,eb2f97ed71155f76,2026,34
f227f99c24578401,2026-07-22,12:25:59,397.8,5d0f8a489a055557,2026,34
d7eb8cdc005da39e,2026-07-22,12:42:59,397.8,3a41a1f4ea8a856d,2026,34
39779f9e6fafbf07,2026-07-22,13:34:20,397.8,0f8310c637b40a37,2026,34
7ea38561579331ae,2026-07-22,16:11:21,994.5,f516803f65250ff4,2026,34
27f6016faad6f064,2026-07-22,16:43:01,497.25,bef0a9a578c23b50,2026,34
1e463f1979810480,2026-07-22,18:00:38,1193.4,e06579ade0163957,2026,34
d90b5d92adbcad71,2026-07-22,20:32:58,497.25,,2026,34
aa4c43d252c977d5,2026-07-23,10:46:05,497.25,089d700fe2b4fadb,2026,34
9e45a3e0143e2313,2026-07-23,12:47:08,497.25,18492e2f66c9327f,2026,34
52319ea87cc81ff6,2026-07-23,17:04:36,497.25,b321ea6f4fb0d1a4,2026,34
ce35afa382c7928a,2026-07-23,17:57:42,397.8,d02b796930cddff5,2026,34
c129189b77721953,2026-07-23,18:06:18,497.25,e565efbf944c5511,2026,34
6c44a2b0300ec0e5,2026-07-23,18:57:40,200.0,d11836664c5bed90,2026,34
ea1c610508e9e919,2026-07-23,19:13:03,497.25,a37ffc163649b49b,2026,34
e35d5fd0e4177984,2026-07-23,19:47:59,397.8,d8ad4eb9e4884e82,2026,34
608c98aaa850f45a,2026-07-23,20:26:32,397.8,9fc958b6f52e0b6a,2026,34
271871e4d8d7925f,2026-07-23,20:38:28,200.0,0db97f2af0582af5,2026,34
9aec7110310b14ab,2026-07-24,11:05:34,298.35,385b772b6f27a162,2026,34
6b4f63b294ad366e,2026-07-24,11:42:17,497.25,025caacf498a0410,2026,34
ced964eb0cb1c55a,2026-07-24,13:54:26,497.25,7f7341e2036f51a4,2026,34
a1dd8f2a00ac20fa,2026-07-24,13:57:07,1690.65,af14c71d7b44ac63,2026,33
36189b6553c05526,2026-07-24,14:24:58,397.8,af14c71d7b44ac63,2026,33
1e6ba3a2a7f87ca2,2026-07-24,16:01:46,397.8,1473794f0edc60f3,2026,33
8d2bb44f26850a0c,2026-07-24,18:00:15,200.0,bef0a9a578c23b50,2026,33
7a7b6d6410f4ab6b,2026-07-24,18:11:12,397.8,3cd6178d79301f52,2026,33
a5bc3a982f718655,2026-07-24,18:13:11,397.8,af14c71d7b44ac63,2026,33
1330ee4f382fa80f,2026-07-24,18:31:07,497.25,5d56a4e946e8a214,2026,33
22ac2d3a0363b171,2026-07-24,18:44:46,497.25,acb992886509991b,2026,33
ca92a250bea61b10,2026-07-24,18:44:56,497.25,c4078d85375e48eb,2026,33
2612374a9f58fdfc,2026-07-24,20:28:29,397.8,af14c71d7b44ac63,2026,33
8aa75150b9a12c91,2026-07-25,10:32:43,497.25,c91017b052718d75,2026,33
91916c07e6a9577d,2026-07-25,11:29:09,397.8,f999441cdb10deed,2026,33
f6e8fed7093b4776,2026-07-25,11:56:44,497.25,fcbcbc0bf3c1bf7a,2026,33
e7b9396e04fcb2ae,2026-07-25,12:57:34,994.5,9bcb45f8a6913582,2026,33
22c5cc034519631f,2026-07-25,13:56:29,397.8,56ae2849ccf76990,2026,33
548607e89e00f7c0,2026-07-25,14:20:08,497.25,bef0a9a578c23b50,2026,33
675e884692b67f74,2026-07-25,14:20:45,298.35,09c761d4cd2285ec,2026,33
395066f159231fc8,2026-07-25,15:38:20,1193.4,049ec8eb0a1aa611,2026,33
303aa986297a83f9,2026-07-25,15:38:28,497.25,b45fd92b5ca672fa,2026,33
cc9b171a1a42af8e,2026-07-25,17:05:37,397.8,d11836664c5bed90,2026,33
c83093b0feff4d94,2026-07-25,17:09:20,596.7,26fffb43361eca9e,2026,33
65f3b9e3fcb33b3e,2026-07-25,18:41:21,1193.4,13aaa45488235a28,2026,33
8c1a901e87399a46,2026-07-25,18:55:13,298.35,e677c9a6ff2d3353,2026,33
cfac9e8eafdfd3ab,2026-07-25,19:36:23,1989.0,441ad6bd02506043,2026,33
11b1e5c3784d366a,2026-07-25,20:08:39,497.25,4dfa08de676aaa8b,2026,33
13277afac37792aa,2026-07-25,20:13:32,1690.65,2a576b6351bade7f,2026,33
495a169c92d93b1c,2026-07-25,20:18:04,397.8,b371ab3ba4533b6e,2026,33
6656602c2bd2fd04,2026-07-25,20:35:04,497.25,42c9ff4f1a90c60f,2026,32
bb2b01018bd1644b,2026-07-25,21:06:54,397.8,3d1610cf08e87a83,2026,32
4f5bf341d73063b6,2026-07-25,21:14:36,497.25,2aedf1f48891d0f8,2026,32
18bec167ea9cd405,2026-07-26,11:35:06,298.35,95cb5ba4cc661cdb,2026,32
30caae943c020327,2026-07-26,11:50:05,397.8,5523b938c96b7c6c,2026,32
85cbdd1923af872e,2026-07-26,13:53:46,397.8,3e66109b560bbc10,2026,32
e3ffd36a2755312c,2026-07-26,14:36:32,596.7,d29676defcef93e9,2026,32
930ee345d1bf1dac,2026-07-26,16:45:11,200.0,dd3d09ddbb7cccb2,2026,32
e77ac8f915700dab,2026-07-26,16:54:09,397.8,448f68658b6ae246,2026,32
2ac78fb3e42401dd,2026-07-26,17:09:30,397.8,,2026,32
ad95de51d52c6d2e,2026-07-26,18:36:17,298.35,a0b25adf7abb281a,2026,32
df1a02350d84cdc4,2026-07-26,18:43:26,497.25,,2026,32
c60f8f95fef78da9,2026-07-26,19:17:05,1889.55,edc766c92dfe0546,2026,32
0ac996ea5d559f84,2026-07-26,19:26:53,1491.75,bef0a9a578c23b50,2026,32
d0f1436bd10c891a,2026-07-27,12:45:01,497.25,690b0b88b1a5ee71,2026,32
4bc2ee95ed7ae20e,2026-07-27,13:06:45,397.8,da7a33129d78d734,2026,32
9e92ab59832d728b,2026-07-27,15:36:42,497.25,bef0a9a578c23b50,2026,32
ef444727e43b4c59,2026-07-27,16:22:12,397.8,92045ea2e6fc1f30,2026,32
eb1c96a8cb4450d5,2026-07-27,16:27:54,497.25,fcb917608b344b61,2026,32
1b973651e652f8d3,2026-07-27,17:38:56,397.8,04679a7c334756b6,2026,32
5bf7310ba3bc480c,2026-07-27,19:34:35,397.8,1933054b92df99da,2026,32
84ce05563b9bbfe7,2026-07-27,19:39:30,397.8,d11836664c5bed90,2026,32
ea9d7c345aa95b5b,2026-07-27,19:45:51,200.0,f516803f65250ff4,2026,32
2ec1b0e855ef4748,2026-07-27,19:47:40,3480.75,af14c71d7b44ac63,2026,32
30e79ba7c62850ab,2026-07-28,11:56:17,397.8,440d211bb7942184,2026,32
6683920596f9b670,2026-07-28,13:38:49,497.25,69ffd08426f5b475,2026,31
12a4a1e1a0f42311,2026-07-28,13:57:42,994.5,bef0a9a578c23b50,2026,31
dbd0e0829cfba4e2,2026-07-28,14:43:20,200.0,ac59c18fc6c27446,2026,31
f640b3c3d78a8e34,2026-07-28,16:12:27,397.8,bef0a9a578c23b50,2026,31
2fe050b8e488957c,2026-07-28,16:22:33,497.25,3797511c1df3c638,2026,31
96fdc99ec5f4fd41,2026-07-28,16:51:09,397.8,19e7861497d8fb05,2026,31
649bae2b87b956e9,2026-07-28,18:12:39,596.7,,2026,31
a3b7e5b2375ea73f,2026-07-28,18:40:38,1093.95,9d625967374abf46,2026,31
6d1f700d51ce0ce1,2026-07-28,19:44:09,397.8,d50489c686a42fda,2026,31
a83585bca9918cd9,2026-07-29,09:11:30,248.62,57a5cc9b0e991988,2026,31
fae1885285854d3b,2026-07-29,13:36:14,497.25,5c3132272db2d0eb,2026,31
00b5101c23a27d7c,2026-07-29,13:38:03,497.25,7715b91f954cece7,2026,31
f32c3a870b3ed9cb,2026-07-29,15:30:25,397.8,ca37d08497148421,2026,31
6d3fd9ec1db4692c,2026-07-29,18:18:02,200.0,56ae2849ccf76990,2026,31
510fd06e7ff64507,2026-07-29,18:18:13,2386.8,441ad6bd02506043,2026,31
447ff69b41596091,2026-07-30,11:11:51,200.0,358c06bce63e3c1b,2026,31
2a6a1e876e1fbf74,2026-07-30,12:29:15,497.25,fcd91491c0efa89b,2026,31
a54999e6d0c7d189,2026-07-30,13:17:57,397.8,d11836664c5bed90,2026,31
b8c23659b734792c,2026-07-30,13:22:55,994.5,2e767cec6d3dc2f4,2026,31
36d36d8030a750a2,2026-07-30,15:22:52,497.25,94695744992360f4,2026,31
2293f6c477b6e876,2026-07-30,15:35:45,497.25,8a5cb15b465e2fec,2026,31
05c7c2aac274aef0,2026-07-30,15:52:38,795.6,af14c71d7b44ac63,2026,31
3b5d18216543dd52,2026-07-30,15:58:36,397.8,e7f3bc23f2f8ea7c,2026,31
2b14d60fd98c04c5,2026-07-30,16:18:44,200.0,3abdbd10c0f7b8bb,2026,31
d00fc9d833b3b53f,2026-07-30,16:54:22,1193.4,aa10ebf07b5d0a61,2026,30
529a4ec8c8861f88,2026-07-30,18:34:12,795.6,d11836664c5bed90,2026,30
75563b3a5d42f7cf,2026-07-30,19:27:52,397.8,ed38253efb7b3222,2026,30
ec3d9d709917ee62,2026-07-31,09:55:02,397.8,89e64150c114ef80,2026,30
4b8ddf1aead403f0,2026-07-31,10:21:22,497.25,7f7341e2036f51a4,2026,30
ee6d42b18208a2f3,2026-07-31,10:39:50,397.8,c21dafceeaae3481,2026,30
0c5a31a9797ecf75,2026-07-31,11:09:43,298.35,38bf01b2b31e6c64,2026,30
1b4276cbe2c5894e,2026-07-31,13:07:31,596.7,25fe1c283e073f70,2026,30
155f2d80c03cb71e,2026-07-31,13:35:21,497.25,54659fa514a8165c,2026,30
d666dface70dbb0b,2026-07-31,14:27:14,497.25,6959ff5909445453,2026,30
207ad283d52366f0,2026-07-31,14:54:59,497.25,cfb9a9b7aa45168d,2026,30
6adca15e38066501,2026-07-31,16:42:05,397.8,3abdbd10c0f7b8bb,2026,30
fb3e5f76c9c36941,2026-07-31,16:49:30,298.35,b9ba9242f568abea,2026,30
5127f151659da825,2026-07-31,17:29:28,200.0,8e7de0424b6e48b5,2026,30
073ee99e5da08ff7,2026-07-31,17:42:32,100.0,2dd006ef921ec442,2026,30
7f68f7551e5f546a,2026-07-31,18:07:02,298.35,872b54cdd0323c9d,2026,30
33711c3b597dad17,2026-07-31,18:22:06,100.0,54c97302b2935bb7,2026,30
7c4e3956fa1f24ce,2026-07-31,19:24:42,397.8,58fbd71919bbafba,2026,30
a0ab30fbb8106d5b,2026-07-31,19:52:13,1591.2,bef0a9a578c23b50,2026,30
d9b87568f1bea8d2,2026-08-01,11:01:00,497.25,8a4c82cadebf2123,2026,30
3525e3db8548e6ee,2026-08-01,11:48:41,298.35,8e5a2094014b197a,2026,30
d48f2a247d94f694,2026-08-01,12:33:09,497.25,c91017b052718d75,2026,30
a3d0fc3487e35134,2026-08-01,12:58:10,397.8,e2451e43ca3ebbbb,2026,30
4f6c05cd234bd7fa,2026-08-01,13:26:57,298.35,2802f7adc7761368,2026,30
fb493133e1c7db51,2026-08-01,14:05:16,994.5,f9a9785b540d1c28,2026,30
f97d6dfe35cc6e52,2026-08-01,14:06:17,397.8,efa113aaa928a06c,2026,29
db6b96a55a110b3d,2026-08-01,14:14:18,497.25,34eed541c79fbe30,2026,29
fe67477456833518,2026-08-01,15:07:12,497.25,18c2b1327a54a21f,2026,29
80123ae36274255a,2026-08-01,15:34:25,497.25,e0006325b1b8461a,2026,29
1add56540821fe3b,2026-08-01,16:24:39,497.25,67120af5f6a8ae26,2026,29
842c15f15a86169f,2026-08-01,16:50:06,397.8,8ab9426d9dacec4f,2026,29
f72cbb868d560624,2026-08-01,17:49:50,397.8,44f40fb8a0461d3b,2026,29
bdccffa82c3770d9,2026-08-01,18:00:48,497.25,6d1ebe2e8c45c722,2026,29
103c47628234fe60,2026-08-01,18:47:18,497.25,dfce3178c88fb91c,2026,29
e7096303903620b1,2026-08-01,19:33:40,200.0,2c8297557e756513,2026,29
67264ea2647bdcc8,2026-08-01,19:42:07,696.15,bef0a9a578c23b50,2026,29
3966fb1512c93655,2026-08-01,20:32:39,397.8,7a37da6e19383faf,2026,29
b9c210bfa0b81a68,2026-08-01,20:57:03,994.5,8eb762e4f9e7fe7f,2026,29
ac7318f1e1fe16c6,2026-08-01,21:18:41,497.25,d62e05671251b1b3,2026,29
31549eeb86b24e52,2026-08-02,12:09:36,497.25,049ec8eb0a1aa611,2026,29
350672e7cb882e05,2026-08-02,12:29:46,497.25,7751c9c892c897b6,2026,29
48b6eaf55efe8957,2026-08-02,12:56:22,397.8,d2b377bd63f7926b,2026,29
c30c00e9691bdf00,2026-08-02,13:08:32,497.25,e4151b99502b7125,2026,29
790774aebc136937,2026-08-02,15:34:34,397.8,5790677a11e661b1,2026,29
006ad7fc75fd5ffa,2026-08-02,16:01:54,397.8,38ba69e8511fd6bd,2026,29
8c02223cc3a41619,2026-08-02,17:06:05,497.25,27d547d0d59af9a1,2026,29
49ad3535af1ca21c,2026-08-02,17:36:03,397.8,b9b9cd4822baf71b,2026,29
565a9d76d3464df5,2026-08-02,17:45:54,795.6,a7b97e66b8270398,2026,29
a460942b31387b89,2026-08-02,18:07:18,397.8,f999441cdb10deed,2026,29
ff0a4c65a053a059,2026-08-02,18:36:03,497.25,03dbccbc57561932,2026,29
5e3ba972e9c7b662,2026-08-02,18:46:29,397.8,175ef0916604f418,2026,29
6c99c49e2b1a5733,2026-08-02,18:59:16,397.8,35fc95cfdc08a809,2026,29
096d22508f64e3e5,2026-08-02,19:18:48,497.25,a4f56fc09b52d884,2026,28
9816b892c232a5ec,2026-08-02,19:45:35,397.8,f19707e7feaab25f,2026,28
3a9649160c95b0e3,2026-08-03,11:54:53,1093.95,26fffb43361eca9e,2026,28
e5442a8ed4d731f3,2026-08-03,13:14:42,497.25,2c0c6d4f927808a2,2026,28
ebd21da021b93cf5,2026-08-03,14:43:26,397.8,56207710f85602f5,2026,28
ef27763e60e27d9b,2026-08-03,17:28:26,397.8,bef0a9a578c23b50,2026,28
1dcd3a65c9579c51,2026-08-03,17:56:29,397.8,bef0a9a578c23b50,2026,28
4e92616eafd94882,2026-08-03,18:02:11,994.5,4c71ef3502cc47fa,2026,28
9b957e0f6450c65b,2026-08-03,18:12:43,596.7,af14c71d7b44ac63,2026,28
13d3baf1f0f1ca54,2026-08-03,18:18:32,497.25,d02b796930cddff5,2026,28
c119923adad88245,2026-08-03,18:55:54,497.25,87c8c95bb09d27d5,2026,28
6902cb0f5bb9d580,2026-08-03,19:49:10,397.8,58386ba93ab8c0f7,2026,28
9b141ef85310fa94,2026-08-04,09:58:45,397.8,9e1bc5b86b53865f,2026,28
0b8a527d086e36cd,2026-08-04,13:04:45,994.5,d1be6d99604081e1,2026,28
cf893a296a114c35,2026-08-04,13:32:52,397.8,d11836664c5bed90,2026,28
6ce5e5b02452ada7,2026-08-04,16:52:34,1392.3,d11836664c5bed90,2026,28
aa7dd2633e64ab70,2026-08-04,18:26:09,397.8,784f079600a87742,2026,28
03bb091ea6ec57b7,2026-08-05,13:39:59,298.35,9a9bbbec24ecd800,2026,28
307af926d52fd19d,2026-08-05,15:05:47,497.25,46a81114009afe16,2026,28
009b8b009a2d6482,2026-08-05,15:23:05,397.8,8af5af2e08fb6b16,2026,28
645b086705c1bf10,2026-08-05,20:44:46,994.5,bef0a9a578c23b50,2026,28
18a3eba2dc8cd925,2026-08-06,11:09:36,200.0,af14c71d7b44ac63,2026,27
5bf241fb9ac4889b,2026-08-06,12:19:01,397.8,8d432a587fdd0a4d,2026,27
14634ddac4560a71,2026-08-06,12:53:05,1989.0,441ad6bd02506043,2026,27
70ffd17a060ff127,2026-08-06,14:43:34,1193.4,13aaa45488235a28,2026,27
097263a14b5f32c1,2026-08-06,15:02:02,397.8,fb50e2ce915128ff,2026,27
138a965e2c6c05f1,2026-08-06,16:15:46,497.25,18492e2f66c9327f,2026,27
ad6a5d0411344ea7,2026-08-06,17:23:06,397.8,316bc800a97b6237,2026,27
e50c1fdbc3f7ddea,2026-08-06,19:54:45,397.8,,2026,27
f50014fda2389266,2026-08-07,11:37:02,696.15,b8e14e286f880de9,2026,27
bc3c11297bba7261,2026-08-07,13:15:22,400.0,1933054b92df99da,2026,27
84c8931cd937e616,2026-08-07,14:38:09,500.0,36cd9c834179b144,2026,27
09d7333a99d52db1,2026-08-07,15:12:09,500.0,6fa70ca83ee4e880,2026,27
ac022c03e24a75e8,2026-08-07,15:30:31,994.5,dd1bdd7fcbb7b771,2026,27
e8b0510aec9ab598,2026-08-07,16:45:07,1093.95,bec8e969c646d3bc,2026,27
14a1178c10296d13,2026-08-07,18:07:20,400.0,eb57efcec24b7e7d,2026,27
0c40adb5dfdc74b1,2026-08-07,19:29:11,400.0,50b00a49b5dfc632,2026,27
f9d983e95973470c,2026-08-07,19:40:50,1491.75,b0cfacd39cf619af,2026,27
9049b7836a9733f4,2026-08-07,20:11:34,500.0,7f7341e2036f51a4,2026,27
5be6902ac30f5505,2026-08-07,20:11:52,500.0,3797511c1df3c638,2026,27
ad67695ccec9d467,2026-08-07,21:03:57,3480.75,322a14467b9318c3,2026,27
64ee687c8fccef95,2026-08-08,10:29:21,400.0,04679a7c334756b6,2026,27
ab0be72faf008822,2026-08-08,12:00:58,400.0,fbe3b776b5cf3c68,2026,27
eab359c853292d68,2026-08-08,13:17:22,500.0,c91017b052718d75,2026,26
cc76dee748c827c7,2026-08-08,15:48:04,200.0,1dff96e16c73c701,2026,26
cadf7c2136c8e4ee,2026-08-08,16:27:31,200.0,4eee27f9e2510251,2026,26
2676d4f111cba1d3,2026-08-08,16:40:08,400.0,bef0a9a578c23b50,2026,26
50dc595929f4b4ed,2026-08-08,16:49:47,1392.3,440d211bb7942184,2026,26
418b1276e5ad4c56,2026-08-08,16:50:06,500.0,c86a1519dbf704e9,2026,26
2e9a256cbebae69b,2026-08-08,17:06:53,400.0,8ab9426d9dacec4f,2026,26
c790e5c15b0ffcd4,2026-08-08,17:16:54,1491.75,13aaa45488235a28,2026,26
2e6f9d784dd6d5c0,2026-08-08,18:37:18,994.5,33f70783d88147f1,2026,26
7254fedf34758d2d,2026-08-08,18:45:16,400.0,497bb44d302ff79c,2026,26
f151a6b372eac8d9,2026-08-08,18:57:01,500.0,c010ed98f244f923,2026,26
319b1adf4a8759c9,2026-08-08,20:10:56,400.0,7b60835d1a262bae,2026,26
f8b7746a13167e99,2026-08-08,20:31:08,300.0,322a14467b9318c3,2026,26
277a324aea423997,2026-08-08,21:04:35,994.5,c068bec9abc20647,2026,26
e49b6cdfe63b4efe,2026-08-09,12:02:22,200.0,bef0a9a578c23b50,2026,26
de8ea98a76f9971f,2026-08-09,15:35:26,400.0,38ba69e8511fd6bd,2026,26
0ae0e4e4eca45863,2026-08-09,16:51:10,200.0,b78fd3a8caabd419,2026,26
586d5c66e7061617,2026-08-09,16:54:43,795.6,d87164cf11ac2fcd,2026,26
a56f0f8ecd8ac023,2026-08-09,17:16:35,1491.75,bef0a9a578c23b50,2026,26
32d8cc187d0b7dfd,2026-08-09,17:31:47,300.0,e4151b99502b7125,2026,26
74632dc59cb6f32f,2026-08-09,17:59:16,596.7,80d8c33dda1ea8f0,2026,26
dba3728d92185364,2026-08-09,18:58:31,500.0,e0f76012361ff60c,2026,26
ef10767535d0741d,2026-08-09,21:37:39,200.0,d11836664c5bed90,2026,26
a34cdb2215fa799c,2026-08-10,10:03:20,400.0,ed38253efb7b3222,2026,26
e3a9e393a7985401,2026-08-10,11:39:21,400.0,701397aa4ccd3458,2026,26
a4f1bd016b650b37,2026-08-10,12:18:33,500.0,160a88a51d8a1190,2026,26
7b3898af92b53899,2026-08-10,14:20:21,300.0,bc194152f1816977,2026,25
ba0e9abcd4942199,2026-08-10,14:54:22,200.0,09ec6a12fe12312c,2026,25
5217bb04ba288bd9,2026-08-10,15:54:18,500.0,d1be6d99604081e1,2026,25
08625b9447a0d6e4,2026-08-10,16:35:59,400.0,19e7861497d8fb05,2026,25
a4f1b3eb4b708041,2026-08-10,17:39:57,795.6,42c8e9b74bd8adb6,2026,25
6b35ce58e4fc0927,2026-08-10,18:41:02,400.0,1473794f0edc60f3,2026,25
6b6540fda4095bc7,2026-08-10,19:08:18,500.0,fcb917608b344b61,2026,25
b21fa6cf03fe03a2,2026-08-11,17:33:26,400.0,89e64150c114ef80,2026,25
6c17f7c4c3870260,2026-08-11,18:32:03,400.0,609ed41d5295215a,2026,25
0bc0f163f3520392,2026-08-11,18:57:22,400.0,eb2f97ed71155f76,2026,25
595706b6e20e704f,2026-08-11,19:15:50,300.0,0aa6a1ff1be6ee15,2026,25
e17e5363936e2558,2026-08-11,19:28:41,500.0,528044b6956074e3,2026,25
465d78a247592c8d,2026-08-11,19:44:17,500.0,b89ddc554f601434,2026,25
e601a38c86708d9c,2026-08-11,19:54:50,400.0,dd3fd9ff3e64492f,2026,25
a7939f395c718bb9,2026-08-11,19:54:55,400.0,fd9fd46ad2419feb,2026,25
b1d4ed77e10d8c18,2026-08-11,20:05:19,300.0,af14c71d7b44ac63,2026,25
b0b6460871c429ce,2026-08-11,20:06:46,400.0,473a507f2963a457,2026,25
e127bc0f747382b8,2026-08-11,20:11:38,400.0,853bfa6ae7f758d8,2026,25
adc4b7979bc76d3c,2026-08-11,20:27:46,200.0,bef0a9a578c23b50,2026,25
46ac544775ce7e9c,2026-08-12,11:33:11,400.0,ef2c1f3315f183f5,2026,25
38988192e42a55b0,2026-08-12,12:41:43,994.5,1bbb9cb036cffaba,2026,25
824304486701f735,2026-08-12,14:09:35,300.0,f1766d6bfcae68bc,2026,25
c5fa07a9b4a6a55e,2026-08-12,14:35:54,696.15,766f6a67317295a2,2026,25
c92698ced1921b1b,2026-08-12,15:58:06,500.0,18492e2f66c9327f,2026,25
dd7fc54c84452dd1,2026-08-12,17:21:39,400.0,9ee16e2958d98642,2026,25
58e1c52c98e1c9dd,2026-08-12,17:54:35,400.0,7eea9cb81e174901,2026,25
106dfa5dfb8f2cfe,2026-08-12,18:22:50,200.0,4beb19131360b51f,2026,24
dca71b53e613a945,2026-08-12,19:08:57,994.5,bef0a9a578c23b50,2026,24
8318f53b522cc1aa,2026-08-13,12:14:45,200.0,61d397ad006467fb,2026,24
ad59fc683ba372c2,2026-08-13,12:26:54,500.0,34eed541c79fbe30,2026,24
c40f07042c134115,2026-08-13,12:27:56,696.15,34eed541c79fbe30,2026,24
1699bf8562c1867f,2026-08-13,12:45:58,300.0,af14c71d7b44ac63,2026,24
9dd3315fa87f4823,2026-08-13,16:01:06,400.0,79fe3ceb26ef5bb5,2026,24
10eb9855a6c142d8,2026-08-13,19:27:14,500.0,59327141b1762fc1,2026,24
3718f6074a2f2ca5,2026-08-13,19:30:25,300.0,3657e7ae184aa51e,2026,24
12579acf95ab5b70,2026-08-13,20:11:44,500.0,8a5cb15b465e2fec,2026,24
7a1171ed7c3cc450,2026-08-14,10:59:16,500.0,4d6285651dcb1f5d,2026,24
ece29c334f377be5,2026-08-14,12:03:16,1193.4,4cc65efac74cca5e,2026,24
e74e1808a9ad51c1,2026-08-14,12:13:02,696.15,85434111ae0c4ce0,2026,24
c6e619159867b4d9,2026-08-14,12:15:09,400.0,5a44b1b2efef3375,2026,24
e4a824bb1cf7711c,2026-08-14,12:44:36,500.0,18c2b1327a54a21f,2026,24
2566c23e057293b5,2026-08-14,13:09:54,500.0,1d40a4627df5ee8b,2026,24
2b1f8cf3fcd57824,2026-08-14,13:20:25,400.0,b7b3a6ae2c34ab9c,2026,24
f35dcf9c91e9e933,2026-08-14,14:29:23,1193.4,69ffd08426f5b475,2026,24
843e7a4c7994449c,2026-08-14,14:41:03,250.0,d1f9d54dec12d243,2026,24
61a8ca7ec25f08b8,2026-08-14,15:02:17,500.0,025caacf498a0410,2026,24
ebfcaba838073c9a,2026-08-14,15:12:49,400.0,440d211bb7942184,2026,24
b66384cbcca9b9e9,2026-08-14,15:35:51,400.0,da7a33129d78d734,2026,24
a611abff6f0bee50,2026-08-14,16:45:40,795.6,b75e01938ed9b279,2026,24
53d57d8f6bcd9cf1,2026-08-14,17:13:56,400.0,8b8ebb48f6044584,2026,24
5cc11effd64356f5,2026-08-14,17:34:28,646.42,bef0a9a578c23b50,2026,24
c8d5bb1326754488,2026-08-14,18:14:12,500.0,4886a61435e533d8,2026,24
07036f70c4030636,2026-08-14,18:49:27,1790.1,5fa4d84e815dca6a,2026,24
18b423a4430c5a83,2026-08-14,18:51:00,500.0,b8a9a5be8fbc5bfb,2026,23
63df66787646d73d,2026-08-14,19:27:47,3480.75,af14c71d7b44ac63,2026,23
56ca5c8514abaa6e,2026-08-14,19:33:27,500.0,4dfa08de676aaa8b,2026,23
79a0f60d36221990,2026-08-14,20:16:29,200.0,36cd9c834179b144,2026,23
fe59f075dc1e7e2c,2026-08-14,20:24:20,500.0,8972cf06d0a6fef9,2026,23
06f9d18c029301bb,2026-08-14,20:33:08,400.0,9eb1511574c74653,2026,23
3c9434df49414ae5,2026-08-15,09:26:05,400.0,9ee16e2958d98642,2026,23
064bcbbb5ecbf3d9,2026-08-15,12:27:13,500.0,35f4ec8987897076,2026,23
2f26f8bcdaf3429f,2026-08-15,13:33:21,400.0,f999441cdb10deed,2026,23
cb0dde5d50f73431,2026-08-15,17:24:09,994.5,21b1a5510ddfe38a,2026,23
f890fd622c218bc1,2026-08-15,17:40:23,500.0,ce9704dc9ecee5f7,2026,23
7cf064144448b7d8,2026-08-15,18:26:51,1193.4,049ec8eb0a1aa611,2026,23
e7e9c4bc2a366350,2026-08-15,19:32:46,300.0,04194893f7e9d06d,2026,23
b73820fd9bbf6e36,2026-08-16,15:34:50,500.0,87c8c95bb09d27d5,2026,23
836c6fe87aabeba5,2026-08-16,16:51:57,500.0,26fffb43361eca9e,2026,23
d37bd6d01e746808,2026-08-16,16:57:43,400.0,e84ee76cabfd7007,2026,23
0879c287e6169a31,2026-08-16,17:46:58,994.5,e7f3bc23f2f8ea7c,2026,23
8ea30866de7f31bf,2026-08-16,17:52:41,696.15,e7f3bc23f2f8ea7c,2026,23
1c188b16f1ef9d7b,2026-08-16,19:10:25,1193.4,5a7493e005740e13,2026,23
31c4f5c198a34c66,2026-08-16,19:30:30,400.0,96e1904d49006a7c,2026,23
e46ec3d14e0618fc,2026-08-16,20:26:31,400.0,f516803f65250ff4,2026,23
1b6ddf522d65f887,2026-08-17,13:41:10,500.0,d1be6d99604081e1,2026,23
171ec623a4924866,2026-08-17,14:01:15,500.0,4b69f7392d6122ea,2026,23
631e5b7206aba6b9,2026-08-17,15:33:49,400.0,9a0f597bb54b0577,2026,23
94d0e1939574830a,2026-08-17,17:51:00,500.0,d02b796930cddff5,2026,23
17d3b69a0e1df6d9,2026-08-17,18:28:32,400.0,8ab9426d9dacec4f,2026,23
2c7ed5b4f4cf6b66,2026-08-17,19:01:04,400.0,8af5af2e08fb6b16,2026,23
b77e86c73d3d2f29,2026-08-17,19:29:30,400.0,af14c71d7b44ac63,2026,22
e2808e90efc412d2,2026-08-17,20:09:02,696.15,bef0a9a578c23b50,2026,22
fbc77e50284c092e,2026-08-17,20:33:19,400.0,92045ea2e6fc1f30,2026,22
6e7964f03a8ff3fd,2026-08-18,11:27:04,500.0,089d700fe2b4fadb,2026,22
e44522611f834aa4,2026-08-18,14:35:25,200.0,6e1a218fd60fa6e9,2026,22
25b2848153d21ac6,2026-08-18,16:02:19,1491.75,f6d1efba69db3085,2026,22
e24fc2e49a939fd9,2026-08-18,16:24:39,200.0,58409518d8348904,2026,22
fb8dffd78a585437,2026-08-18,17:21:19,1193.4,7715b91f954cece7,2026,22
b75689219c626729,2026-08-18,18:06:45,300.0,399bd88ce2adcb19,2026,22
1453e1c731fde861,2026-08-18,18:42:43,300.0,bef0a9a578c23b50,2026,22
f8141827d61addd2,2026-08-18,20:08:12,400.0,ed38253efb7b3222,2026,22
36785d62d50b960c,2026-08-18,20:32:06,400.0,7e66cbb9145ed424,2026,22
55e4db949acd12a3,2026-08-19,11:19:00,400.0,57a5cc9b0e991988,2026,22
501c3d26aced717a,2026-08-19,11:56:01,500.0,5ebd6aba82bddc89,2026,22
3841a0951fc19905,2026-08-19,14:06:07,400.0,0014d9cbaa2c997c,2026,22
f34a59348cc1564e,2026-08-19,14:17:03,400.0,8831bc046bc47b82,2026,22
57aa88ea5dc434b1,2026-08-19,15:26:58,500.0,a4f56fc09b52d884,2026,21
3cec2e21bc76a438,2026-08-19,16:08:52,500.0,46a81114009afe16,2026,21
ff2344b128a768e4,2026-08-19,17:46:23,500.0,bec8e969c646d3bc,2026,21
e92050cc023da42b,2026-08-19,20:27:21,994.5,bef0a9a578c23b50,2026,21
240bac72372e5343,2026-08-20,12:57:54,500.0,3797511c1df3c638,2026,21
bacc7d469eae8d04,2026-08-20,14:11:06,500.0,0dcae4810eec9711,2026,21
1666e05f36253dab,2026-08-20,14:44:31,500.0,ca2f3f8800137379,2026,21
7fac18256354af68,2026-08-20,16:41:55,500.0,fcbcbc0bf3c1bf7a,2026,21
14703ca53d17847e,2026-08-20,20:06:40,500.0,f90fe6805dea271d,2026,21
394cfe1fcf557182,2026-08-21,10:42:48,400.0,440d211bb7942184,2026,21
c716ebe62fbab592,2026-08-21,13:40:05,400.0,d6ae6eb08b38b89a,2026,21
6d047971096ad3cb,2026-08-21,15:53:02,400.0,79fe3ceb26ef5bb5,2026,21
fb644af95dbc3864,2026-08-21,16:05:03,200.0,d11836664c5bed90,2026,21
96cfded692947d09,2026-08-21,18:34:08,994.5,1a2979ebf88307a4,2026,21
cfd2242db74545de,2026-08-21,19:44:44,500.0,978738acb9865fc9,2026,21
d9391cd5901bbd5f,2026-08-21,20:15:51,400.0,58386ba93ab8c0f7,2026,21
c8d4ac20bb356602,2026-08-22,10:36:02,500.0,37db8826b7ab2636,2026,21
8fe5264d695b6557,2026-08-22,12:03:01,400.0,3cd6178d79301f52,2026,21
020ac6709203cf60,2026-08-22,12:55:10,400.0,42964d8e52374610,2026,21
3c6752e795ca6f83,2026-08-22,13:10:59,400.0,04679a7c334756b6,2026,21
fcf470b2edb5acd1,2026-08-22,14:08:38,300.0,,2026,20
67a91526e7a92523,2026-08-22,17:14:41,400.0,f999441cdb10deed,2026,20
e9a37f3b3fa9ae5d,2026-08-22,17:29:58,100.0,36cd9c834179b144,2026,20
d26ef72bb3f23333,2026-08-22,18:04:44,400.0,8ab9426d9dacec4f,2026,20
e5d9e6ba6815381e,2026-08-22,18:13:49,500.0,b273cd8fd13daa41,2026,20
eb17e1375f3ba8ad,2026-08-22,18:39:01,400.0,19e7861497d8fb05,2026,20
9c3175b9ffed4e94,2026-08-22,19:48:50,895.05,bef0a9a578c23b50,2026,20
a59adf1a38b8bd77,2026-08-22,20:52:19,400.0,186ce96da4727481,2026,20
c891bf89c69a0867,2026-08-23,11:57:26,300.0,54b35986072e5df3,2026,20
210cb430ef4c5e3a,2026-08-23,13:02:23,994.5,e4151b99502b7125,2026,20
2b4ad71b4e82ff01,2026-08-23,13:57:25,500.0,593aa2651f72ee05,2026,20
c1ca1ccba51522ef,2026-08-23,14:24:01,596.7,ea2b449239be3054,2026,20
eb36e3389143c04b,2026-08-23,14:43:02,500.0,8257f9037fbc33e8,2026,20
298b709f41342284,2026-08-23,14:53:50,400.0,42daeeb2a2eb6cfc,2026,20
9d0800f4f68bd750,2026-08-23,15:21:29,500.0,7751c9c892c897b6,2026,20
8efdefad434fd269,2026-08-23,15:31:49,1491.75,dfd78e793420ac3c,2026,20
074627e66e6ef2f8,2026-08-23,16:05:30,300.0,044531f7553a4f4e,2026,20
2441a70e8a672daf,2026-08-23,16:32:56,500.0,96c3da0138e91c6f,2026,20
79aedc3ab3e981f5,2026-08-23,16:34:05,500.0,bef0a9a578c23b50,2026,20
8a897ffbaba20218,2026-08-23,17:05:26,500.0,049ec8eb0a1aa611,2026,20
6be0aac4e36513b0,2026-08-23,17:14:19,500.0,62e40326bc1d9a7b,2026,20
0499837f2b6906e2,2026-08-23,17:36:09,500.0,03dbccbc57561932,2026,20
2a467007f5f49b03,2026-08-23,18:43:49,300.0,252816cce102b391,2026,20
6d8f3c3e7679bf73,2026-08-23,18:45:47,795.6,bef0a9a578c23b50,2026,19
b5aad4087352cee2,2026-08-23,19:09:52,200.0,a7b97e66b8270398,2026,19
1b26d466df68d72c,2026-08-23,20:10:33,400.0,9e1bc5b86b53865f,2026,19
350b98601745863e,2026-08-23,20:23:42,994.5,18c2b1327a54a21f,2026,19
0808a80fd5dffb6e,2026-08-23,21:00:52,500.0,4beb19131360b51f,2026,19
f6b4515dbb1a8d7e,2026-08-23,21:21:19,500.0,06e3a4b08a4f7b67,2026,19
9e9c60633cb2a28d,2026-08-24,10:11:14,500.0,c91017b052718d75,2026,19
7a6a1f7e06d26c40,2026-08-24,11:18:39,300.0,d1be6d99604081e1,2026,19
b79e513482d684f5,2026-08-24,12:27:16,300.0,18492e2f66c9327f,2026,19
06601c5cc99f73fd,2026-08-24,13:09:24,150.0,60d93c7ef514b250,2026,19
527082a4f5eacf74,2026-08-24,13:16:01,400.0,eb57efcec24b7e7d,2026,19
47a0ba2c0b4952a5,2026-08-24,14:20:46,300.0,9a9bbbec24ecd800,2026,19
48c15c67e5da7dc0,2026-08-24,14:43:50,500.0,26fffb43361eca9e,2026,19
ccdba8fd5076c973,2026-08-24,16:15:10,596.7,25fe1c283e073f70,2026,19
16221864841e68e6,2026-08-24,16:18:42,300.0,f9a9785b540d1c28,2026,19
f9e10d5eed47246b,2026-08-24,16:54:04,400.0,175ef0916604f418,2026,19
015d3eb042297f6c,2026-08-24,18:16:51,1093.95,e84ee76cabfd7007,2026,19
7d91aadad0a3a5e9,2026-08-24,18:29:02,400.0,ab6cc6c89a759257,2026,19
4e5f15552f41d7f2,2026-08-24,18:36:23,200.0,d3c8e7fc26e37e75,2026,19
7ac47b4806502d2c,2026-08-24,18:57:30,895.05,ebd2fb9e25264882,2026,19
005aee9d3fde6f3c,2026-08-24,19:26:00,300.0,5c28b438c3807872,2026,19
6a84fbeb0df99bbd,2026-08-24,19:46:19,400.0,497bb44d302ff79c,2026,19
2c177b48fe560dfe,2026-08-24,20:14:59,500.0,d11836664c5bed90,2026,18
3db1068a2d993cd3,2026-08-25,10:56:37,500.0,c1f65786f7092175,2026,18
612b7af557b1a3b7,2026-08-25,11:45:43,596.7,8334433ddffc2e6b,2026,18
dc7c78cad9220a96,2026-08-25,11:46:12,400.0,c21dafceeaae3481,2026,18
10bc2ae40d88349f,2026-08-25,12:02:26,400.0,97441740628270f1,2026,18
a3a618043877e59c,2026-08-25,12:26:35,994.5,9dbdb03cf3364779,2026,18
0118e7807b0847e3,2026-08-25,12:55:13,500.0,4206f3513097e277,2026,18
704a72dff9581e39,2026-08-25,15:11:46,795.6,58fbd71919bbafba,2026,18
3ece092d2cf1edb9,2026-08-25,15:56:25,400.0,a12b0b8ea4559d84,2026,18
e9d097ae6f139ba2,2026-08-25,16:10:01,500.0,bef0a9a578c23b50,2026,18
e967b6a9f18bfcbf,2026-08-25,16:30:20,300.0,d2b83df8224526e3,2026,18
36cf020cdf487883,2026-08-25,16:31:48,300.0,bef0a9a578c23b50,2026,18
1b85f5186b9d3aba,2026-08-25,16:50:51,400.0,af14c71d7b44ac63,2026,18
a1e83e1480b3975c,2026-08-25,17:15:43,400.0,93dc137803aa0eb6,2026,18
92ae7ecb594b339e,2026-08-25,18:22:10,596.7,6c72c2b58e7017aa,2026,18
7cd61ffc227564b9,2026-08-25,19:07:29,200.0,f516803f65250ff4,2026,18
b0d3adb5d3dda083,2026-08-25,19:29:06,1193.4,af14c71d7b44ac63,2026,18
940bb3506d67fc9d,2026-08-25,19:32:05,300.0,d87164cf11ac2fcd,2026,18
67f4fe41a503c3d1,2026-08-25,19:41:11,400.0,0f0d53336124bd34,2026,18
fd5286a6dcf72298,2026-08-25,20:14:19,200.0,af14c71d7b44ac63,2026,18
fb255c9b555e5af3,2026-08-25,21:14:05,1193.4,8f5f3316cc5fb713,2026,18
dab2212f72af02f4,2026-08-25,21:44:27,400.0,d11836664c5bed90,2026,18
b3364d4e146abbd5,2026-08-26,11:45:49,500.0,45d16cb02819247e,2026,18
e8ac2d054f17e9f5,2026-08-26,12:12:06,400.0,bef0a9a578c23b50,2026,18
90a201a82ba118cb,2026-08-26,13:33:49,994.5,dd3d09ddbb7cccb2,2026,18
4cc7053b4ea00c38,2026-08-26,13:51:15,400.0,440d211bb7942184,2026,18
6e469eeae5e9817e,2026-08-26,14:37:22,200.0,89e64150c114ef80,2026,18
e277d873c648685f,2026-08-26,14:59:41,696.15,766f6a67317295a2,2026,17
8fabf1c0dc85d14b,2026-08-26,18:17:37,500.0,1e28926da39ba37a,2026,17
6b6be48c693327c0,2026-08-26,18:50:06,500.0,3797511c1df3c638,2026,17
6e6c2839d1e98da4,2026-08-26,19:20:26,500.0,989df0fc71d02ea2,2026,17
3f01b225362715da,2026-08-26,19:36:46,500.0,87c8c95bb09d27d5,2026,17
3104c157e9180402,2026-08-26,21:05:16,895.05,ce2afabd17ba4e60,2026,17
9422c2ddb12bf98f,2026-08-27,09:34:59,500.0,e0f76012361ff60c,2026,17
e20f633bc4e75add,2026-08-27,10:21:29,596.7,8adb020f7e69cef0,2026,17
0d1d3db6a8b5fa51,2026-08-27,11:23:51,500.0,0931fc241c3a0772,2026,17
a48a37d006ade91c,2026-08-27,12:10:49,400.0,33f70783d88147f1,2026,17
65a4d08f4183d01a,2026-08-27,13:25:53,500.0,af14c71d7b44ac63,2026,17
48f277968850a657,2026-08-27,15:09:26,500.0,8a5cb15b465e2fec,2026,17
6fa06b808e502419,2026-08-27,15:50:36,500.0,36cd9c834179b144,2026,17
16468f28130a3d53,2026-08-27,16:43:36,400.0,56ae2849ccf76990,2026,17
dec08ab1d44d433b,2026-08-27,16:52:39,200.0,6e1a218fd60fa6e9,2026,17
2d2f20902edb5b8b,2026-08-27,16:52:42,200.0,22613ee5a5bff74c,2026,17
b37d47b6ec0f4b4b,2026-08-27,18:32:03,500.0,d02b796930cddff5,2026,17
de45e197a5c44def,2026-08-27,18:52:26,994.5,cb9831781a2e7148,2026,17
25ed90c21a3697e4,2026-08-27,19:03:57,500.0,e805ff56a928aa48,2026,17
c0d4da408b51c5f5,2026-08-27,19:15:05,400.0,eb2f97ed71155f76,2026,17
13794842206d0e57,2026-08-27,20:03:26,500.0,6420936eafb5158c,2026,17
f74f3577a365e4cb,2026-08-27,20:44:15,1989.0,edc766c92dfe0546,2026,17
66fe078d5033a91a,2026-08-28,14:34:28,500.0,dea1d63f0dd0d2bc,2026,17
545095c430d9f038,2026-08-28,14:50:04,400.0,1933054b92df99da,2026,17
37ebc490a793e687,2026-08-28,15:09:35,250.0,,2026,17
278af94efcd2d0cf,2026-08-28,17:52:03,300.0,8e5a2094014b197a,2026,16
73571316348de4a8,2026-08-28,19:22:16,500.0,d11836664c5bed90,2026,16
65f564ee5cc393a5,2026-08-29,12:47:59,500.0,25fe1c283e073f70,2026,16
20b036d2febf828b,2026-08-29,12:59:12,596.7,eeb94e29a0648512,2026,16
6d7254bb9782890c,2026-08-29,13:27:04,200.0,ac59c18fc6c27446,2026,16
5b03d87c25204874,2026-08-29,14:13:20,500.0,c91017b052718d75,2026,16
9a35446d3c3cffcd,2026-08-29,15:04:07,400.0,70c1f3787761dca0,2026,16
3a1fa55c68c1ece2,2026-08-29,15:10:09,400.0,d6ae6eb08b38b89a,2026,16
de30d8d15991136e,2026-08-29,15:32:26,400.0,f80f119b4b8d0382,2026,16
cc38c4fa6f7df114,2026-08-29,15:41:39,500.0,aae074fdf96fc63e,2026,16
cbec9ace6ddb9628,2026-08-29,16:09:45,500.0,dc1f4ef836d38ac0,2026,16
5bf473cc3d6c364b,2026-08-29,16:49:48,400.0,0fd8627fddb6aab1,2026,16
40da418c0c83ef15,2026-08-29,17:43:20,400.0,316bc800a97b6237,2026,16
9de8e5c2a4070235,2026-08-29,17:45:29,500.0,bef0a9a578c23b50,2026,16
954e1e4692b1e065,2026-08-29,18:02:26,400.0,5790677a11e661b1,2026,16
cf93ed6492000576,2026-08-29,18:08:35,300.0,bef0a9a578c23b50,2026,16
39197bb57eac5982,2026-08-29,18:21:28,300.0,61d93d3309b55c10,2026,16
0f60e84e6b965692,2026-08-29,18:45:45,400.0,c61531689535e06e,2026,16
71be3ce9d3252168,2026-08-29,20:23:17,994.5,bef0a9a578c23b50,2026,16
c0e714f747d6d3f2,2026-08-29,20:32:58,1193.4,23432103b1d1c449,2026,16
92cd3264ed2dc269,2026-08-30,12:05:45,400.0,3de68eb7361320b7,2026,16
b08f9b6941c99e1c,2026-08-30,12:45:36,400.0,3de68eb7361320b7,2026,16
c938b404fdf9852f,2026-08-30,13:20:46,500.0,67397541d0c466d7,2026,16
35e9d31a692c27ca,2026-08-30,13:55:06,400.0,56207710f85602f5,2026,16
aa7702d134974ae8,2026-08-30,14:01:31,200.0,56ae2849ccf76990,2026,16
a4c29d3f3d597ed6,2026-08-30,14:59:18,500.0,7751c9c892c897b6,2026,15
1cede418d20b126a,2026-08-30,16:26:22,500.0,ee61c8a7537eccf5,2026,15
d4ef0bdb6716db37,2026-08-30,16:55:00,500.0,8a4c82cadebf2123,2026,15
4ca919048eda3991,2026-08-30,17:25:13,400.0,ed3823c92b0ba51b,2026,15
46e599b5debd7f7d,2026-08-30,17:25:13,400.0,6d1ebe2e8c45c722,2026,15
36c6258480e27210,2026-08-30,17:41:37,400.0,38ba69e8511fd6bd,2026,15
f006cd2e1ebc2020,2026-08-30,17:48:36,994.5,af14c71d7b44ac63,2026,15
6a17a261a2f4c2ac,2026-08-30,18:02:31,300.0,9fa5fc9c91016356,2026,15
7d6ea0ee9c2ecc57,2026-08-30,18:21:55,400.0,03dbccbc57561932,2026,15
28f1b7e9a5aeb851,2026-08-30,18:47:29,1193.4,c010ed98f244f923,2026,15
3d47901e772ea588,2026-08-31,11:46:55,300.0,bef0a9a578c23b50,2026,15
6d4f767bf16bde0c,2026-08-31,11:46:53,500.0,34eed541c79fbe30,2026,15
cafb83b05fc64e6c,2026-08-31,12:33:24,500.0,d1be6d99604081e1,2026,15
3cfe9029d264f6ea,2026-08-31,13:02:34,400.0,5523b938c96b7c6c,2026,15
e0a0cf673e1debbd,2026-08-31,14:05:26,400.0,e2451e43ca3ebbbb,2026,15
cecab981083d3bca,2026-08-31,15:05:35,500.0,bef0a9a578c23b50,2026,15
1ffca94e6e8c5c46,2026-08-31,15:53:55,300.0,87c8c95bb09d27d5,2026,15
c7d7ae04c63fa93e,2026-08-31,17:25:33,400.0,b7b3a6ae2c34ab9c,2026,15
15c2819825c75ca6,2026-08-31,17:57:30,1292.85,9272d2f1e36848ca,2026,15
947185a4fcc941bc,2026-08-31,18:24:14,1193.4,d1720d751b5f28b4,2026,15
f1801b8573d9807f,2026-09-01,13:33:16,500.0,529122b777cc9f5c,2026,15
e2ebef8652411256,2026-09-01,15:08:29,400.0,440d211bb7942184,2026,15
14f12e787a38a2b7,2026-09-01,16:15:11,400.0,75a5329f643973d7,2026,15
55e966ae8a6a10f1,2026-09-01,17:15:37,400.0,1bbb9cb036cffaba,2026,15
4540ea5e3ef6fa58,2026-09-01,18:30:33,1093.95,bef0a9a578c23b50,2026,14
08bfdec6373c8a38,2026-09-01,19:10:15,200.0,9e1bc5b86b53865f,2026,14
093210256fffd9d9,2026-09-01,19:45:30,400.0,ed38253efb7b3222,2026,14
e9b478d0cc3ed093,2026-09-01,19:52:32,994.5,bef0a9a578c23b50,2026,14
d98576b7bd32a914,2026-09-01,20:34:43,500.0,af14c71d7b44ac63,2026,14
7930a65d30e7d1a3,2026-09-02,11:04:29,400.0,ab5ebb9c0c28f2ac,2026,14
3f8a59747bad23a5,2026-09-02,14:21:29,400.0,ede2c43c89e02794,2026,14
7b0c63d4ea2412d9,2026-09-02,14:36:34,1292.85,aa10ebf07b5d0a61,2026,14
740324e4641ab2ed,2026-09-02,15:06:47,400.0,7dfe7c0fcd6b2412,2026,14
5a3a612fa1e2dc71,2026-09-02,15:41:21,400.0,3d1610cf08e87a83,2026,14
21b4e4ee6c432cbe,2026-09-02,18:12:44,300.0,bef0a9a578c23b50,2026,14
56952fb5c5147818,2026-09-02,19:08:36,400.0,f516803f65250ff4,2026,14
e0b91321049c3878,2026-09-02,20:26:17,400.0,f999441cdb10deed,2026,14
09ad8b2f1475365c,2026-09-03,11:42:27,400.0,43f4ff2a08a2c9c7,2026,14
15b6a8bda0a3234b,2026-09-03,11:58:43,500.0,101eb4e2e7ba33d4,2026,14
ee226b5d7269b38a,2026-09-03,12:56:14,500.0,7f7341e2036f51a4,2026,14
d631b4028f4dfbff,2026-09-03,13:07:19,400.0,19e7861497d8fb05,2026,14
7fb887c6732d50b0,2026-09-03,15:15:39,400.0,dec82ac1b44bcb0e,2026,14
c9d9eb47e50435f5,2026-09-03,16:36:01,400.0,10ff5c9d46de0901,2026,14
b7bf8aede0578dd2,2026-09-03,17:03:49,200.0,8e7de0424b6e48b5,2026,14
b6534349ec556129,2026-09-03,17:48:55,400.0,5fa4d84e815dca6a,2026,14
95cfaf34e71adf53,2026-09-03,17:53:18,400.0,04679a7c334756b6,2026,14
938bf86b09b081d2,2026-09-03,17:56:43,400.0,d11836664c5bed90,2026,14
2da547f0604223e9,2026-09-03,17:56:57,400.0,9d625967374abf46,2026,14
7fc202e5c96159c4,2026-09-03,18:59:04,350.0,e2211df67e737c44,2026,13
189ef2e434288f8d,2026-09-03,19:08:06,1491.75,e06579ade0163957,2026,13
9998793b54d7fb56,2026-09-04,10:11:59,200.0,89e64150c114ef80,2026,13
58192f2f42533d81,2026-09-04,11:55:06,1491.75,586e88404ba21834,2026,13
7a0c5da8eee4ac15,2026-09-04,12:17:00,200.0,385b772b6f27a162,2026,13
f69335fc4f504da1,2026-09-04,13:05:21,500.0,183c6f1c964f801c,2026,13
8e6f12db8508d1fb,2026-09-04,14:06:51,200.0,89e64150c114ef80,2026,13
aa82ae8982fac201,2026-09-04,15:56:13,400.0,79fe3ceb26ef5bb5,2026,13
675bd4e013fe3bcd,2026-09-04,16:44:08,400.0,b9b9cd4822baf71b,2026,13
051b9ea7b2b81fac,2026-09-04,18:34:46,400.0,110dd35468403d34,2026,13
03125873c6dae6f5,2026-09-04,18:56:08,400.0,186ce96da4727481,2026,13
dfcb85c4f2210df2,2026-09-05,11:07:52,500.0,c91017b052718d75,2026,13
fe664e88c19d50d5,2026-09-05,11:29:49,300.0,a7463121d997d5d5,2026,13
38f9810606168d40,2026-09-05,11:49:33,300.0,b9ba9242f568abea,2026,13
952df3e01a7ff2b2,2026-09-05,12:40:25,400.0,ab6cc6c89a759257,2026,13
90c72bcc14081a70,2026-09-05,13:22:52,500.0,18c2b1327a54a21f,2026,13
30d3da7637bbd7fa,2026-09-05,14:50:30,596.7,110dd35468403d34,2026,13
37ce3b99862ff95a,2026-09-05,16:42:47,400.0,8b8ebb48f6044584,2026,13
01ed7b25d0b9fa15,2026-09-05,17:22:48,1193.4,4cc65efac74cca5e,2026,13
502565e726f3001b,2026-09-05,18:39:31,300.0,57a5cc9b0e991988,2026,13
bcf8464a250bedaa,2026-09-05,18:55:36,400.0,ee19e5a4112ec65e,2026,13
99103c7f1424386c,2026-09-05,19:41:20,400.0,33f70783d88147f1,2026,13
17d469390acb3ce9,2026-09-06,10:29:15,400.0,49632b2ad2bed203,2026,13
316b6f0e7a26ab89,2026-09-06,11:54:14,400.0,4ecd6043f0f0cc2b,2026,13
4cd5316fb74e7e86,2026-09-06,12:26:56,400.0,0db97f2af0582af5,2026,13
2c3b997dab26c92c,2026-09-06,13:29:41,1093.95,26fffb43361eca9e,2026,13
f016d7810e0b7101,2026-09-06,13:49:21,500.0,049ec8eb0a1aa611,2026,13
34368d281e699cc2,2026-09-06,14:53:25,400.0,b371ab3ba4533b6e,2026,12
b08ad2c3fa93ad19,2026-09-06,15:11:29,500.0,e8b6a4eb75f86308,2026,12
5b65ddb7a2150743,2026-09-06,15:52:23,200.0,acd31c7bbdef87a4,2026,12
90640f62678796a3,2026-09-06,17:23:57,1193.4,e3f67a6611415e2b,2026,12
cc194f8c9978197e,2026-09-06,17:30:26,400.0,56ae2849ccf76990,2026,12
40ceb97516222251,2026-09-06,17:37:23,400.0,c21dafceeaae3481,2026,12
7d4ad2ed26939149,2026-09-06,18:01:59,500.0,036ed3ea3e76f71e,2026,12
7a00b61ae9294748,2026-09-06,18:20:29,300.0,a7463121d997d5d5,2026,12
a80a89eb7d8c8f94,2026-09-06,18:40:05,500.0,528044b6956074e3,2026,12
afad010906771ee4,2026-09-06,18:42:04,400.0,d11836664c5bed90,2026,12
549b2d3fa49a6f40,2026-09-06,18:46:07,1193.4,b3c43b75851fccfa,2026,12
5ce30c284e6e586a,2026-09-06,19:04:01,696.15,528044b6956074e3,2026,12
def870751fc31c46,2026-09-06,19:21:04,500.0,03dbccbc57561932,2026,12
bf985189cc40cce8,2026-09-06,19:31:16,500.0,036ed3ea3e76f71e,2026,12
c0adc2473fca58fe,2026-09-06,19:40:33,400.0,d11836664c5bed90,2026,12
7a0c538090e8171e,2026-09-06,20:27:02,400.0,d11836664c5bed90,2026,12
1c8d31ebcb5f908d,2026-09-07,14:36:03,500.0,42c9ff4f1a90c60f,2026,12
3599ab037df534b7,2026-09-07,16:41:33,400.0,92045ea2e6fc1f30,2026,12
ea228315c82771e1,2026-09-07,17:23:20,500.0,036ed3ea3e76f71e,2026,12
6f25a3522b354925,2026-09-07,17:50:25,400.0,1473794f0edc60f3,2026,12
60af546c7171f837,2026-09-07,18:22:33,1193.4,87c8c95bb09d27d5,2026,12
12e6bb3f1ba543ea,2026-09-07,18:29:39,200.0,,2026,12
ef5c3bbe8cf20251,2026-09-07,19:02:34,400.0,0852caffddc1f3a1,2026,12
26e11f1c979c327c,2026-09-07,19:19:58,400.0,8ab9426d9dacec4f,2026,12
fd4b7dc4d1de42d2,2026-09-07,19:26:26,400.0,7e66cbb9145ed424,2026,12
79ba9e42ba780dad,2026-09-07,19:41:05,500.0,ee61c8a7537eccf5,2026,12
fa16ca0b3d4513c6,2026-09-07,19:53:00,200.0,f516803f65250ff4,2026,12
697c1e662f4bba2b,2026-09-08,11:50:36,400.0,440d211bb7942184,2026,11
e7bdf005c0bbb049,2026-09-08,11:58:42,500.0,dd3d09ddbb7cccb2,2026,11
8a07aa5f033882eb,2026-09-08,12:06:02,500.0,089d700fe2b4fadb,2026,11
b26bcdca5ebfa0d4,2026-09-08,15:13:15,400.0,5fca944182bd39bd,2026,11
74659c98a0b1a69d,2026-09-08,15:21:35,1193.4,13aaa45488235a28,2026,11
1e292e332674490d,2026-09-08,16:15:55,300.0,061d00d3421d06e0,2026,11
cf990aa88fc67567,2026-09-08,16:34:53,500.0,b321ea6f4fb0d1a4,2026,11
46c1d52cb071dd78,2026-09-08,17:42:55,300.0,c02bcf619156cb71,2026,11
9a142327434f64d3,2026-09-08,17:55:38,500.0,6cd00f4155e7e32c,2026,11
15bd8fbaac29a0bb,2026-09-08,18:16:17,500.0,d02b796930cddff5,2026,11
d50e261cfbf38a03,2026-09-08,18:36:45,400.0,c897b09d0d744b67,2026,11
b525686fab1d8719,2026-09-08,18:43:52,500.0,bef0a9a578c23b50,2026,11
f13221c5fee5a4b5,2026-09-08,19:58:48,100.0,2dd006ef921ec442,2026,11
b8d98355a6d58932,2026-09-09,12:18:53,500.0,8533dd7509fd891b,2026,11
4b71b656f538f950,2026-09-09,15:35:09,500.0,9f64dda12429ae4c,2026,11
bf30652d8b067ba0,2026-09-09,17:51:16,400.0,bef0a9a578c23b50,2026,11
4cde24cac70ecd2f,2026-09-09,18:35:57,500.0,5c8dfff2cfd6dd31,2026,11
0173345422f7e2c0,2026-09-09,18:52:52,400.0,186ce96da4727481,2026,11
8e0d7628ca3c11cd,2026-09-09,19:05:37,400.0,2f1dd46cd56a9f40,2026,11
ea2bd50ed8f10049,2026-09-09,19:16:42,500.0,dea1d63f0dd0d2bc,2026,11
3c5fb3905bc97f3f,2026-09-09,20:10:28,795.6,bef0a9a578c23b50,2026,11
2fbe033ba414e18f,2026-09-10,12:30:08,400.0,58fbd71919bbafba,2026,11
0d2161c70c25ff2f,2026-09-10,13:29:50,994.5,9478cc79fcbad3db,2026,11
391cd836a22bb806,2026-09-10,13:36:25,400.0,d6ae6eb08b38b89a,2026,11
ffd369d550681cf9,2026-09-10,13:43:36,500.0,1e6284f6b68ed6f7,2026,11
7649559d18f9e274,2026-09-10,14:21:23,500.0,8fefb53f6053bdc4,2026,11
0e2c61ce02fba7ea,2026-09-10,15:15:43,400.0,79fe3ceb26ef5bb5,2026,11
a971fc3d2e8f61e3,2026-09-10,18:19:51,500.0,fd67f9a09f8ef704,2026,10
1e73dc015122af7f,2026-09-10,18:38:04,500.0,b8a9a5be8fbc5bfb,2026,10
608a6858a7310a5c,2026-09-10,18:56:20,400.0,497bb44d302ff79c,2026,10
fd6748b1c01d6a3c,2026-09-10,18:57:42,994.5,bef0a9a578c23b50,2026,10
10885a5292caa31c,2026-09-10,19:28:07,400.0,eb2f97ed71155f76,2026,10
172241f8057f0050,2026-09-10,19:55:12,500.0,3797511c1df3c638,2026,10
4dbf3a4d295d2d87,2026-09-10,20:27:44,400.0,ccb8e8d57119f911,2026,10
58543cf87862af3f,2026-09-11,12:38:41,400.0,eb57efcec24b7e7d,2026,10
bf1e4acdf4f4e062,2026-09-11,12:44:55,150.0,f4b811b17180ea83,2026,10
d454a4d3e129a0c8,2026-09-11,12:50:08,500.0,023d4349292c0522,2026,10
2eda481d6cb72425,2026-09-11,16:45:35,1193.4,d1be6d99604081e1,2026,10
183b39b3c97dddd3,2026-09-11,16:54:04,500.0,54659fa514a8165c,2026,10
19252ee5e92575d1,2026-09-11,16:55:58,400.0,e7f3bc23f2f8ea7c,2026,10
dbc2316029abbcf3,2026-09-11,18:51:22,400.0,d50489c686a42fda,2026,10
63feb2746c257155,2026-09-11,19:30:32,400.0,1933054b92df99da,2026,10
18f139cf03fdf705,2026-09-11,19:32:39,596.7,1933054b92df99da,2026,10
dca12d54e4e8fb01,2026-09-11,19:33:25,500.0,bef0a9a578c23b50,2026,10
3685755d2e530296,2026-09-11,20:13:46,200.0,36cd9c834179b144,2026,10
f73a077574452270,2026-09-11,20:44:43,994.5,bef0a9a578c23b50,2026,10
454eb4fdbbff10b2,2026-09-12,10:37:46,994.5,f09a992075d3da1d,2026,10
b98f7e6a4e988e0b,2026-09-12,11:00:48,300.0,32c927ebc2111a12,2026,10
a70cda80767f31ef,2026-09-12,13:03:22,400.0,d11836664c5bed90,2026,10
72d9570cbef894b6,2026-09-12,14:15:51,400.0,bef0a9a578c23b50,2026,10
d5451ad7ed92caec,2026-09-12,14:42:25,400.0,ed38253efb7b3222,2026,10
89c37c5badcb3969,2026-09-12,14:53:56,500.0,9ee731c9100b0aa8,2026,10
c36191fe7a8e819a,2026-09-12,16:17:26,1193.4,049ec8eb0a1aa611,2026,10
983bc35117b54531,2026-09-12,17:22:02,200.0,bef0a9a578c23b50,2026,10
6da42f7cdb3e6be7,2026-09-12,17:53:57,400.0,3ab0107c91cf9f53,2026,9
b60fa4c431b1fa89,2026-09-12,18:39:44,500.0,8a5cb15b465e2fec,2026,9
8202d070f6d55e25,2026-09-12,19:29:43,400.0,d11836664c5bed90,2026,9
83235d564fbbe239,2026-09-13,13:05:50,400.0,56ae2849ccf76990,2026,9
bcd49f922d36d382,2026-09-13,14:14:04,400.0,f19707e7feaab25f,2026,9
267de02db8c14940,2026-09-13,14:47:11,696.15,766f6a67317295a2,2026,9
b655339f020a2e12,2026-09-13,15:51:31,400.0,1473794f0edc60f3,2026,9
0cdb057333ea44db,2026-09-13,16:07:42,400.0,38ba69e8511fd6bd,2026,9
01de27bc326ebc0a,2026-09-13,16:28:53,400.0,609ed41d5295215a,2026,9
be0558958e194e63,2026-09-13,17:16:36,500.0,18c2b1327a54a21f,2026,9
aeff00236edb3917,2026-09-13,17:47:29,400.0,8ab9426d9dacec4f,2026,9
35f7e83e4baf7fa8,2026-09-13,18:14:25,300.0,d87164cf11ac2fcd,2026,9
5804a1aec1907f63,2026-09-13,18:33:25,500.0,e3f67a6611415e2b,2026,9
f2e8269178780943,2026-09-13,18:49:31,1193.4,7c41bcf5ecec2dc9,2026,9
0506b131a877bfa2,2026-09-13,19:47:50,400.0,fbe3b776b5cf3c68,2026,9
7b988d704ceab09d,2026-09-13,20:48:19,1491.75,bef0a9a578c23b50,2026,9
ae11c01ab28e5178,2026-09-14,12:37:44,400.0,440d211bb7942184,2026,9
c04a5d7030ed6c97,2026-09-14,13:10:14,400.0,ab5ebb9c0c28f2ac,2026,9
1f69c8e058135e52,2026-09-14,13:56:00,500.0,e4151b99502b7125,2026,9
845f89af23ca91b5,2026-09-14,14:49:36,400.0,e84ee76cabfd7007,2026,9
426e186ac0c8bace,2026-09-14,16:57:34,500.0,77c6cadaaa796875,2026,9
68cdd804ab891754,2026-09-14,18:34:16,994.5,a5b8ba94ec26a594,2026,9
ae2e01f5f467ce80,2026-09-14,18:44:23,1292.85,bef0a9a578c23b50,2026,8
eebb43c894eb6f18,2026-09-14,18:59:55,500.0,34eed541c79fbe30,2026,8
f1d4aba5f160ead2,2026-09-15,13:29:54,400.0,19e7861497d8fb05,2026,8
44f6c9b9576a08a0,2026-09-15,13:31:37,3480.75,bef0a9a578c23b50,2026,8
e0b833948225e16a,2026-09-15,15:12:01,500.0,3842640c09bc70f2,2026,8
7d9a94754016e2c0,2026-09-15,16:53:08,500.0,4dfa08de676aaa8b,2026,8
e05e38d5c0bb958c,2026-09-15,16:59:31,200.0,5f7c997c5c69e69f,2026,8
0a90bff034ffe5e4,2026-09-15,17:06:53,1193.4,7715b91f954cece7,2026,8
e4f1757cf54dc7be,2026-09-15,17:25:34,500.0,4886a61435e533d8,2026,8
745ad8f3f5a3fc15,2026-09-15,17:52:46,400.0,1bbb9cb036cffaba,2026,8
391cead52a57a4ee,2026-09-15,18:09:59,400.0,96e1904d49006a7c,2026,8
672d1196ed59475b,2026-09-15,18:53:37,500.0,6420936eafb5158c,2026,8
4995d135606a01bf,2026-09-15,20:12:57,400.0,7a37da6e19383faf,2026,8
0b102555e98eab5d,2026-09-16,12:00:17,200.0,d6ae6eb08b38b89a,2026,8
ef013f00da58024d,2026-09-16,12:57:25,400.0,bef0a9a578c23b50,2026,8
7933568c8414398b,2026-09-16,16:44:06,400.0,af14c71d7b44ac63,2026,8
3f29a6eac2ad526a,2026-09-16,17:42:53,1193.4,26fffb43361eca9e,2026,8
1beb3bfae036418a,2026-09-16,17:54:39,300.0,16b039442dd95f1a,2026,8
8f7af0b4ae3f489a,2026-09-16,17:57:11,400.0,37133e6d69f4d4a5,2026,8
66f1abe235519abf,2026-09-16,18:59:07,1093.95,bec8e969c646d3bc,2026,8
07a4e1964eee6876,2026-09-17,12:02:46,994.5,036ed3ea3e76f71e,2026,8
05428d09dae99e92,2026-09-17,15:30:06,500.0,ba01c4cdd79dfbf0,2026,8
c30789ae34f94890,2026-09-17,17:24:06,994.5,036ed3ea3e76f71e,2026,8
a977ab887ef782a2,2026-09-17,18:01:58,596.7,cf8456576f45f97f,2026,8
fde6e9d34110263e,2026-09-17,19:17:22,500.0,a6b73b96e062ba2f,2026,7
17657fa1abaa9d9e,2026-09-18,10:47:58,200.0,89e64150c114ef80,2026,7
a726e5621520d7ce,2026-09-18,14:27:07,500.0,8e7de0424b6e48b5,2026,7
32718983a5e56a5d,2026-09-18,14:42:16,2486.25,bec2a737b24cad9f,2026,7
403f246af4a266ec,2026-09-18,15:17:25,400.0,3d1610cf08e87a83,2026,7
761f56bb9d45d4d9,2026-09-18,15:19:36,300.0,f6c175d12417307f,2026,7
73e5265f1ada8d11,2026-09-18,16:56:47,400.0,9e1bc5b86b53865f,2026,7
772216091daf2a97,2026-09-18,17:13:00,500.0,183c6f1c964f801c,2026,7
8ce8d0da84083304,2026-09-18,17:25:43,500.0,fcbcbc0bf3c1bf7a,2026,7
48a508ea864229fd,2026-09-18,19:06:28,500.0,c068bec9abc20647,2026,7
71c76860caa51fe1,2026-09-18,20:21:24,500.0,36cd9c834179b144,2026,7
001890318d0cdef7,2026-09-19,11:58:50,1193.4,87c8c95bb09d27d5,2026,7
3e2f72fea07a8d32,2026-09-19,12:51:25,1193.4,c91af62bf7ba3ac7,2026,7
d46337e2d0a843a0,2026-09-19,13:36:30,300.0,d2528844d667bd22,2026,7
f54e9b8d32199f18,2026-09-19,14:01:33,400.0,7e66cbb9145ed424,2026,7
18b9b6403bd2514d,2026-09-19,15:16:08,596.7,26fffb43361eca9e,2026,7
3485d57917181bd4,2026-09-19,15:17:30,596.7,d11836664c5bed90,2026,7
8cad3c8d9c9e1985,2026-09-19,17:01:10,500.0,7a85ffef480ff0f3,2026,7
f082337be410925d,2026-09-19,17:17:08,300.0,d3c8e7fc26e37e75,2026,7
8eaff00771176d51,2026-09-19,17:17:53,500.0,049ec8eb0a1aa611,2026,7
6e251b3b67eae9ba,2026-09-19,18:17:21,400.0,56ae2849ccf76990,2026,7
f6842e456429e15b,2026-09-19,19:46:06,500.0,e677c9a6ff2d3353,2026,7
d3fe44c7e449323d,2026-09-19,19:54:12,500.0,989df0fc71d02ea2,2026,7
186f92cc685cca54,2026-09-19,20:12:23,300.0,d11836664c5bed90,2026,7
a8ffe005c85afb68,2026-09-19,20:32:56,200.0,5340895b631bfcad,2026,7
1b07b5f0ad7d5453,2026-09-19,20:38:54,500.0,cdebbeed515d5be4,2026,7
08aead57f24f9e9c,2026-09-19,20:48:41,400.0,5fca944182bd39bd,2026,6
c780cc326591c53d,2026-09-19,20:55:03,1491.75,bef0a9a578c23b50,2026,6
fad7398c49257952,2026-09-20,12:19:13,400.0,8ab9426d9dacec4f,2026,6
19d0e1025944f775,2026-09-20,14:27:53,300.0,87c8c95bb09d27d5,2026,6
86f1fcbba718c604,2026-09-20,15:03:38,500.0,c010ed98f244f923,2026,6
a03f10e28a2ad426,2026-09-20,15:12:07,400.0,38ba69e8511fd6bd,2026,6
ab20c66c75a12d32,2026-09-21,16:12:05,400.0,e84ee76cabfd7007,2026,6
0103f52838f2f0b5,2026-09-21,16:49:15,400.0,5790677a11e661b1,2026,6
bcfbde687fc3bf25,2026-09-21,16:49:39,596.7,d11836664c5bed90,2026,6
39498a222cf006bd,2026-09-21,16:56:55,300.0,54b35986072e5df3,2026,6
55e8f124970544f1,2026-09-21,19:03:21,400.0,f516803f65250ff4,2026,6
d598ce36198e65b6,2026-09-21,19:38:48,500.0,96c3da0138e91c6f,2026,6
3769042a50b75116,2026-09-21,20:41:05,1193.4,58386ba93ab8c0f7,2026,6
c3c6764761118556,2026-09-21,20:50:46,1193.4,60e9c46a67fce230,2026,6
c9c8287643ef76f8,2026-09-21,09:58:09,400.0,c21dafceeaae3481,2026,6
5267fd3de8b5d220,2026-09-21,13:10:20,500.0,9bde4f9dad754c94,2026,6
73059c4f68baaebe,2026-09-21,14:23:27,500.0,6837d2b1c4e4f46d,2026,6
4500e8411b718048,2026-09-21,14:31:34,200.0,d11836664c5bed90,2026,6
a7588a52dc61f922,2026-09-21,16:05:32,300.0,cf7733ce50747cdc,2026,6
282dd80ec007d966,2026-09-21,18:08:05,500.0,20afc4b1d2567c95,2026,6
846b396164c0d6cb,2026-09-21,18:47:15,400.0,186ce96da4727481,2026,6
5a827bbd44ddfc11,2026-09-21,18:59:27,400.0,35fc95cfdc08a809,2026,6
6b1c36b298d29d35,2026-09-21,19:33:22,400.0,1473794f0edc60f3,2026,6
fb1ab531b3914a4b,2026-09-21,19:44:06,400.0,3a41a1f4ea8a856d,2026,6
2edcb418d3bad753,2026-09-21,20:07:18,400.0,ed38253efb7b3222,2026,6
3f28f658729313e6,2026-09-21,20:18:49,300.0,bef0a9a578c23b50,2026,6
ffc9f2f6279a3c53,2026-09-22,10:57:04,994.5,f09a992075d3da1d,2026,6
29b7bce89b7aa502,2026-09-22,12:41:15,500.0,7f7341e2036f51a4,2026,5
e69ee4e537acd533,2026-09-22,13:16:52,1491.75,fec13332153e8eb5,2026,5
b659edb730f274a3,2026-09-22,13:28:25,500.0,e76d852276322b4d,2026,5
1a9f9a66d309ab48,2026-09-22,14:19:39,500.0,bef0a9a578c23b50,2026,5
49e96db5aa85a1a7,2026-09-22,14:46:22,300.0,5b09ccaff4d1a03e,2026,5
4c89ba4e5cf42b31,2026-09-22,16:08:59,1193.4,13aaa45488235a28,2026,5
bc68d8674bf35dff,2026-09-22,18:48:28,400.0,79fe3ceb26ef5bb5,2026,5
ba18f56f720147e7,2026-09-22,18:50:07,696.15,bef0a9a578c23b50,2026,5
89296c30d90837de,2026-09-22,19:10:54,500.0,9e2357afe5817636,2026,5
65139cef4b97d41d,2026-09-22,19:28:41,200.0,d6ae6eb08b38b89a,2026,5
9e166601aae553f8,2026-09-22,20:15:51,400.0,83f04bd4f724f261,2026,5
8280e2d468bbfc20,2026-09-23,11:34:50,400.0,440d211bb7942184,2026,5
0b56d0c98090b4d5,2026-09-23,12:39:26,994.5,22613ee5a5bff74c,2026,5
6bba5911571acbc9,2026-09-23,15:04:25,994.5,aa10ebf07b5d0a61,2026,5
452f5fbe5720a6f3,2026-09-23,15:22:35,400.0,0014d9cbaa2c997c,2026,5
edb9276bfd9ccd7f,2026-09-23,17:57:38,200.0,56ae2849ccf76990,2026,5
a34240c91ad58a5e,2026-09-23,19:27:35,400.0,bb600ae706f812a1,2026,5
8e4d151867a28347,2026-09-23,19:48:41,300.0,85338419722fbecd,2026,5
87c5d905220b73da,2026-09-23,19:57:45,400.0,eb854172e4893282,2026,5
6cea6931cd0dfafe,2026-09-24,12:37:58,500.0,fb50e2ce915128ff,2026,5
c12d7c2cf303b122,2026-09-24,13:00:09,400.0,33f70783d88147f1,2026,4
e26f28072738cbc5,2026-09-24,13:28:28,1690.65,bec2a737b24cad9f,2026,4
a6d75a3b114c1922,2026-09-24,13:33:54,500.0,7715b91f954cece7,2026,4
1104465fa7c15aba,2026-09-24,15:03:35,400.0,1933054b92df99da,2026,4
b9ccb599b43509b1,2026-09-24,17:05:18,2486.25,775d95db22bd3e3c,2026,4
2e608f170c73d354,2026-09-24,17:21:14,500.0,ff3f4c85d9ab9a1c,2026,4
c032700417069869,2026-09-24,17:37:07,400.0,d11836664c5bed90,2026,4
666e7d2ee71b9596,2026-09-24,18:18:35,500.0,5d56a4e946e8a214,2026,4
7d5fb9290e492128,2026-09-24,18:51:57,400.0,eb2f97ed71155f76,2026,4
d1121fbc08dd810b,2026-09-25,10:30:22,500.0,18492e2f66c9327f,2026,4
38ff1f99e185c4ef,2026-09-25,11:54:48,500.0,183c6f1c964f801c,2026,4
61b1bb6d09b24784,2026-09-25,13:06:01,300.0,8e5a2094014b197a,2026,4
6f26ac2af27035cf,2026-09-25,13:19:24,400.0,b7b3a6ae2c34ab9c,2026,4
34403b11a770e188,2026-09-25,14:01:53,994.5,bef0a9a578c23b50,2026,4
66f61af1883021c3,2026-09-25,14:15:41,500.0,8a5cb15b465e2fec,2026,4
21daafc7813734ec,2026-09-25,15:29:52,300.0,a00951420a0ff3c8,2026,4
b4d49ffb89ff9365,2026-09-25,15:43:22,400.0,5583d4754815a72c,2026,4
ce33b4813eb47ee1,2026-09-25,16:47:10,400.0,7e66cbb9145ed424,2026,4
a5f643ad3fcb211b,2026-09-25,17:01:37,795.6,025caacf498a0410,2026,4
ddd8cb92521e3ab4,2026-09-25,17:42:30,200.0,3cd6178d79301f52,2026,4
aaeb95cd47ff4619,2026-09-25,17:46:02,200.0,fbe3b776b5cf3c68,2026,4
ddd33fedd8eb3009,2026-09-25,17:54:43,400.0,fa92cb3a4725e12b,2026,4
32afcda968f80de6,2026-09-25,18:30:13,300.0,662af8588191926e,2026,4
1777f043e9ac5b58,2026-09-25,19:38:55,1292.85,ab1ecc4fb8f6a7dc,2026,4
d7d020f80491cbd9,2026-09-25,20:31:41,1093.95,bef0a9a578c23b50,2026,4
8d318b1053fc731c,2026-09-26,11:07:08,500.0,c91017b052718d75,2026,4
e9baea7edd65ce79,2026-09-26,14:49:32,1193.4,049ec8eb0a1aa611,2026,3
7fcfc9f89a527bd1,2026-09-26,15:35:57,1193.4,26fffb43361eca9e,2026,3
944a44f8f94a2046,2026-09-26,16:16:01,500.0,036ed3ea3e76f71e,2026,3
6dff06003b82c0d2,2026-09-26,16:58:50,400.0,e2451e43ca3ebbbb,2026,3
61c916616175ec40,2026-09-26,17:27:59,400.0,56ae2849ccf76990,2026,3
4ae109424f69320b,2026-09-26,17:31:36,500.0,4f9e57d858a218b6,2026,3
857373c9685c9e09,2026-09-26,18:46:55,1193.4,23432103b1d1c449,2026,3
c5b63424ae77dcde,2026-09-26,19:11:03,596.7,bef0a9a578c23b50,2026,3
71547f471167139c,2026-09-26,19:57:57,696.15,399bd88ce2adcb19,2026,3
a268312bcfbfa534,2026-09-26,19:58:29,200.0,5340895b631bfcad,2026,3
c81d70e7d97480de,2026-09-26,20:01:10,400.0,ab6cc6c89a759257,2026,3
fabaa89ff7260192,2026-09-27,14:34:10,300.0,6ec554cf3dcba8fd,2026,3
f6f7c9778e469599,2026-09-27,14:37:18,994.5,18c2b1327a54a21f,2026,3
f900ec01dffee052,2026-09-27,15:38:59,696.15,766f6a67317295a2,2026,3
1e62049da148bc3d,2026-09-27,15:41:43,1491.75,bef0a9a578c23b50,2026,3
121511cb9834c0c1,2026-09-27,15:44:09,500.0,0ac6f3784ed82357,2026,3
2884cc012f92d63c,2026-09-27,15:54:45,500.0,6d1ebe2e8c45c722,2026,3
cfa276686245d762,2026-09-27,16:10:42,400.0,38ba69e8511fd6bd,2026,3
16d111d101d4ab29,2026-09-27,17:10:51,400.0,42daeeb2a2eb6cfc,2026,3
bfacde5826642d7d,2026-09-27,17:43:32,300.0,a7463121d997d5d5,2026,3
75d70b6fc11daa32,2026-09-27,18:02:43,1193.4,8e13affb8000f65d,2026,3
7443878e0abee1ae,2026-09-27,18:30:02,500.0,3797511c1df3c638,2026,3
4415938421f5ce96,2026-09-27,18:39:33,500.0,03dbccbc57561932,2026,3
87ce9243bffbea4c,2026-09-27,18:53:26,400.0,4ecd6043f0f0cc2b,2026,3
ba2e9bb692059613,2026-09-27,19:33:32,596.7,d29676defcef93e9,2026,2
df0078ced847d2e8,2026-09-27,19:34:20,400.0,b272d3cfac53fd43,2026,2
6346f968e6795dea,2026-09-27,20:37:55,500.0,c69bfeb5f3d7b7b8,2026,2
3028340ab1c074df,2026-09-27,20:39:52,696.15,9e1bc5b86b53865f,2026,2
16c88ac6935d2773,2026-09-27,20:45:34,895.05,bef0a9a578c23b50,2026,2
325721a1b40ff609,2026-09-28,13:04:22,500.0,b9dbadbc6d9e0daa,2026,2
3c2d44379815adb5,2026-09-28,13:21:45,500.0,2c0c6d4f927808a2,2026,2
fe43dd7eb3efc1ad,2026-09-28,15:40:48,500.0,f837ffe210a836b8,2026,2
747e761962414534,2026-09-28,17:22:57,500.0,eeea7e4d5586968c,2026,2
2fddc3705ae82c3b,2026-09-28,18:39:43,200.0,d3c8e7fc26e37e75,2026,2
757799c2070d8023,2026-09-28,19:18:04,400.0,58fbd71919bbafba,2026,2
18622daf66df12e9,2026-09-28,19:37:24,1989.0,edc766c92dfe0546,2026,2
13490a116049da92,2026-09-28,20:28:15,500.0,dd3d09ddbb7cccb2,2026,2
63f958c5a21eea3b,2026-09-28,20:37:29,1790.1,bef0a9a578c23b50,2026,2
4f2386cc4fc0e08e,2026-09-29,10:24:07,400.0,440d211bb7942184,2026,2
4862b84e570f8d14,2026-09-29,11:39:51,400.0,d6ae6eb08b38b89a,2026,2
68384390c4bafd7f,2026-09-29,11:58:54,500.0,089d700fe2b4fadb,2026,2
fe8ecfa9f68d4e16,2026-09-29,15:54:11,500.0,7927a53d07e191f4,2026,1
73096fafd236a3aa,2026-09-29,17:15:22,500.0,7f7341e2036f51a4,2026,1
f77e77a4656baaa0,2026-09-29,18:01:38,400.0,9bcee00f26044b45,2026,1
4f4a00118a63a29a,2026-09-29,18:29:52,400.0,497bb44d302ff79c,2026,1
a8fc4ebda7f82d3d,2026-09-29,20:04:23,500.0,49ae780a66573449,2026,1
fd585e626365738c,2026-09-29,20:31:18,300.0,bef0a9a578c23b50,2026,1
fe7972d6144d3067,2026-09-30,13:11:54,400.0,5985a5dfd6ada7e7,2026,1
4e4f4567145cafe0,2026-09-30,13:26:49,400.0,04679a7c334756b6,2026,1
5365b41e41053c74,2026-09-30,15:39:41,795.6,03cea97d1d35afbf,2026,1
78277f3eb59e6e78,2026-09-30,18:45:45,795.6,16b039442dd95f1a,2026,1
017b9626ed688513,2026-09-30,19:50:23,400.0,ef948e13078d5ea5,2026,1
eeac07d1f43ae7df,2026-09-30,20:58:49,1292.85,bef0a9a578c23b50,2026,1
