business_id,as_of_date,revenue_7d,tx_count_7d,active_days_7d,avg_daily_revenue_7d,revenue_14d,tx_count_14d,active_days_14d,avg_daily_revenue_14d,revenue_30d,tx_count_30d,active_days_30d,avg_daily_revenue_30d,revenue_60d,tx_count_60d,active_days_60d,avg_daily_revenue_60d,revenue_90d,tx_count_90d,active_days_90d,avg_daily_revenue_90d,median_daily_revenue_30d,std_daily_revenue_30d,cv_daily_revenue_30d,revenue_trend_30_vs_90,avg_transaction_30d,weekend_revenue_share_30d,unique_customers_30d,repeat_customer_rate_30d,repeat_customers_30d,day_of_week,month_num,quarter,days_in_month,day_of_month,cpi,headline_inflation_yoy_pct,target_next_30d_revenue_kes,target_next_30d_tx_count
BELGARD_BARBERS_001,2024-03-31,25767.449999999997,53.0,7,3681.0642857142852,47017.08,97.0,14,3358.362857142857,111557.79000000001,244.0,30,3718.5930000000003,231753.36,495.0,60,3862.5559999999996,355429.22,735.0,90,3949.213555555555,3631.025,1658.314285196768,0.44595208058444896,-0.058396577523929905,457.2040573770492,0.44152237149911266,165,0.2787878787878788,46,6,3,1,31,31,138.66,5.7,96895.64,201.0
BELGARD_BARBERS_001,2024-04-01,27660.850000000002,56.0,7,3951.55,50301.68,104.0,14,3592.977142857143,110665.49,241.0,30,3688.849666666667,233896.49,496.0,60,3898.2748333333334,359014.37,742.0,90,3989.0485555555556,3631.025,1573.573607600406,0.42657569426577496,-0.0752557620465163,459.19290456431537,0.36598093949613375,162,0.2962962962962963,48,0,4,2,30,1,138.4,5.0,92514.89,194.0
BELGARD_BARBERS_001,2024-04-02,25272.95,54.0,7,3610.421428571429,48162.409999999996,101.0,14,3440.1721428571427,106086.39000000001,229.0,30,3536.2130000000006,229221.24,486.0,60,3820.354,353644.07,735.0,90,3929.3785555555555,3432.675,1660.8934607918113,0.46968139667825753,-0.1000579480945345,463.259344978166,0.33486444396873144,156,0.2692307692307692,42,1,4,2,30,2,138.4,5.0,94897.81000000001,200.0
BELGARD_BARBERS_001,2024-04-03,26763.6,56.0,7,3823.371428571428,50151.41,106.0,14,3582.2435714285716,107278.69000000003,230.0,30,3575.9563333333344,226536.09,480.0,60,3775.6014999999998,356129.22,738.0,90,3956.991333333333,3631.025,1654.331528512314,0.46262632266827086,-0.09629412043190355,466.42908695652187,0.33114274605702204,159,0.2578616352201258,41,2,4,2,30,3,138.4,5.0,97483.51000000001,206.0
BELGARD_BARBERS_001,2024-04-04,25470.2,53.0,7,3638.6,52738.76000000001,112.0,14,3767.0542857142864,108570.99,231.0,30,3619.0330000000004,228227.28999999995,484.0,60,3803.788166666666,356427.0200000001,737.0,90,3960.300222222223,3829.375,1647.4431054559468,0.4552163811316301,-0.08617205844831866,470.00428571428574,0.3272012164575454,161,0.22981366459627328,37,3,4,2,30,4,138.4,5.0,99968.11000000002,208.0
BELGARD_BARBERS_001,2024-04-05,28853.699999999997,60.0,7,4121.957142857143,53534.36000000001,113.0,14,3823.8828571428576,108870.44000000002,233.0,30,3629.0146666666674,229917.94,487.0,60,3831.9656666666665,354438.57000000007,737.0,90,3938.206333333334,3829.375,1649.8972532165617,0.4546405580476835,-0.07851078397026601,467.2551072961374,0.32630124393728904,161,0.22981366459627328,37,4,4,2,30,5,138.4,5.0,98575.81000000001,207.0
BELGARD_BARBERS_001,2024-04-06,29348.750000000004,59.0,7,4192.678571428572,54720.600000000006,113.0,14,3908.6142857142863,110362.19000000002,233.0,30,3678.7396666666673,233298.13999999996,492.0,60,3888.3023333333326,351551.22,733.0,90,3906.124666666666,3829.375,1684.8061990022936,0.4579846229045364,-0.05821242776514868,473.6574678111589,0.3723635785045584,158,0.24050632911392406,38,5,4,2,30,6,138.4,5.0,95890.66,202.0
BELGARD_BARBERS_001,2024-04-07,30640.5,60.0,7,4377.214285714285,56407.950000000004,113.0,14,4029.139285714286,112350.09000000001,236.0,30,3745.003,235882.74000000002,495.0,60,3931.3790000000004,350057.26999999996,727.0,90,3889.5252222222216,3929.1000000000004,1687.4698246075395,0.4505923825982354,-0.037156777232479454,476.05970338983053,0.40826366939269915,160,0.23125,37,6,4,2,30,7,138.4,5.0,94799.29,202.0
BELGARD_BARBERS_001,2024-04-08,24969.1,50.0,7,3567.0142857142855,52629.95,106.0,14,3759.282142857143,109467.69000000002,231.0,30,3648.9230000000007,233995.38999999998,490.0,60,3899.9231666666665,347842.30999999994,723.0,90,3864.9145555555547,3829.375,1691.204367023986,0.46348042066768347,-0.05588520844402123,473.886103896104,0.3726758096384421,159,0.2138364779874214,34,0,4,2,30,8,138.4,5.0,97084.44,202.0
BELGARD_BARBERS_001,2024-04-09,26163.600000000002,54.0,7,3737.6571428571433,51436.55,108.0,14,3674.039285714286,105089.69000000002,224.0,30,3502.9896666666673,232203.09,487.0,60,3870.0515,345058.81,721.0,90,3833.9867777777777,3631.025,1673.3915380238684,0.4777038179550824,-0.0863323559250666,469.15040178571434,0.33138988229958616,154,0.22727272727272727,35,1,4,2,30,9,138.4,5.0,98080.03999999998,203.0
BELGARD_BARBERS_001,2024-04-10,25569.1,55.0,7,3652.7285714285713,52332.700000000004,111.0,14,3738.05,106978.14000000003,227.0,30,3565.938000000001,228023.44,479.0,60,3800.3906666666667,347447.80999999994,727.0,90,3860.5312222222215,3631.025,1627.8323600858494,0.4564948577585614,-0.07630898580134915,471.2693392070486,0.3255399654546246,157,0.22929936305732485,36,2,4,2,30,10,138.4,5.0,99771.79,205.0
BELGARD_BARBERS_001,2024-04-11,23181.75,50.0,7,3311.6785714285716,48651.95000000001,103.0,14,3475.1392857142864,104022.28000000003,220.0,30,3467.4093333333344,221359.18999999997,469.0,60,3689.319833333333,345161.55999999994,723.0,90,3835.1284444444436,3432.675,1654.6338540533843,0.47719599706525867,-0.09588182415214441,472.8285454545456,0.3347903929811959,151,0.2251655629139073,34,3,4,2,30,11,138.4,5.0,105542.09,214.0
BELGARD_BARBERS_001,2024-04-12,20991.65,46.0,7,2998.807142857143,49845.350000000006,106.0,14,3560.382142857143,103624.48000000003,219.0,30,3454.149333333334,222352.58999999997,471.0,60,3705.8764999999994,341381.36,718.0,90,3793.126222222222,3432.675,1664.8032769368144,0.4819720041838031,-0.0893660977857722,473.17114155251153,0.33607560684502347,147,0.24489795918367346,36,4,4,2,30,12,138.4,5.0,108730.26,225.0
BELGARD_BARBERS_001,2024-04-13,23876.8,50.0,7,3410.9714285714285,53225.55000000002,109.0,14,3801.825000000001,107204.68000000002,224.0,30,3573.489333333334,228819.03999999998,483.0,60,3813.6506666666664,345659.91,729.0,90,3840.6656666666663,3432.675,1877.17268529551,0.5253052437530273,-0.06956511097859142,478.59232142857155,0.40372407249385,149,0.2550335570469799,38,5,4,2,30,13,138.4,5.0,106793.18,219.0
BELGARD_BARBERS_001,2024-04-14,24672.4,51.0,7,3524.628571428572,55312.90000000001,111.0,14,3950.9214285714293,110784.33,228.0,30,3692.811,229812.44000000003,485.0,60,3830.2073333333337,344762.66000000003,729.0,90,3830.696222222223,3631.025,1886.4445054287537,0.5108424193463337,-0.035994820320738974,485.8961842105263,0.4409496361082835,149,0.2684563758389262,40,6,4,2,30,14,138.4,5.0,101821.78,211.0
BELGARD_BARBERS_001,2024-04-15,24273.500000000004,52.0,7,3467.642857142858,49242.59999999999,102.0,14,3517.3285714285707,107901.37999999999,223.0,30,3596.7126666666663,228222.34000000003,482.0,60,3803.705666666667,341679.71,724.0,90,3796.4412222222227,3432.675,1907.3213121564552,0.5302957141483609,-0.05260941599370961,483.8626905829596,0.40941237266844965,144,0.2777777777777778,40,0,4,2,30,15,138.4,5.0,102915.73,211.0
BELGARD_BARBERS_001,2024-04-16,22681.2,47.0,6,3240.171428571429,48844.79999999999,101.0,13,3488.9142857142847,104121.18,213.0,29,3470.7059999999997,222653.14000000004,469.0,59,3710.8856666666675,338696.21,720.0,89,3763.2912222222226,3333.775,2012.979397459729,0.5799913324435227,-0.07774716463464426,488.8318309859155,0.3879706319117783,138,0.2753623188405797,38,1,4,2,30,16,138.4,5.0,106101.43,219.0
BELGARD_BARBERS_001,2024-04-17,20492.75,43.0,6,2927.535714285714,46061.85,98.0,13,3290.1321428571428,100639.87999999999,210.0,29,3354.662666666666,220395.24000000002,466.0,59,3673.2540000000004,336906.66,719.0,89,3743.407333333333,3185.15,2045.9395830700596,0.6098793787522581,-0.10384781351606409,479.23752380952374,0.4013911781293858,136,0.27941176470588236,38,2,4,2,30,17,138.4,5.0,107094.27999999998,218.0
BELGARD_BARBERS_001,2024-04-18,20392.2,43.0,6,2913.171428571429,43573.95,93.0,13,3112.4249999999997,99594.56,210.0,29,3319.8186666666666,218503.49000000002,462.0,59,3641.7248333333337,336009.41000000003,716.0,89,3733.437888888889,3185.15,2068.345764390363,0.6230297410994224,-0.11078776037849658,474.2598095238095,0.40560408118676367,137,0.25547445255474455,35,3,4,2,30,18,138.4,5.0,109283.27999999998,223.0
BELGARD_BARBERS_001,2024-04-19,22679.550000000003,47.0,6,3239.9357142857148,43671.2,93.0,13,3119.371428571428,101981.36000000002,217.0,29,3399.378666666667,217707.89,462.0,59,3628.4648333333334,338096.76,719.0,89,3756.630666666667,3333.775,2057.6768126291254,0.6053096799147781,-0.09509904797667978,469.9601843317973,0.3961112109114842,142,0.2605633802816901,37,4,4,2,30,19,138.4,5.0,107495.37999999999,221.0
BELGARD_BARBERS_001,2024-04-20,14621.9,33.0,6,2088.842857142857,38498.700000000004,83.0,13,2749.9071428571433,100986.86000000002,215.0,29,3366.2286666666673,214024.94,455.0,59,3567.0823333333333,332924.25999999995,709.0,89,3699.158444444444,3333.775,2097.372626247314,0.62306302807533,-0.09000149163055848,469.70632558139545,0.4039511675083274,140,0.2642857142857143,37,5,4,2,30,20,138.4,5.0,109885.47999999998,227.0
BELGARD_BARBERS_001,2024-04-21,13926.85,33.0,6,1989.55,38599.25,84.0,13,2757.089285714286,102477.51000000001,217.0,29,3415.9170000000004,216111.74,458.0,59,3601.862333333333,334813.81,713.0,89,3720.1534444444446,3382.95,2114.7783062252647,0.6190953428392038,-0.08178061711373252,472.2465898617512,0.44563836494465964,139,0.2733812949640288,38,6,4,2,30,21,138.4,5.0,107598.12999999999,222.0
BELGARD_BARBERS_001,2024-04-22,13925.750000000002,31.0,6,1989.3928571428573,38199.25,83.0,13,2728.5178571428573,99883.55000000002,209.0,29,3329.4516666666673,212430.99,450.0,59,3540.5164999999997,332823.71,709.0,89,3698.0412222222226,3185.15,2126.4235307781987,0.6386707913700099,-0.09967156486537565,477.9117224880384,0.4133198109198161,135,0.2740740740740741,37,0,4,2,30,22,138.4,5.0,105808.02999999998,219.0
BELGARD_BARBERS_001,2024-04-23,15914.750000000002,34.0,7,2273.5357142857147,38595.95,81.0,13,2756.8535714285713,98786.3,203.0,29,3292.8766666666666,211534.84,447.0,59,3525.5806666666667,332325.36,707.0,89,3692.504,3034.875,2139.6872253413326,0.6497927016219859,-0.10822664872762044,486.6320197044335,0.386669001673309,132,0.26515151515151514,35,1,4,2,30,23,138.4,5.0,107600.32999999999,222.0
BELGARD_BARBERS_001,2024-04-24,17106.5,34.0,7,2443.785714285714,37599.24999999999,77.0,13,2685.6607142857138,95105.55000000002,196.0,29,3170.1850000000004,208250.79,442.0,59,3470.8465,332025.91000000003,704.0,89,3689.176777777778,2586.8,2087.6662353830257,0.6585313587008409,-0.14067956323047193,485.23239795918374,0.40163376374985477,130,0.25384615384615383,33,2,4,2,30,24,138.4,5.0,108793.72,225.0
BELGARD_BARBERS_001,2024-04-25,19246.87,39.0,7,2749.552857142857,39639.07,82.0,13,2831.3621428571428,95951.97000000002,202.0,29,3198.3990000000003,205913.71000000002,441.0,59,3431.895166666667,332375.07999999996,705.0,89,3693.056444444444,2835.9750000000004,2087.9989116046813,0.652826277023186,-0.13394256272160932,475.0097524752476,0.39809083648829724,131,0.26717557251908397,35,3,4,2,30,25,138.4,5.0,106754.99999999999,221.0
BELGARD_BARBERS_001,2024-04-26,19347.42,40.0,7,2763.9171428571426,42026.97,87.0,13,3001.9264285714285,97940.97,207.0,29,3264.699,208101.61,445.0,59,3468.3601666666664,331282.23000000004,705.0,89,3680.9136666666673,3382.95,2092.783385222258,0.6410340999958213,-0.11307373776130414,473.14478260869566,0.3900063477010694,136,0.27205882352941174,37,4,4,2,30,26,138.4,5.0,107152.79999999999,221.0
BELGARD_BARBERS_001,2024-04-27,24667.99,50.0,7,3523.9985714285717,39289.89,83.0,13,2806.4207142857144,98386.29000000001,206.0,29,3279.543,212527.13,453.0,59,3542.1188333333334,331927.55000000005,703.0,89,3688.0838888888893,3382.95,2108.496195797928,0.6429237841363653,-0.11077320939464053,477.60334951456315,0.4463626995183984,137,0.24817518248175183,34,5,4,2,30,27,138.4,5.0,105412.43,217.0
BELGARD_BARBERS_001,2024-04-28,24072.39,48.0,7,3438.912857142857,37999.240000000005,81.0,13,2714.2314285714288,101869.24,212.0,29,3395.6413333333335,214020.53,453.0,59,3567.0088333333333,331531.95,702.0,89,3683.6883333333335,3556.9849999999997,2063.947380624053,0.6078225519177486,-0.07819526896276519,480.51528301886793,0.47310179206205927,139,0.2589928057553957,36,6,4,2,30,28,138.4,5.0,104516.54999999999,216.0
BELGARD_BARBERS_001,2024-04-29,23277.889999999996,48.0,7,3325.4128571428564,37203.63999999999,79.0,13,2657.4028571428566,97789.59000000001,203.0,29,3259.6530000000002,210938.57999999996,449.0,59,3515.642999999999,330936.35,701.0,89,3677.070555555555,3382.95,2083.112191121976,0.6390594922594448,-0.11351904981123995,481.722118226601,0.44093926562121794,133,0.2631578947368421,35,0,4,2,30,29,138.4,5.0,104417.09999999999,216.0
BELGARD_BARBERS_001,2024-04-30,23876.789999999997,51.0,7,3410.97,39791.53999999999,85.0,14,2842.2528571428566,96895.64,201.0,29,3229.8546666666666,208453.43,445.0,59,3474.223833333333,328649.0,696.0,89,3651.6555555555556,2935.9750000000004,2086.1122883659823,0.6458842590954502,-0.11550949493228335,482.0678606965174,0.4090733081488496,132,0.2727272727272727,36,1,4,2,30,30,138.4,5.0,106704.44999999998,219.0
BELGARD_BARBERS_001,2024-05-01,25070.19,54.0,7,3581.4557142857143,42176.689999999995,88.0,14,3012.620714285714,92514.89,194.0,29,3083.8296666666665,203180.38,435.0,59,3386.3396666666667,326411.38,690.0,89,3626.793111111111,2935.9750000000004,1901.9905830988114,0.6167625286368966,-0.14970896541658574,476.8808762886598,0.42844368079559947,130,0.26153846153846155,34,2,5,2,31,1,139.64,5.0,111581.9,229.0
BELGARD_BARBERS_001,2024-05-02,24218.79,52.0,7,3459.827142857143,43465.66,91.0,14,3104.69,94897.81000000001,200.0,29,3163.2603333333336,200984.19999999998,429.0,59,3349.736666666666,324119.04999999993,686.0,89,3601.322777777777,3032.385,1836.7987416652984,0.5806663214879136,-0.12163931740513223,474.4890500000001,0.4176852974794676,131,0.2900763358778626,38,3,5,2,31,2,139.64,5.0,116062.12999999999,238.0
BELGARD_BARBERS_001,2024-05-03,26306.14,55.0,7,3758.02,45653.56,95.0,14,3260.968571428571,97483.51000000001,206.0,29,3249.4503333333337,204762.19999999998,436.0,59,3412.703333333333,324019.6,686.0,89,3600.2177777777774,3032.385,1926.8014991231512,0.592962286377404,-0.0974295073507897,473.22092233009715,0.4066064096378966,135,0.2962962962962963,40,4,5,2,31,3,139.64,5.0,115964.87999999999,238.0
BELGARD_BARBERS_001,2024-05-04,27052.02,55.0,7,3864.574285714286,51720.01,105.0,14,3694.2864285714286,99968.11000000002,208.0,29,3332.270333333334,208539.1,439.0,59,3475.6516666666666,328195.4,692.0,89,3646.6155555555556,3032.385,2008.0910610353033,0.6026194936671213,-0.08620190898470836,480.6159134615385,0.4611637651246982,136,0.2867647058823529,39,5,5,2,31,4,139.64,5.0,111689.63,233.0
BELGARD_BARBERS_001,2024-05-05,25560.27,55.0,7,3651.467142857143,49632.66,103.0,14,3545.19,98575.81000000001,207.0,29,3285.8603333333335,207446.25,440.0,59,3457.4375,328493.75,694.0,89,3649.9305555555557,2783.76,2004.0682959045805,0.6099067192766401,-0.09974716413934814,476.21164251207733,0.4959479409806523,136,0.3014705882352941,41,6,5,2,31,5,139.64,5.0,115170.38,237.0
BELGARD_BARBERS_001,2024-05-06,27449.82,58.0,7,3921.402857142857,50727.71000000001,106.0,14,3623.4078571428577,95890.66,202.0,29,3196.3553333333334,206252.84999999998,435.0,59,3437.5474999999997,329188.8,694.0,89,3657.653333333333,2783.76,1959.5089679929736,0.6130447849643459,-0.1261185678249077,474.7062376237624,0.45174545675251376,138,0.2826086956521739,39,0,5,2,31,6,139.64,5.0,114673.12999999999,236.0
BELGARD_BARBERS_001,2024-05-07,28544.15,61.0,7,4077.7357142857145,52420.94000000001,112.0,14,3744.352857142858,94799.29,202.0,29,3159.976333333333,207149.38,438.0,59,3452.489666666667,330682.03,697.0,89,3674.244777777778,2783.76,1939.9220978628384,0.6139039958620487,-0.13996575501849928,469.3034158415841,0.4065913362853246,142,0.2676056338028169,38,1,5,2,31,7,139.64,5.0,112981.0,231.0
BELGARD_BARBERS_001,2024-05-08,29538.65,58.0,7,4219.807142857143,54608.84000000001,112.0,14,3900.6314285714293,97084.44,202.0,29,3236.148,206552.12999999998,433.0,59,3442.5354999999995,331079.82999999996,692.0,89,3678.664777777777,2835.9750000000004,1945.2005329826536,0.6010851583372125,-0.12029277047774223,480.6160396039604,0.3970210880342927,141,0.2624113475177305,37,2,5,2,31,8,139.64,5.0,112783.20000000001,236.0
BELGARD_BARBERS_001,2024-05-09,29345.83,57.0,7,4192.261428571429,53564.62000000001,109.0,14,3826.0442857142866,98080.03999999998,203.0,29,3269.334666666666,203169.73,427.0,59,3386.162166666667,330283.13,690.0,89,3669.8125555555557,2835.9750000000004,1925.2627697931407,0.5888851910520655,-0.10912761423812367,483.1529064039408,0.39299096941640743,141,0.2695035460992908,38,3,5,2,31,9,139.64,5.0,115667.25,242.0
BELGARD_BARBERS_001,2024-05-10,27857.38,54.0,7,3979.6257142857144,54163.52000000001,109.0,14,3868.822857142858,99771.79,205.0,29,3325.726333333333,206749.93,432.0,59,3445.8321666666666,327795.23000000004,684.0,89,3642.1692222222227,2835.9750000000004,1949.4914616663211,0.5861851716801877,-0.08688308246584331,486.69165853658535,0.38632733761717625,138,0.2898550724637681,40,4,5,2,31,10,139.64,5.0,115666.15,244.0
BELGARD_BARBERS_001,2024-05-11,28755.730000000003,56.0,7,4107.961428571429,55807.75000000001,111.0,14,3986.267857142858,105542.09,214.0,29,3518.0696666666668,209564.37,434.0,59,3492.7395,326901.27999999997,683.0,89,3632.2364444444443,3182.95,2050.9933543244897,0.5829882715960494,-0.03143153798602438,493.1873364485981,0.43496551944347517,139,0.3237410071942446,45,5,5,2,31,11,139.64,5.0,112082.65,239.0
BELGARD_BARBERS_001,2024-05-12,31146.1,64.0,7,4449.442857142857,56706.37,119.0,14,4050.4550000000004,108730.26,225.0,29,3624.3419999999996,212354.74,444.0,59,3539.2456666666667,331082.85,696.0,89,3678.6983333333333,3556.435,2051.608781664445,0.566063793556029,-0.014775969217372675,483.24559999999997,0.4698263390522565,148,0.2972972972972973,44,6,5,2,31,12,139.64,5.0,109094.48000000001,228.0
BELGARD_BARBERS_001,2024-05-13,34779.32,67.0,7,4968.4742857142855,62229.14000000001,125.0,14,4444.938571428572,106793.18,219.0,29,3559.7726666666663,213997.86000000002,443.0,59,3566.6310000000003,335612.22000000003,702.0,89,3729.024666666667,3556.435,1925.1292197580456,0.5408011690703599,-0.04538773945716301,487.6400913242009,0.3991724003349278,143,0.2937062937062937,42,0,5,2,31,13,139.64,5.0,104962.91,225.0
BELGARD_BARBERS_001,2024-05-14,31694.89,60.0,7,4527.841428571429,60239.04000000001,121.0,14,4302.788571428572,101821.78,211.0,29,3394.059333333333,212606.11,439.0,59,3543.4351666666666,331634.22000000003,696.0,89,3684.824666666667,3182.95,1958.7013724045723,0.5770969744600534,-0.07890886531552754,482.5676777251185,0.36396623590748467,142,0.2887323943661972,41,1,5,2,31,14,139.64,5.0,107450.26,229.0
BELGARD_BARBERS_001,2024-05-15,30104.79,61.0,7,4300.684285714286,59643.44,119.0,14,4260.245714285715,102915.73,211.0,29,3430.5243333333333,210817.11,434.0,59,3513.6184999999996,331138.07,693.0,89,3679.311888888889,3182.95,1938.601487053117,0.565103552310162,-0.06761795766943979,487.75227488151654,0.3600974311701428,143,0.27972027972027974,40,2,5,2,31,15,139.64,5.0,110632.66,236.0
BELGARD_BARBERS_001,2024-05-16,30702.59,63.0,7,4386.084285714286,60048.420000000006,120.0,14,4289.1728571428575,106101.43,219.0,30,3536.714333333333,210222.61,432.0,59,3503.7101666666663,328754.57,688.0,89,3652.828555555556,3333.225,1832.1064746873262,0.5180250090938434,-0.03178748207211257,484.48141552511413,0.34928549030866035,148,0.27702702702702703,41,3,5,2,31,16,139.64,5.0,113217.26000000001,239.0
BELGARD_BARBERS_001,2024-05-17,27815.24,56.0,7,3973.6057142857144,55672.62,110.0,14,3976.6157142857146,107094.27999999998,218.0,30,3569.8093333333327,207734.16,428.0,59,3462.236,327489.52,684.0,89,3638.772444444445,3333.225,1796.329554561993,0.5032004196382832,-0.018952301130125027,491.2581651376146,0.34604733324692977,148,0.28378378378378377,42,4,5,2,31,17,139.64,5.0,113714.51000000001,242.0
BELGARD_BARBERS_001,2024-05-18,24133.39,52.0,7,3447.6271428571426,52889.12,108.0,14,3777.7942857142857,109283.27999999998,223.0,30,3642.7759999999994,208877.84,433.0,59,3481.2973333333334,327786.76999999996,685.0,89,3642.075222222222,3556.435,1754.406350337344,0.4816124709115642,0.0001924116705502854,490.05955156950665,0.3727966437317768,150,0.2866666666666667,43,5,5,2,31,18,139.64,5.0,114015.06,243.0
BELGARD_BARBERS_001,2024-05-19,21444.670000000002,43.0,7,3063.524285714286,52590.77,107.0,14,3756.4835714285714,107495.37999999999,221.0,30,3583.179333333333,209476.74000000005,438.0,59,3491.279000000001,325203.27,683.0,89,3613.369666666667,3333.225,1762.2215986606855,0.49180390784999845,-0.008355174288376732,486.40443438914025,0.4021464922492483,147,0.2857142857142857,42,6,5,2,31,19,139.64,5.0,114410.66,242.0
BELGARD_BARBERS_001,2024-05-20,17714.2,41.0,7,2530.6,52493.52,108.0,14,3749.5371428571425,109885.47999999998,227.0,30,3662.8493333333327,210872.34,442.0,59,3514.5389999999998,323910.42,682.0,89,3599.0046666666667,3333.225,1667.9144396259924,0.4553598272381372,0.017739534282348535,484.0770044052863,0.3897793411832028,152,0.28289473684210525,43,0,5,2,31,20,139.64,5.0,113413.96,240.0
BELGARD_BARBERS_001,2024-05-21,19703.2,44.0,7,2814.7428571428572,51398.090000000004,104.0,14,3671.292142857143,107598.12999999999,222.0,30,3586.604333333333,210075.63999999998,439.0,59,3501.2606666666666,323709.87000000005,680.0,89,3596.776333333334,3035.425,1663.0733717962923,0.4636902254145938,-0.0028280880036190004,484.67626126126123,0.3527657962085401,149,0.28859060402684567,43,1,5,2,31,21,139.64,5.0,117889.20999999999,251.0
BELGARD_BARBERS_001,2024-05-22,16818.05,39.0,6,2402.578571428571,46922.840000000004,100.0,13,3351.631428571429,105808.02999999998,219.0,29,3526.9343333333327,205691.58,428.0,58,3428.1929999999998,318239.01999999996,669.0,88,3535.9891111111106,3035.425,1755.979107283993,0.4978768928834588,-0.0025607482074322396,483.1416894977168,0.3587340204708471,149,0.2751677852348993,41,2,5,2,31,22,139.64,5.0,122019.68,261.0
BELGARD_BARBERS_001,2024-05-23,17413.649999999998,37.0,6,2487.6642857142856,48116.240000000005,100.0,13,3436.874285714286,107600.32999999999,222.0,29,3586.677666666666,206386.62999999998,425.0,58,3439.7771666666663,319135.17,669.0,88,3545.9463333333333,3333.225,1732.976828648099,0.4831704964050108,0.011486731468675071,484.6861711711711,0.3527585835470951,149,0.28187919463087246,42,3,5,2,31,23,139.64,5.0,125200.98000000001,264.0
BELGARD_BARBERS_001,2024-05-24,18805.940000000002,41.0,6,2686.5628571428574,46621.18000000001,97.0,13,3330.084285714286,108793.72,225.0,29,3626.4573333333333,203899.26999999996,421.0,58,3398.321166666666,317044.50999999995,667.0,88,3522.716777777777,3480.745,1716.3115335547006,0.47327498321264333,0.029449019634498752,483.52764444444443,0.3488890719059887,149,0.28187919463087246,42,4,5,2,31,24,139.64,5.0,125503.74000000002,266.0
BELGARD_BARBERS_001,2024-05-25,16718.59,37.0,6,2388.37,40851.98,89.0,13,2917.9985714285717,106754.99999999999,221.0,29,3558.4999999999995,202706.96999999997,423.0,58,3378.4494999999997,312668.71,662.0,88,3474.096777777778,3333.2200000000003,1754.674732313656,0.4930939250565284,0.024295011803387556,483.05429864253387,0.37047763570792946,148,0.24324324324324326,36,5,5,2,31,25,139.64,5.0,127096.04,270.0
BELGARD_BARBERS_001,2024-05-26,19004.84,40.0,6,2714.977142857143,40449.509999999995,83.0,13,2889.250714285714,107152.79999999999,221.0,29,3571.7599999999998,205093.77,428.0,58,3418.2295,315254.41000000003,666.0,88,3502.8267777777783,3333.2200000000003,1762.2957710384487,0.49339702864650725,0.019679312336978727,484.8542986425339,0.4136619855010789,149,0.22818791946308725,34,6,5,2,31,26,139.64,5.0,123017.49,262.0
BELGARD_BARBERS_001,2024-05-27,20194.94,40.0,6,2884.9914285714285,37909.14,81.0,13,2707.7957142857144,105412.43,217.0,29,3513.7476666666666,203798.72,423.0,58,3396.6453333333334,317939.56,670.0,88,3532.661777777778,3333.2200000000003,1718.7856668739191,0.4891602442540939,-0.005354067924104866,485.77156682027646,0.36624399987743383,147,0.23809523809523808,35,0,5,2,31,27,139.64,5.0,124610.89,267.0
BELGARD_BARBERS_001,2024-05-28,20990.809999999998,42.0,6,2998.6871428571426,40694.01,86.0,13,2906.715,104516.54999999999,216.0,29,3483.8849999999998,206385.79000000004,428.0,58,3439.763166666667,318537.08,669.0,88,3539.300888888889,3284.185,1713.011290479916,0.49169570478931307,-0.015657298045175905,483.87291666666664,0.32844673881791925,145,0.25517241379310346,37,1,5,2,31,28,139.64,5.0,123416.12,264.0
BELGARD_BARBERS_001,2024-05-29,21886.96,45.0,7,3126.7085714285713,38705.01,84.0,13,2764.6435714285717,104417.09999999999,216.0,29,3480.5699999999997,202206.69000000003,419.0,58,3370.1115000000004,315355.68,665.0,88,3503.9519999999998,3284.185,1717.9125991698957,0.4935722020157319,-0.006673036616939965,483.41249999999997,0.3287595614128337,148,0.25,37,2,5,2,31,29,139.64,5.0,125801.81999999999,268.0
BELGARD_BARBERS_001,2024-05-30,22980.910000000003,48.0,7,3282.987142857143,40394.560000000005,85.0,13,2885.3257142857146,106704.44999999998,219.0,29,3556.8149999999996,203600.09000000003,420.0,58,3393.334833333334,315157.88,664.0,88,3501.7542222222223,3431.705,1727.3349851177295,0.48564094143713676,0.015723769940323207,487.23493150684925,0.3217121685178078,149,0.26174496644295303,39,3,5,2,31,30,139.64,5.0,124956.48999999999,271.0
BELGARD_BARBERS_001,2024-05-31,27858.37,58.0,7,3979.7671428571425,46664.31000000001,99.0,13,3333.165000000001,111581.9,229.0,29,3719.3966666666665,204096.79000000004,423.0,58,3401.6131666666674,314762.27999999997,664.0,88,3497.3586666666665,3431.705,1930.1564065144796,0.5189434146168365,0.06348734035094683,487.25720524017464,0.30764953814193874,151,0.2781456953642384,42,4,5,2,31,31,139.64,5.0,118588.39,259.0
BELGARD_BARBERS_001,2024-06-01,33525.92,69.0,7,4789.417142857143,50244.509999999995,106.0,13,3588.8935714285712,116062.12999999999,238.0,29,3868.7376666666664,210959.94000000003,438.0,58,3515.9990000000007,317046.3300000001,667.0,88,3522.737000000001,3580.745,2022.8487891101886,0.5228704976662557,0.09821927287409338,487.6560084033613,0.3583345403018193,157,0.27388535031847133,43,5,6,2,30,1,140.23,4.6,115804.89,253.0
BELGARD_BARBERS_001,2024-06-02,35118.22,72.0,7,5016.888571428572,54123.06,112.0,13,3865.932857142857,115964.87999999999,238.0,29,3865.4959999999996,213448.39000000004,444.0,58,3557.4731666666676,320727.08,674.0,88,3563.6342222222224,3580.745,2018.7606088036623,0.522251377004054,0.08470616201163916,487.24739495798315,0.41353959923038763,159,0.25157232704402516,40,6,6,2,30,2,140.23,4.6,109437.89,240.0
BELGARD_BARBERS_001,2024-06-03,33329.22,71.0,7,4761.317142857143,53524.16,111.0,13,3823.154285714286,111689.63,233.0,29,3722.987666666667,211657.74000000005,441.0,58,3527.629000000001,320228.73,672.0,88,3558.0969999999998,3431.705,1980.8221323744733,0.5320517578152438,0.0463423753390273,479.35463519313305,0.37149214300378647,161,0.22981366459627328,37,0,6,2,30,3,140.23,4.6,108840.09000000001,238.0
BELGARD_BARBERS_001,2024-06-04,36214.1,76.0,7,5173.442857142857,57204.91,118.0,13,4086.065,115170.38,237.0,29,3839.012666666667,213746.19,444.0,58,3562.4365000000003,322616.63,677.0,88,3584.6292222222223,3580.745,2024.0568643641304,0.527233703066048,0.07096506463414487,485.950970464135,0.33606748540727227,166,0.22289156626506024,37,1,6,2,30,4,140.23,4.6,109237.89,241.0
BELGARD_BARBERS_001,2024-06-05,37705.850000000006,78.0,7,5386.550000000001,59592.810000000005,123.0,14,4256.629285714286,114673.12999999999,236.0,29,3822.4376666666662,210563.79,438.0,58,3509.3965000000003,320925.98000000004,671.0,88,3565.8442222222225,3580.745,2033.8126574747625,0.5320721578301986,0.07195868031625219,485.9030932203389,0.3375247540552875,168,0.20833333333333334,35,2,6,2,30,5,140.23,4.6,113315.34000000001,242.0
BELGARD_BARBERS_001,2024-06-06,34820.7,73.0,7,4974.385714285714,57801.61,121.0,14,4128.686428571428,112981.0,231.0,29,3766.0333333333333,207780.28999999998,433.0,58,3463.004833333333,320130.38,669.0,88,3557.0042222222223,3431.705,2060.211780711445,0.5470508618382148,0.05876549423394306,489.0952380952381,0.3425799028155177,164,0.21341463414634146,35,3,6,2,30,6,140.23,4.6,115306.54000000001,248.0
BELGARD_BARBERS_001,2024-06-07,30739.95,65.0,7,4391.421428571429,58598.32000000001,123.0,14,4185.594285714286,112783.20000000001,236.0,29,3759.4400000000005,209867.64,438.0,58,3497.7940000000003,319335.33,669.0,88,3548.1703333333335,3431.705,2058.24708596741,0.5474876806033371,0.05954327070543686,477.89491525423733,0.34318072195149635,166,0.22289156626506024,37,4,6,2,30,7,140.23,4.6,115208.19000000003,248.0
BELGARD_BARBERS_001,2024-06-08,28950.95,61.0,7,4135.85,62476.869999999995,130.0,14,4462.6335714285715,115667.25,242.0,29,3855.575,213747.29000000004,445.0,58,3562.454833333334,318836.98000000004,669.0,88,3542.6331111111117,3580.745,2068.6095038982908,0.5365242548512974,0.08833595776750847,477.9638429752066,0.38193153204558766,167,0.23952095808383234,40,5,6,2,30,8,140.23,4.6,110929.64000000001,239.0
BELGARD_BARBERS_001,2024-06-09,27558.65,60.0,7,3936.9500000000003,62676.869999999995,132.0,14,4476.919285714285,115666.15,244.0,29,3855.538333333333,215437.94000000003,449.0,58,3590.632333333334,322416.0800000001,676.0,88,3582.4008888888898,3580.745,2068.5896569338947,0.5365242096154912,0.07624424315313272,474.0415983606557,0.42494429009697304,167,0.23952095808383234,40,6,6,2,30,9,140.23,4.6,107546.14000000001,231.0
BELGARD_BARBERS_001,2024-06-10,29148.75,62.0,7,4164.107142857143,62477.969999999994,133.0,14,4462.712142857143,112082.65,239.0,29,3736.088333333333,217624.74000000002,453.0,58,3627.079,321647.01999999996,673.0,88,3573.8557777777773,3580.745,1963.4171510678068,0.5255274971820724,0.04539426480618425,468.96506276150626,0.37284155933143975,163,0.25153374233128833,41,0,6,2,30,10,140.23,4.6,105758.24,229.0
BELGARD_BARBERS_001,2024-06-11,25070.2,55.0,7,3581.457142857143,61284.29999999999,131.0,14,4377.449999999999,109094.48000000001,228.0,29,3636.4826666666672,217824.74000000002,453.0,58,3630.4123333333337,321449.22,672.0,88,3571.658,3431.705,1963.5795081889494,0.5399666898423134,0.01814974072732256,478.4845614035088,0.3355980980889225,153,0.26143790849673204,40,1,6,2,30,11,140.23,4.6,107448.89,231.0
BELGARD_BARBERS_001,2024-06-12,25069.1,56.0,7,3581.2999999999997,62774.94999999999,134.0,14,4483.924999999999,104962.91,225.0,29,3498.7636666666667,211756.09,444.0,58,3529.2681666666667,318960.76999999996,668.0,88,3544.008555555555,3284.185,1900.4979262103627,0.5431912833429531,-0.012766585683875675,466.50182222222224,0.3488079741691612,153,0.24836601307189543,38,2,6,2,30,12,140.23,4.6,106157.14,228.0
BELGARD_BARBERS_001,2024-06-13,26164.149999999998,58.0,7,3737.735714285714,60984.85,131.0,14,4356.060714285714,107450.26,229.0,29,3581.675333333333,209272.03999999998,440.0,58,3487.867333333333,320056.37000000005,668.0,88,3556.1818888888893,3284.185,1824.8838023441995,0.5095056454058463,0.007168768426636607,469.21510917030565,0.3407334705379028,157,0.24203821656050956,38,3,6,2,30,13,140.23,4.6,105659.88999999998,229.0
BELGARD_BARBERS_001,2024-06-14,27954.25,61.0,7,3993.464285714286,58694.200000000004,126.0,14,4192.442857142857,110632.66,236.0,29,3687.7553333333335,213548.38999999998,447.0,58,3559.139833333333,321449.77,670.0,88,3571.664111111111,3431.705,1873.169000100691,0.5079428624695521,0.03250339858697049,468.7824576271187,0.3309321135368163,160,0.25625,41,4,6,2,30,14,140.23,4.6,102278.59,223.0
BELGARD_BARBERS_001,2024-06-15,28252.6,60.0,7,4036.085714285714,57203.55,121.0,14,4085.967857142857,113217.26000000001,239.0,29,3773.908666666667,219318.68999999997,458.0,59,3655.3114999999993,323439.87,671.0,88,3593.7763333333332,3580.745,1907.2241951218589,0.5053710525555535,0.050123412429024405,473.71238493723854,0.3743439825341118,161,0.2546583850931677,41,5,6,2,30,15,140.23,4.6,103002.37,226.0
BELGARD_BARBERS_001,2024-06-16,25863.600000000002,54.0,7,3694.8,53422.25000000001,114.0,14,3815.8750000000005,113714.51000000001,242.0,29,3790.483666666667,220808.78999999998,460.0,59,3680.1465,321448.67,670.0,88,3571.6518888888886,3580.745,1894.6235414412074,0.4998368831140038,0.06126906669111443,469.89466942148766,0.39544557682216624,162,0.25308641975308643,41,6,6,2,30,16,140.23,4.6,103550.44000000002,227.0
BELGARD_BARBERS_001,2024-06-17,26065.8,56.0,7,3723.6857142857143,55214.55000000001,118.0,14,3943.896428571429,114015.06,243.0,29,3800.502,223298.33999999997,466.0,59,3721.6389999999997,322892.9,676.0,88,3587.698888888889,3629.92,1894.8114180473651,0.49856872014469805,0.059314652010000746,469.1977777777778,0.36212014447915913,165,0.24848484848484848,41,0,6,2,30,17,140.23,4.6,100861.99,220.0
BELGARD_BARBERS_001,2024-06-18,26760.85,57.0,7,3822.9785714285713,51831.05000000001,112.0,14,3702.217857142858,114410.66,242.0,29,3813.688666666667,221906.03999999998,463.0,59,3698.4339999999997,323887.39999999997,680.0,88,3598.7488888888884,3629.92,1886.9949343788803,0.4947952230270012,0.059726250542627035,472.7713223140496,0.3391178759042208,166,0.23493975903614459,39,1,6,2,30,18,140.23,4.6,101260.89,222.0
BELGARD_BARBERS_001,2024-06-19,26165.25,56.0,7,3737.8928571428573,51234.350000000006,112.0,14,3659.596428571429,113413.96,240.0,29,3780.4653333333335,223299.44,467.0,59,3721.6573333333336,324286.30000000005,682.0,88,3603.1811111111115,3629.92,1913.3530846217473,0.5061157598116882,0.049202140207588174,472.5581666666667,0.3420980979766512,166,0.23493975903614459,39,2,6,2,30,19,140.23,4.6,102552.64000000001,223.0
BELGARD_BARBERS_001,2024-06-20,30142.15,66.0,7,4306.021428571429,56306.3,124.0,14,4021.878571428572,117889.20999999999,251.0,29,3929.6403333333333,225487.33999999997,473.0,59,3758.122333333333,327964.85,690.0,88,3644.0538888888887,3780.2,1987.4939527849021,0.5057699392806777,0.07837053269580574,469.6781274900398,0.3291115446443318,170,0.24705882352941178,42,3,6,2,30,20,140.23,4.6,101360.34000000003,222.0
BELGARD_BARBERS_001,2024-06-21,28205.07,64.0,7,4029.2957142857144,56159.32000000001,125.0,14,4011.3800000000006,122019.68,261.0,30,4067.3226666666665,227827.71,480.0,59,3797.1285,327711.25999999995,689.0,88,3641.236222222222,3879.65,1848.7250834830893,0.45453120762562793,0.11701697402768518,467.50835249042143,0.3179708388023965,174,0.25287356321839083,44,4,6,2,30,21,140.23,4.6,102204.57,225.0
BELGARD_BARBERS_001,2024-06-22,29397.370000000003,62.0,7,4199.624285714286,57649.97,122.0,14,4117.8550000000005,125200.98000000001,264.0,30,4173.366,232801.31,486.0,59,3880.0218333333332,331587.6099999999,689.0,88,3684.306777777777,3979.65,1919.175163481437,0.4598626536664738,0.132741178115793,474.2461363636364,0.36550273009045137,179,0.24581005586592178,44,5,6,2,30,22,140.23,4.6,96037.57,218.0
BELGARD_BARBERS_001,2024-06-23,30595.170000000006,65.0,7,4370.738571428572,56458.770000000004,119.0,14,4032.769285714286,125503.74000000002,266.0,30,4183.4580000000005,234297.46,491.0,59,3904.9576666666667,329403.01,687.0,88,3660.0334444444447,3979.65,1916.3003288618413,0.45806610915224705,0.1430108668405914,471.8185714285715,0.3947675184819193,182,0.24175824175824176,44,6,6,2,30,23,140.23,4.6,93448.56999999999,212.0
BELGARD_BARBERS_001,2024-06-24,29799.570000000003,64.0,7,4257.081428571429,55865.369999999995,120.0,14,3990.383571428571,127096.04,270.0,30,4236.534666666666,233851.04000000004,491.0,59,3897.517333333334,329803.01,693.0,88,3664.477888888889,3979.65,1865.1971756246635,0.44026482075082674,0.15610867226469516,470.72607407407406,0.37728476827444823,184,0.23369565217391305,43,0,6,2,30,24,140.23,4.6,91159.02,206.0
BELGARD_BARBERS_001,2024-06-25,27611.670000000002,60.0,7,3944.524285714286,54372.520000000004,117.0,14,3883.7514285714287,123017.49,262.0,30,4100.5830000000005,230170.29,483.0,59,3836.1715,328111.26000000007,690.0,88,3645.6806666666675,3880.75,1966.88443238395,0.4796597050672916,0.12477843643646969,469.5324045801527,0.3509801736322209,180,0.2388888888888889,43,1,6,2,30,25,140.23,4.6,96600.03,218.0
BELGARD_BARBERS_001,2024-06-26,31391.870000000003,67.0,7,4484.552857142858,57557.12,123.0,14,4111.222857142858,124610.89,267.0,30,4153.696333333333,230023.32,484.0,59,3833.722,328409.61000000004,690.0,88,3648.995666666667,3882.4,1984.2939666364682,0.4777176296477302,0.13831221321446696,466.7074531835206,0.3464921886040618,182,0.23076923076923078,42,2,6,2,30,26,140.23,4.6,92420.93000000002,208.0
BELGARD_BARBERS_001,2024-06-27,26517.72,55.0,7,3788.2457142857143,56659.869999999995,121.0,14,4047.133571428571,123416.12,264.0,30,4113.870666666667,227932.66999999998,480.0,59,3798.877833333333,329801.91000000003,692.0,88,3664.465666666667,3882.4,2011.176831994862,0.48887701995368077,0.12263861661686559,467.485303030303,0.3498465192391399,179,0.22346368715083798,40,3,6,2,30,27,140.23,4.6,96499.48000000001,217.0
BELGARD_BARBERS_001,2024-06-28,25669.1,52.0,7,3667.0142857142855,53874.17,116.0,14,3848.1549999999997,125801.81999999999,268.0,30,4193.393999999999,230218.91999999998,484.0,59,3836.9819999999995,328008.51,687.0,88,3644.539,3882.4,1927.8120652812609,0.45972595593957094,0.15059655007121586,469.409776119403,0.3432120457398788,179,0.24022346368715083,43,4,6,2,30,28,140.23,4.6,96698.38,218.0
BELGARD_BARBERS_001,2024-06-29,22736.42,55.0,7,3248.06,52133.79,117.0,14,3723.842142857143,124956.48999999999,271.0,30,4165.216333333333,231660.94,490.0,59,3861.0156666666667,328556.57999999996,691.0,88,3650.628666666666,3882.4,1923.8135520219266,0.46187602229110153,0.1409586440180257,461.09405904059037,0.3777844592145634,183,0.22404371584699453,41,5,6,2,30,29,140.23,4.6,94857.46,212.0
BELGARD_BARBERS_001,2024-06-30,20943.019999999997,51.0,7,2991.8599999999997,51538.19,116.0,14,3681.299285714286,118588.39,259.0,30,3952.9463333333333,230170.29000000004,488.0,59,3836.171500000001,322685.18,682.0,88,3585.3908888888886,3781.3,1796.5709925289775,0.4544890927001313,0.1025147482757034,457.87023166023164,0.4148527524490382,178,0.2303370786516854,41,6,6,2,30,30,140.23,4.6,94161.31000000001,211.0
BELGARD_BARBERS_001,2024-07-01,22234.77,52.0,7,3176.3957142857143,52034.34,116.0,14,3716.738571428571,115804.89,253.0,30,3860.163,231867.02000000005,491.0,59,3864.450333333334,326764.82999999996,691.0,88,3630.7203333333327,3781.3,1692.1778212826812,0.43836952514250854,0.0631948058792009,457.72683794466406,0.36212434552634176,172,0.22674418604651161,39,0,7,3,31,1,139.94,4.3,92070.66,206.0
BELGARD_BARBERS_001,2024-07-02,21538.62,50.0,6,3076.945714285714,49150.28999999999,110.0,13,3510.7349999999997,109437.89,240.0,29,3647.9296666666664,225402.77000000002,478.0,58,3756.7128333333335,322886.28,684.0,87,3587.625333333334,3530.4750000000004,1762.283654560153,0.48309145613831367,0.016808983026469715,455.9912083333333,0.325013302065674,165,0.22424242424242424,37,1,7,3,31,2,139.94,4.3,96000.86,215.0
BELGARD_BARBERS_001,2024-07-03,17558.420000000002,42.0,6,2508.3457142857146,48950.28999999999,109.0,13,3496.4492857142855,108840.09000000001,238.0,29,3628.003,220529.72000000003,471.0,58,3675.4953333333337,320497.83,679.0,87,3561.087,3530.4750000000004,1781.9377033820049,0.49116213613439813,0.018790891657519238,457.31130252100843,0.32679842510236806,161,0.2484472049689441,40,2,7,3,31,3,139.94,4.3,98887.11,222.0
BELGARD_BARBERS_001,2024-07-04,22035.870000000003,53.0,6,3147.9814285714288,48553.58999999999,108.0,13,3468.1135714285706,109237.89,241.0,29,3641.263,224408.27000000005,478.0,58,3740.137833333334,322984.08,685.0,87,3588.712,3530.4750000000004,1802.8870640099267,0.49512684582517846,0.01464341524201429,453.2692531120332,0.3256083580523205,160,0.275,44,3,7,3,31,4,139.94,4.3,98189.86,217.0
BELGARD_BARBERS_001,2024-07-05,25219.370000000003,52.0,6,3602.7671428571434,50888.469999999994,104.0,13,3634.890714285714,113315.34000000001,242.0,29,3777.1780000000003,227988.47000000003,478.0,58,3799.8078333333337,323879.12999999995,680.0,87,3598.6569999999992,3781.3,1856.182596300626,0.49142047218866197,0.04960767308470948,468.24520661157027,0.3138919231941589,158,0.2911392405063291,46,4,7,3,31,5,139.94,4.3,96102.51000000001,223.0
BELGARD_BARBERS_001,2024-07-06,25170.749999999996,50.0,6,3595.821428571428,47907.170000000006,105.0,13,3421.940714285715,115306.54000000001,248.0,29,3843.551333333334,228287.54,479.0,58,3804.7923333333333,323086.82999999996,681.0,87,3589.8536666666664,3882.4,1826.45622591716,0.47520016451378033,0.07067075436036818,464.94572580645166,0.3429993649969898,159,0.29559748427672955,47,5,7,3,31,6,139.94,4.3,95804.71,223.0
BELGARD_BARBERS_001,2024-07-07,27359.75,54.0,6,3908.535714285714,48302.770000000004,105.0,13,3450.1978571428576,115208.19000000003,248.0,29,3840.273000000001,227991.38999999998,484.0,58,3799.8565,325075.82999999996,686.0,87,3611.9536666666663,3882.4,1825.7626058392696,0.4754252121761315,0.06321214345588277,464.5491532258066,0.3795665047771343,160,0.29375,47,6,7,3,31,7,139.94,4.3,94809.11,219.0
BELGARD_BARBERS_001,2024-07-08,24075.700000000004,47.0,6,3439.385714285715,46310.47,99.0,13,3307.8907142857142,110929.64000000001,239.0,29,3697.6546666666673,226596.88999999998,481.0,58,3776.614833333333,324676.93,684.0,87,3607.5214444444446,3781.3,1859.5307648449623,0.5028946541731214,0.024984805665126952,464.14075313807535,0.3448782489513172,157,0.27388535031847133,43,0,7,3,31,8,139.94,4.3,96004.71,223.0
BELGARD_BARBERS_001,2024-07-09,25666.900000000005,51.0,7,3666.7000000000007,47205.52,101.0,13,3371.8228571428567,107546.14000000001,231.0,29,3584.871333333334,223212.29,475.0,58,3720.2048333333337,322984.08,680.0,87,3588.712,3530.4750000000004,1881.137457613936,0.5247433680875768,-0.0010702075470715444,465.56770562770566,0.3094720089442541,155,0.2709677419354839,42,1,7,3,31,9,139.94,4.3,94413.51000000001,219.0
BELGARD_BARBERS_001,2024-07-10,26066.9,53.0,7,3723.842857142857,43625.32,95.0,13,3116.094285714286,105758.24,229.0,29,3525.2746666666667,217840.89,468.0,58,3630.6815,323382.98,682.0,87,3593.144222222222,3233.775,1902.243015464872,0.539601363108408,-0.018888625492906264,461.82637554585153,0.31470379991195013,156,0.26282051282051283,41,2,7,3,31,10,139.94,4.3,96301.95999999999,220.0
BELGARD_BARBERS_001,2024-07-11,23281.200000000004,45.0,7,3325.885714285715,45317.07,98.0,13,3236.933571428571,107448.89,231.0,29,3581.6296666666667,216543.37000000002,459.0,58,3609.056166666667,325273.63,684.0,87,3614.1514444444447,3532.675,1886.8009081325695,0.5267995532013136,-0.008998454624188357,465.14670995670997,0.3097521063270175,161,0.2546583850931677,41,3,7,3,31,11,139.94,4.3,94809.11,219.0
BELGARD_BARBERS_001,2024-07-12,17910.9,42.0,7,2558.7000000000003,43130.270000000004,94.0,13,3080.733571428572,106157.14,228.0,29,3538.5713333333333,211120.05000000002,453.0,58,3518.6675000000005,317913.23000000004,672.0,87,3532.3692222222226,3532.675,1927.8690300618339,0.5448156468971849,0.001755793554109042,465.6014912280702,0.3135212572606987,157,0.2611464968152866,41,4,7,3,31,12,139.94,4.3,97693.16,225.0
BELGARD_BARBERS_001,2024-07-13,16517.5,39.0,7,2359.6428571428573,41688.25000000001,89.0,13,2977.7321428571436,105659.88999999998,229.0,29,3521.996333333333,213110.15000000002,458.0,58,3551.8358333333335,314931.93,669.0,87,3499.2436666666667,3532.675,1933.8244755914525,0.5490705533362147,0.006502166992086167,461.3968995633187,0.3394894694666066,156,0.27564102564102566,43,5,7,3,31,13,139.94,4.3,96696.45999999999,222.0
BELGARD_BARBERS_001,2024-07-14,15024.65,36.0,7,2146.3785714285714,42384.40000000001,90.0,13,3027.4571428571435,102278.59,223.0,29,3409.286333333333,212911.25,459.0,58,3548.5208333333335,315826.98,670.0,87,3509.1886666666664,3233.775,1879.9630777641767,0.5514242260567467,-0.028468783762552574,458.6483856502242,0.37697694111739327,152,0.2631578947368421,40,6,7,3,31,14,139.94,4.3,96101.40999999999,223.0
BELGARD_BARBERS_001,2024-07-15,20325.33,47.0,7,2903.6185714285716,44401.030000000006,94.0,13,3171.502142857143,103002.37,226.0,29,3433.412333333333,216219.63,465.0,58,3603.6605,322321.06,684.0,88,3581.3451111111112,3233.775,1914.4358588379387,0.5575898473514557,-0.04130648490669531,455.7626991150442,0.31830694769450457,157,0.24203821656050956,38,0,7,3,31,15,139.94,4.3,94978.73,220.0
BELGARD_BARBERS_001,2024-07-16,21867.9,50.0,7,3123.9857142857145,47534.8,101.0,14,3395.342857142857,103550.44000000002,227.0,29,3451.681333333334,217264.94999999995,469.0,58,3621.082499999999,324359.23000000004,687.0,88,3603.991444444445,3233.775,1908.8661238646941,0.553025015788835,-0.04226150740338108,456.16933920704855,0.29165177859215274,160,0.21875,35,1,7,3,31,16,139.94,4.3,94978.73,222.0
BELGARD_BARBERS_001,2024-07-17,21169.55,47.0,7,3024.2214285714285,47236.45,100.0,14,3374.032142857143,100861.99,220.0,29,3362.0663333333337,214877.05,463.0,58,3581.2841666666664,324160.32999999996,686.0,88,3601.781444444444,3159.7349999999997,1944.669875258152,0.5784150824085917,-0.06655459660964658,458.46359090909095,0.29942568057600294,156,0.21153846153846154,33,2,7,3,31,17,139.94,4.3,96072.68,225.0
BELGARD_BARBERS_001,2024-07-18,20572.85,48.0,7,2938.9785714285713,43854.049999999996,93.0,14,3132.4321428571425,101260.89,222.0,29,3375.363,215671.55000000002,464.0,58,3594.5258333333336,323166.93,685.0,88,3590.7436666666667,3233.775,1942.7187431623586,0.5755584638340702,-0.059982189390480056,456.1301351351351,0.2982461441924913,160,0.2,32,3,7,3,31,18,139.94,4.3,96372.12999999999,224.0
BELGARD_BARBERS_001,2024-07-19,22560.75,51.0,7,3222.964285714286,40471.64999999999,93.0,14,2890.832142857142,102552.64000000001,223.0,29,3418.4213333333337,215966.60000000003,463.0,58,3599.443333333334,325852.08,690.0,88,3620.578666666667,3233.775,1921.327629539417,0.5620511464764096,-0.05583564174271949,459.8773094170404,0.294489444640333,157,0.21656050955414013,34,4,7,3,31,19,139.94,4.3,96372.12999999999,223.0
BELGARD_BARBERS_001,2024-07-20,25842.600000000002,59.0,7,3691.8,42360.1,98.0,14,3025.7214285714285,101360.34000000003,222.0,29,3378.678000000001,219249.55000000002,473.0,58,3654.159166666667,326847.68,695.0,88,3631.6408888888886,3233.775,1856.7946592275625,0.5495624795341735,-0.0696552595998231,456.5781081081082,0.3558632498667624,159,0.20125786163522014,32,5,7,3,31,20,139.94,4.3,91497.98,211.0
BELGARD_BARBERS_001,2024-07-21,28131.050000000003,66.0,7,4018.721428571429,43155.7,102.0,14,3082.5499999999997,102204.57,225.0,29,3406.8190000000004,224224.25000000003,486.0,59,3737.0708333333337,330032.27999999997,705.0,88,3667.025333333333,3233.775,1874.2903522210747,0.550158476931435,-0.07095842261247876,454.24253333333337,0.4015976976371995,159,0.2138364779874214,34,6,7,3,31,21,139.94,4.3,87618.33000000002,201.0
BELGARD_BARBERS_001,2024-07-22,22432.57,54.0,7,3204.652857142857,42757.899999999994,101.0,14,3054.1357142857137,96037.57,218.0,29,3201.2523333333334,221238.55000000002,482.0,59,3687.309166666667,328838.87999999995,704.0,88,3653.765333333333,3159.7349999999997,1810.1204954876775,0.5654413670049162,-0.12384840259764895,440.53931192660554,0.35488736335165494,155,0.21935483870967742,34,0,7,3,31,22,139.94,4.3,87818.33,202.0
BELGARD_BARBERS_001,2024-07-23,20493.3,50.0,7,2927.6142857142854,42361.2,100.0,14,3025.7999999999997,93448.56999999999,212.0,29,3114.952333333333,218952.31000000003,478.0,59,3649.205166666667,327746.02999999997,703.0,88,3641.622555555555,3108.36,1841.7446269550753,0.5912593291545527,-0.14462515381193175,440.7951415094339,0.32423203479732227,152,0.2236842105263158,34,1,7,3,31,23,139.94,4.3,88815.03,206.0
BELGARD_BARBERS_001,2024-07-24,20096.600000000002,50.0,7,2870.9428571428575,41266.149999999994,97.0,14,2947.5821428571426,91159.02,206.0,29,3038.634,218255.06000000006,476.0,59,3637.584333333334,325010.06000000006,697.0,88,3611.2228888888894,2884.6000000000004,1884.1801227547223,0.6200747186909389,-0.1585581689379093,442.51951456310684,0.33237544677421943,151,0.2185430463576159,33,2,7,3,31,24,139.94,4.3,90307.88000000002,210.0
BELGARD_BARBERS_001,2024-07-25,22950.81,56.0,7,3278.687142857143,43523.66,104.0,14,3108.8328571428574,96600.03,218.0,29,3220.0009999999997,219617.52,480.0,59,3660.292,326770.32,701.0,88,3630.7813333333334,3108.36,1911.638515961896,0.5936763733805971,-0.11313827400236354,443.11940366972476,0.3136543539375713,155,0.23870967741935484,37,3,7,3,31,25,139.94,4.3,88648.17000000001,206.0
BELGARD_BARBERS_001,2024-07-26,21260.16,52.0,7,3037.1657142857143,43820.91,103.0,14,3130.065,92420.93000000002,208.0,29,3080.6976666666674,217031.82,475.0,59,3617.197,322444.24999999994,692.0,88,3582.713888888888,2884.6000000000004,1887.3270834625412,0.612629763667994,-0.14012177298866357,444.3313942307693,0.3278372117657764,150,0.23333333333333334,35,4,7,3,31,26,139.94,4.3,92031.67000000001,216.0
BELGARD_BARBERS_001,2024-07-27,21656.86,50.0,7,3093.837142857143,47499.46000000001,109.0,14,3392.818571428572,96499.48000000001,217.0,29,3216.6493333333337,219915.6,481.0,59,3665.26,324432.15,697.0,88,3604.8016666666667,3108.36,1963.479481131958,0.6104114181129134,-0.10767647411022607,444.6980645161291,0.3789188294071636,153,0.24836601307189543,38,5,7,3,31,27,139.94,4.3,89354.22,216.0
BELGARD_BARBERS_001,2024-07-28,20162.91,45.0,7,2880.4157142857143,48293.96000000001,111.0,14,3449.568571428572,96698.38,218.0,29,3223.2793333333334,222500.20000000004,486.0,59,3708.3366666666675,326917.3,702.0,88,3632.414444444444,3108.36,1964.024181054353,0.6093248452728017,-0.11263447972927698,443.5705504587156,0.41413537641478587,155,0.23870967741935484,37,6,7,3,31,28,139.94,4.3,90352.02,220.0
BELGARD_BARBERS_001,2024-07-29,21556.309999999998,49.0,7,3079.472857142857,43988.88,103.0,14,3142.062857142857,94857.46,212.0,29,3161.9153333333334,219813.95,483.0,59,3663.5658333333336,326518.4,702.0,88,3627.9822222222224,2884.6000000000004,1966.6200096641842,0.6219711163457837,-0.12846449082195677,447.4408490566038,0.3796886401976186,150,0.24666666666666667,37,0,7,3,31,29,139.94,4.3,90251.47,220.0
BELGARD_BARBERS_001,2024-07-30,21655.76,50.0,7,3093.68,42149.06,100.0,14,3010.6471428571426,94161.31000000001,211.0,29,3138.710333333334,212749.7,470.0,59,3545.8283333333334,324331.60000000003,699.0,88,3603.684444444445,2884.6000000000004,1984.3371439240248,0.6322141686189447,-0.1290274213181818,446.2621327014219,0.36136073298045657,149,0.2483221476510067,37,1,7,3,31,30,139.94,4.3,91148.71999999999,223.0
BELGARD_BARBERS_001,2024-07-31,23146.41,52.0,7,3306.63,43243.01,102.0,14,3088.7864285714286,92070.66,206.0,29,3069.022,207875.55,459.0,59,3464.5924999999997,323937.68,697.0,88,3599.3075555555556,2637.075,1972.775273254069,0.6428025844239855,-0.14732988147596793,446.9449514563107,0.36956615712323554,149,0.21476510067114093,32,2,7,3,31,31,139.94,4.3,92044.87,226.0
BELGARD_BARBERS_001,2024-08-01,20939.45,47.0,7,2991.35,43890.259999999995,103.0,14,3135.0185714285712,96000.86,215.0,30,3200.0286666666666,205438.75,455.0,59,3423.9791666666665,321403.63,693.0,88,3571.1514444444447,2884.6000000000004,1893.5250854138576,0.591721288355289,-0.10392244169737608,446.51562790697676,0.3544364081738434,152,0.23684210526315788,36,3,8,3,31,1,139.87,4.4,92702.34,229.0
BELGARD_BARBERS_001,2024-08-02,24024.600000000002,56.0,7,3432.0857142857144,45284.759999999995,108.0,14,3234.625714285714,98887.11,222.0,30,3296.237,207727.2,460.0,59,3462.1200000000003,319416.83,693.0,88,3549.075888888889,3108.36,1882.630356308517,0.5711453261123266,-0.07124076711925298,445.43743243243244,0.3440913583175805,157,0.24203821656050956,38,4,8,3,31,2,139.87,4.4,92501.23999999999,227.0
BELGARD_BARBERS_001,2024-08-03,23726.25,53.0,7,3389.464285714286,45383.10999999999,103.0,14,3241.650714285714,98189.86,217.0,30,3272.9953333333333,207427.75000000003,458.0,59,3457.129166666667,322598.12999999995,695.0,88,3584.423666666666,3108.36,1844.8182926487789,0.563648311337478,-0.08688379563762494,452.4878341013825,0.4073159896551436,153,0.22875816993464052,35,5,8,3,31,3,139.87,4.4,88524.33999999998,223.0
BELGARD_BARBERS_001,2024-08-04,24623.5,57.0,7,3517.6428571428573,44786.409999999996,102.0,14,3199.0292857142854,96102.51000000001,223.0,30,3203.4170000000004,209417.85000000003,465.0,59,3490.2975000000006,324090.98,701.0,88,3601.0108888888885,3108.36,1760.542611888259,0.5495827149223029,-0.11041174302351742,430.95295964125563,0.46171842962270176,154,0.2597402597402597,40,6,8,3,31,4,139.87,4.4,86135.34,216.0
BELGARD_BARBERS_001,2024-08-05,26118.0,61.0,7,3731.1428571428573,47674.31,110.0,14,3405.307857142857,95804.71,223.0,30,3193.4903333333336,211111.25000000003,471.0,59,3518.520833333334,324092.25,702.0,88,3601.025,3108.36,1756.9645245147158,0.5501706099359986,-0.11317185153301257,429.617533632287,0.4215972262741571,155,0.27741935483870966,43,0,8,3,31,5,139.87,4.4,84741.39,212.0
BELGARD_BARBERS_001,2024-08-06,28007.550000000003,62.0,7,4001.0785714285716,49663.31,112.0,14,3547.3792857142857,94809.11,219.0,30,3160.3036666666667,210017.30000000002,467.0,59,3500.2883333333334,322800.5,703.0,88,3586.6722222222224,3108.36,1747.4110655337768,0.552925050831226,-0.11887580719360724,432.91831050228313,0.3819453636892067,155,0.2645161290322581,41,1,8,3,31,6,139.87,4.4,83149.09,211.0
BELGARD_BARBERS_001,2024-08-07,28009.75,64.0,7,4001.3928571428573,51156.16,116.0,14,3654.011428571429,96004.71,223.0,30,3200.157,206934.35000000003,462.0,59,3448.9058333333337,322601.6,704.0,88,3584.462222222222,3108.36,1715.438851775545,0.5360483413081123,-0.10721419236606378,430.5143946188341,0.3771887858418613,158,0.25316455696202533,40,2,8,3,31,7,139.87,4.4,85138.64,213.0
BELGARD_BARBERS_001,2024-08-08,24079.55,55.0,6,3439.9357142857143,45019.0,102.0,13,3215.6428571428573,94413.51000000001,219.0,29,3147.117,201959.65000000002,450.0,58,3365.994166666667,317625.80000000005,694.0,87,3529.175555555556,3108.36,1787.4542285443285,0.5679656106030785,-0.10825716928536666,431.11191780821923,0.38354574467149877,154,0.2597402597402597,40,3,8,3,31,8,139.87,4.4,88324.34,222.0
BELGARD_BARBERS_001,2024-08-09,23481.75,51.0,6,3354.535714285714,47506.35,107.0,13,3393.3107142857143,96301.95999999999,220.0,29,3210.065333333333,202060.2,449.0,58,3367.67,314142.85,688.0,87,3490.4761111111106,3158.635,1778.8700934333444,0.5541538594126261,-0.08033596817498789,437.73618181818176,0.3760245378183373,153,0.2679738562091503,41,4,8,3,31,9,139.87,4.4,87627.09,223.0
BELGARD_BARBERS_001,2024-08-10,19900.45,47.0,6,2842.921428571429,43626.700000000004,100.0,13,3116.1928571428575,94809.11,219.0,29,3160.3036666666667,202257.99999999997,450.0,58,3370.9666666666662,311352.48000000004,678.0,87,3459.4720000000007,3108.36,1780.3230021403108,0.5633392198725347,-0.08647803287129763,432.91831050228313,0.4071201596555437,150,0.26,39,5,8,3,31,10,139.87,4.4,89120.48999999999,228.0
BELGARD_BARBERS_001,2024-08-11,19501.550000000003,44.0,6,2785.9357142857148,44125.05,101.0,13,3151.789285714286,97693.16,225.0,29,3256.438666666667,203850.3,453.0,58,3397.5049999999997,308813.20999999996,678.0,87,3431.2578888888884,3158.635,1743.697186436019,0.5354613935415802,-0.050949018664065315,434.19182222222224,0.4358319456551513,154,0.2662337662337662,41,6,8,3,31,11,139.87,4.4,88623.23999999999,227.0
BELGARD_BARBERS_001,2024-08-12,17409.25,38.0,6,2487.035714285714,43527.25,99.0,13,3109.089285714286,96696.45999999999,222.0,29,3223.215333333333,202356.34999999998,451.0,58,3372.605833333333,309806.61000000004,680.0,87,3442.2956666666673,3158.635,1765.4778249466126,0.5477380945320892,-0.06364367112761116,435.5696396396396,0.4135611582885248,153,0.2679738562091503,41,0,8,3,31,12,139.87,4.4,87827.64,225.0
BELGARD_BARBERS_001,2024-08-13,16316.95,40.0,6,2330.9928571428572,44324.49999999999,102.0,13,3166.0357142857138,96101.40999999999,223.0,29,3203.380333333333,198380.00000000003,446.0,58,3306.333333333334,309012.66000000003,682.0,87,3433.474,3158.635,1774.717654917693,0.5540140321305462,-0.06701482715950868,430.9480269058295,0.38816964288036987,154,0.2792207792207792,43,1,8,3,31,13,139.87,4.4,90713.34,231.0
BELGARD_BARBERS_001,2024-08-14,19299.35,44.0,6,2757.0499999999997,47309.1,108.0,13,3379.2214285714285,94978.73,220.0,29,3165.9576666666667,197981.1,446.0,58,3299.685,311198.36000000004,685.0,87,3457.759555555556,3158.635,1715.7920808355213,0.5419504180048064,-0.08439045115790467,431.7215,0.39275793643482076,155,0.25806451612903225,40,2,8,3,31,14,139.87,4.4,86783.96,224.0
BELGARD_BARBERS_001,2024-08-15,22433.12,53.0,7,3204.7314285714283,46512.66999999999,108.0,13,3322.333571428571,94978.73,222.0,29,3165.9576666666667,198529.17,449.0,58,3308.8195,312243.68000000005,691.0,87,3469.3742222222227,3158.635,1715.7920808355216,0.5419504180048064,-0.0874557012651146,427.8321171171171,0.39275793643482076,157,0.24203821656050956,38,3,8,3,31,15,139.87,4.4,85639.19,220.0
BELGARD_BARBERS_001,2024-08-16,20940.269999999997,52.0,7,2991.4671428571423,44422.020000000004,103.0,13,3173.0014285714287,96072.68,225.0,29,3202.4226666666664,196934.66999999998,445.0,58,3282.2445,310949.73000000004,688.0,87,3454.9970000000003,3158.635,1686.978930826609,0.5267820979366692,-0.07310406733590036,426.98968888888885,0.38828572285065854,158,0.2468354430379747,39,4,8,3,31,16,139.87,4.4,85639.74000000002,221.0
BELGARD_BARBERS_001,2024-08-17,22135.870000000003,53.0,7,3162.2671428571434,42036.32000000001,100.0,13,3002.5942857142863,96372.12999999999,224.0,29,3212.404333333333,197633.02,446.0,58,3293.8836666666666,312043.68,688.0,87,3467.152,3158.635,1688.31125195106,0.5255600095020397,-0.07347461739971806,430.23272321428567,0.42425180391883016,158,0.23417721518987342,37,5,8,3,31,17,139.87,4.4,84744.69000000002,220.0
BELGARD_BARBERS_001,2024-08-18,21239.72,49.0,7,3034.2457142857143,40741.27,93.0,13,2910.090714285714,96372.12999999999,223.0,29,3212.404333333333,198924.76999999996,446.0,58,3315.412833333333,312338.73000000004,686.0,87,3470.4303333333337,3158.635,1688.3112519510598,0.5255600095020396,-0.07434985728474997,432.1620179372197,0.4562418616253475,158,0.21518987341772153,34,6,8,3,31,18,139.87,4.4,82657.34000000003,218.0
BELGARD_BARBERS_001,2024-08-19,20644.12,48.0,7,2949.16,38053.369999999995,86.0,13,2718.097857142857,91497.98,211.0,29,3049.9326666666666,192858.32,433.0,58,3214.3053333333332,310747.52999999997,684.0,87,3452.750333333333,3108.3599999999997,1659.042602326079,0.5439604029485937,-0.1166657382602525,433.6397156398104,0.41639443843459717,151,0.2119205298013245,32,0,8,3,31,19,139.87,4.4,83849.64000000001,220.0
BELGARD_BARBERS_001,2024-08-20,19647.969999999998,44.0,7,2806.852857142857,35964.92,84.0,13,2568.922857142857,87618.33000000002,201.0,29,2920.6110000000003,189822.90000000002,426.0,58,3163.7150000000006,311842.57999999996,687.0,88,3464.9175555555553,2735.975,1655.171540343276,0.5667209841855954,-0.15709076675802247,435.9120895522389,0.3780550257006724,146,0.21232876712328766,31,1,8,3,31,20,139.87,4.4,87478.46,225.0
BELGARD_BARBERS_001,2024-08-21,15272.169999999998,36.0,7,2181.738571428571,34571.520000000004,80.0,13,2469.394285714286,87818.33,202.0,29,2927.277666666667,183855.90000000002,420.0,58,3064.2650000000003,309056.87999999995,684.0,88,3433.9653333333326,2735.975,1646.9815532820098,0.5626325005094073,-0.1475517710526293,434.74420792079206,0.37719403227093934,145,0.2206896551724138,32,2,8,3,31,21,139.87,4.4,90065.26,229.0
BELGARD_BARBERS_001,2024-08-22,14329.600000000002,34.0,7,2047.0857142857146,36762.719999999994,87.0,14,2625.908571428571,88815.03,206.0,29,2960.5009999999997,182263.6,418.0,58,3037.726666666667,307767.33999999997,684.0,88,3419.6371111111107,2735.975,1621.5489025257095,0.5477278685349911,-0.13426457141293802,431.14092233009706,0.3729610855279788,147,0.23809523809523808,35,3,8,3,31,22,139.87,4.4,93443.26,229.0
BELGARD_BARBERS_001,2024-08-23,14331.8,35.0,7,2047.3999999999999,35272.06999999999,87.0,14,2519.4335714285708,90307.88000000002,210.0,29,3010.2626666666674,181466.9,416.0,58,3024.4483333333333,308562.94,686.0,88,3428.4771111111113,2735.975,1579.8038584603541,0.5248059831967112,-0.12198256861306789,430.0375238095239,0.36679578792016815,150,0.24666666666666667,37,4,8,3,31,23,139.87,4.4,95831.15999999997,235.0
BELGARD_BARBERS_001,2024-08-24,15226.849999999999,38.0,7,2175.2642857142855,37362.719999999994,91.0,14,2668.765714285714,88648.17000000001,206.0,29,2954.9390000000003,185248.20000000004,424.0,58,3087.4700000000007,308265.69,686.0,88,3425.1743333333334,2735.975,1496.1811101519986,0.5063323168945276,-0.1372879998419544,430.33092233009717,0.42417119270482395,148,0.24324324324324326,36,5,8,3,31,24,139.87,4.4,95632.25999999998,235.0
BELGARD_BARBERS_001,2024-08-25,16919.7,45.0,7,2417.1,38159.42,94.0,14,2725.672857142857,92031.67000000001,216.0,29,3067.7223333333336,184452.6,424.0,58,3074.21,309063.49,691.0,88,3434.038777777778,3108.3599999999997,1501.6527468086251,0.48950086860597825,-0.10667219217643586,426.07254629629637,0.4604697491635216,155,0.23225806451612904,36,6,8,3,31,25,139.87,4.4,94239.95999999999,228.0
BELGARD_BARBERS_001,2024-08-26,19513.1,55.0,7,2787.585714285714,40157.22,103.0,14,2868.3728571428574,89354.22,216.0,29,2978.474,185853.7,433.0,58,3097.561666666667,309269.82,697.0,88,3436.3313333333335,3108.3599999999997,1383.8321542022356,0.4646111244221825,-0.13324015903006636,413.6769444444445,0.40413704019798957,155,0.23870967741935484,37,0,8,3,31,26,139.87,4.4,92838.85999999999,219.0
BELGARD_BARBERS_001,2024-08-27,22896.6,64.0,7,3270.942857142857,42544.57000000001,108.0,14,3038.8978571428574,90352.02,220.0,29,3011.734,187050.39999999997,438.0,58,3117.506666666666,312852.22000000003,706.0,88,3476.135777777778,3108.3599999999997,1407.2964971618453,0.4672711790489616,-0.13359713413572716,410.69100000000003,0.36114964557516255,157,0.25477707006369427,40,1,8,3,31,27,139.87,4.4,94030.05999999998,217.0
BELGARD_BARBERS_001,2024-08-28,23989.45,67.0,7,3427.0642857142857,39261.619999999995,103.0,14,2804.4014285714284,90251.47,220.0,29,3008.3823333333335,185108.93,432.0,58,3085.148833333333,310065.42,703.0,88,3445.171333333333,3108.3599999999997,1409.370166984017,0.4684810675052773,-0.12678295438427145,410.23395454545454,0.36155200574572355,158,0.2721518987341772,43,2,8,3,31,28,139.87,4.4,97213.56,223.0
BELGARD_BARBERS_001,2024-08-29,23989.45,67.0,7,3427.0642857142857,38319.049999999996,101.0,14,2737.075,91148.71999999999,223.0,29,3038.2906666666663,185310.03,434.0,58,3088.5005,303898.42000000004,693.0,88,3376.649111111112,3108.3599999999997,1381.9237981377828,0.4548359422286291,-0.1002053909987426,408.73865470852013,0.3579929591989882,157,0.2802547770700637,44,3,8,3,31,29,139.87,4.4,95820.16,219.0
BELGARD_BARBERS_001,2024-08-30,24883.4,68.0,7,3554.7714285714287,39215.19999999999,103.0,14,2801.0857142857135,92044.87,226.0,29,3068.162333333333,184115.53000000003,432.0,58,3068.5921666666673,299920.42000000004,685.0,88,3332.4491111111115,3158.635,1377.1958239158373,0.4488666746715501,-0.07930707085566246,407.2781858407079,0.3545075352922982,160,0.26875,43,4,8,3,31,30,139.87,4.4,97064.37999999999,224.0
BELGARD_BARBERS_001,2024-08-31,24993.620000000003,70.0,7,3570.5171428571434,40220.47,108.0,14,2872.8907142857142,92702.34,229.0,29,3090.078,188703.20000000004,444.0,59,3145.053333333334,298141.08999999997,684.0,88,3312.678777777777,3158.635,1395.8442587347154,0.4517181309775078,-0.06719660815622552,404.813711790393,0.40148145127728163,165,0.24242424242424243,40,5,8,3,31,31,139.87,4.4,94516.53,218.0
BELGARD_BARBERS_001,2024-09-01,24494.17,67.0,7,3499.1671428571426,41413.87,112.0,14,2958.1335714285715,92501.23999999999,227.0,29,3083.374666666666,191388.35000000003,449.0,59,3189.805833333334,300228.43999999994,687.0,88,3335.871555555555,3158.635,1389.6345801510395,0.4506862546332481,-0.07569143016564317,407.494449339207,0.44858447302976695,165,0.23030303030303031,38,6,9,3,30,1,140.13,3.6,93505.88,220.0
BELGARD_BARBERS_001,2024-09-02,22896.37,60.0,7,3270.91,42409.47,115.0,14,3029.2478571428574,88524.33999999998,223.0,29,2950.8113333333326,186714.20000000004,440.0,59,3111.903333333334,295952.09,681.0,88,3288.356555555556,3108.3599999999997,1294.559669333511,0.4387131277116027,-0.10264860775269435,396.9701345291479,0.4013192303947142,164,0.22560975609756098,37,0,9,3,30,2,140.13,3.6,92609.73000000001,217.0
BELGARD_BARBERS_001,2024-09-03,20406.820000000003,53.0,7,2915.2600000000007,43303.42,117.0,14,3093.1014285714286,86135.34,216.0,29,2871.178,182237.85000000003,439.0,59,3037.2975000000006,295553.19,681.0,88,3283.9243333333334,2735.975,1277.686863584345,0.44500440710549644,-0.12568691950169786,398.7747222222222,0.3616229993403405,156,0.24358974358974358,38,1,9,3,30,3,140.13,3.6,93903.68000000001,219.0
BELGARD_BARBERS_001,2024-09-04,20607.920000000002,53.0,7,2943.9885714285715,44597.37,120.0,14,3185.526428571429,84741.39,212.0,29,2824.713,180546.1,435.0,59,3009.101666666667,295852.63999999996,683.0,88,3287.251555555555,2389.0,1272.6372336376928,0.45053682750696894,-0.14070677212817828,399.72353773584905,0.36757150195435784,153,0.24183006535947713,37,2,9,3,30,4,140.13,3.6,94798.73000000001,220.0
BELGARD_BARBERS_001,2024-09-05,20007.920000000002,50.0,7,2858.274285714286,43997.369999999995,117.0,14,3142.6692857142853,83149.09,211.0,29,2771.6363333333334,177958.2,430.0,59,2965.9700000000003,293166.39,678.0,88,3257.4043333333334,2387.9,1289.6572940991814,0.46530537884389883,-0.14912732663522588,394.0715165876777,0.37461047378870893,155,0.22580645161290322,35,3,9,3,30,5,140.13,3.6,96092.68000000001,223.0
BELGARD_BARBERS_001,2024-09-06,21103.52,51.0,7,3014.7885714285717,45986.92,119.0,14,3284.7799999999997,85138.64,213.0,29,2837.9546666666665,181143.35,436.0,59,3019.0558333333333,292072.99,675.0,88,3245.2554444444445,2387.9,1319.0943283827567,0.464804580522812,-0.12550653862241767,399.7119248826291,0.3658564430909397,156,0.23076923076923078,36,4,9,3,30,6,140.13,3.6,95097.08,224.0
BELGARD_BARBERS_001,2024-09-07,19701.55,48.0,7,2814.5071428571428,44695.17,118.0,14,3192.512142857143,88324.34,222.0,30,2944.1446666666666,182737.85,441.0,59,3045.6308333333336,290283.99,672.0,88,3225.3776666666668,2735.975,1210.0818988667208,0.41101305671801935,-0.08719382009321286,397.85738738738735,0.3887288600175218,161,0.22981366459627328,37,5,9,3,30,7,140.13,3.6,97182.23,220.0
BELGARD_BARBERS_001,2024-09-08,18607.600000000002,47.0,7,2658.2285714285717,43101.770000000004,114.0,14,3078.6978571428576,87627.09,223.0,30,2920.903,183929.05000000002,443.0,59,3065.484166666667,289687.29,672.0,88,3218.7476666666666,2735.975,1198.5315484935445,0.41032911688390356,-0.09253433245207277,392.9465919282511,0.42813951712877835,162,0.22839506172839505,37,6,9,3,30,8,140.13,3.6,98277.28,222.0
BELGARD_BARBERS_001,2024-09-09,20496.600000000002,52.0,7,2928.0857142857144,43392.97,112.0,14,3099.4978571428574,89120.48999999999,228.0,30,2970.6829999999995,183929.6,447.0,59,3065.4933333333333,291378.49000000005,678.0,88,3237.5387777777783,3108.3599999999997,1206.3026078287046,0.40606911199502094,-0.08242550779915181,390.8793421052631,0.39418342515845695,163,0.25153374233128833,41,0,9,3,30,9,140.13,3.6,95790.48,215.0
BELGARD_BARBERS_001,2024-09-10,21989.449999999997,55.0,7,3141.3499999999995,42396.27,108.0,14,3028.305,88623.23999999999,227.0,30,2954.1079999999997,186316.40000000002,452.0,59,3105.2733333333335,292473.54,680.0,88,3249.7059999999997,3108.3599999999997,1195.7023652353178,0.4047591913482235,-0.09096145928277821,390.4107488986784,0.3514960635607545,162,0.25925925925925924,42,1,9,3,30,10,140.13,3.6,96586.07999999999,217.0
BELGARD_BARBERS_001,2024-09-11,20495.5,51.0,7,2927.9285714285716,41103.41999999999,104.0,14,2935.958571428571,87827.64,225.0,30,2927.588,184524.10000000003,447.0,59,3075.401666666667,290183.99,676.0,88,3224.2665555555554,3108.3599999999997,1233.8512017862338,0.42145657168503003,-0.09201427687309682,390.34506666666664,0.35468014397289965,161,0.2422360248447205,39,2,9,3,30,11,140.13,3.6,98227.0,221.0
BELGARD_BARBERS_001,2024-09-12,23881.2,60.0,7,3411.6,43889.12,110.0,14,3134.937142857143,90713.34,231.0,30,3023.778,186814.75000000003,454.0,59,3113.5791666666673,289093.33999999997,677.0,88,3212.1482222222216,3158.085,1276.6391156506734,0.42220001456809114,-0.05864306663031382,392.6984415584415,0.3433973437644342,164,0.25,41,3,9,3,30,12,140.13,3.6,94592.67,211.0
BELGARD_BARBERS_001,2024-09-13,20944.670000000002,55.0,7,2992.0957142857146,42048.19,106.0,14,3003.442142857143,86783.96,224.0,30,2892.798666666667,181762.69,444.0,59,3029.378166666667,284765.06000000006,670.0,88,3164.056222222223,3108.3599999999997,1229.7721291787716,0.4251150082960393,-0.08573095308813528,387.4283928571429,0.3589455931718257,162,0.2222222222222222,36,4,9,3,30,13,140.13,3.6,96534.15,215.0
BELGARD_BARBERS_001,2024-09-14,19747.97,51.0,7,2821.1385714285716,39449.52,99.0,14,2817.8228571428567,85639.19,220.0,30,2854.639666666667,180617.92,442.0,59,3010.298666666667,284168.36000000004,669.0,88,3157.426222222223,2735.975,1239.4257576138054,0.43417940697961016,-0.09589663676842852,389.26904545454545,0.38696909674180713,158,0.24050632911392406,38,5,9,3,30,14,140.13,3.6,95940.75,215.0
BELGARD_BARBERS_001,2024-09-15,18952.920000000002,50.0,7,2707.5600000000004,37560.52,97.0,14,2682.8942857142856,85639.74000000002,221.0,30,2854.658000000001,181712.42,446.0,59,3028.5403333333334,282574.41000000003,666.0,88,3139.715666666667,2735.975,1239.4188413376112,0.4341741957662217,-0.09079091769137893,387.5101357466064,0.41484327252745035,159,0.2389937106918239,38,6,9,3,30,15,140.13,3.6,94647.35000000002,211.0
BELGARD_BARBERS_001,2024-09-16,17760.070000000003,45.0,7,2537.1528571428576,38256.67,97.0,14,2732.6192857142855,84744.69000000002,220.0,30,2824.823000000001,181116.82,444.0,59,3018.6136666666666,282377.70999999996,666.0,88,3137.5301111111107,2538.175,1232.2939538306866,0.4362375815513702,-0.09966664861755514,385.2031363636364,0.3769518774568648,157,0.2484076433121019,39,0,9,3,30,16,140.13,3.6,94048.45000000001,210.0
BELGARD_BARBERS_001,2024-09-17,15273.820000000002,40.0,7,2181.974285714286,37263.270000000004,95.0,14,2661.662142857143,82657.34000000003,218.0,30,2755.2446666666674,179029.47,441.0,59,2983.8245,281582.11,664.0,88,3128.690111111111,2388.175,1273.9786047516218,0.46238311252876807,-0.11936159580592642,379.1621100917432,0.3491731042881369,155,0.24516129032258063,38,1,9,3,30,17,140.13,3.6,98227.55,220.0
BELGARD_BARBERS_001,2024-09-18,16666.120000000003,43.0,7,2380.874285714286,37161.62,94.0,14,2654.401428571429,83849.64000000001,220.0,30,2794.9880000000003,175347.62,431.0,59,2922.4603333333334,276707.96,653.0,88,3074.532888888889,2388.175,1236.5110756004844,0.4424029997983835,-0.09092271866700175,381.13472727272733,0.34420803714840037,155,0.25161290322580643,39,2,9,3,30,18,140.13,3.6,100916.0,229.0
BELGARD_BARBERS_001,2024-09-19,16413.09,38.0,7,2344.727142857143,40294.29,98.0,14,2878.1635714285717,87478.46,225.0,30,2915.9486666666667,175096.79,426.0,59,2918.2798333333335,277301.36,651.0,88,3081.126222222222,2538.175,1241.7815331496743,0.4258585027044398,-0.05360947382299164,388.7931555555556,0.3299294477749151,158,0.25949367088607594,41,3,9,3,30,19,140.13,3.6,102359.13,229.0
BELGARD_BARBERS_001,2024-09-20,18553.47,41.0,7,2650.4957142857143,39498.14000000001,96.0,14,2821.295714285715,90065.26,229.0,30,3002.175333333333,177883.59,431.0,59,2964.7264999999998,273921.16000000003,649.0,88,3043.5684444444446,2934.875,1194.347918586354,0.3978275037188658,-0.013600190653398347,393.2980786026201,0.3204534134470938,158,0.2721518987341772,43,4,9,3,30,20,140.13,3.6,99772.33,225.0
BELGARD_BARBERS_001,2024-09-21,22133.670000000002,43.0,7,3161.9528571428573,41881.63999999999,94.0,14,2991.5457142857135,93443.26,229.0,30,3114.775333333333,182258.28999999998,435.0,59,3037.638166666666,275706.86000000004,647.0,88,3063.409555555556,3184.05,1269.4563188880857,0.407559513298686,0.016767518951106064,408.04917030567685,0.3684687370710311,161,0.2546583850931677,41,5,9,3,30,21,140.13,3.6,98281.68000000001,227.0
BELGARD_BARBERS_001,2024-09-22,24523.22,49.0,7,3503.317142857143,43476.14,99.0,14,3105.4385714285713,95831.15999999997,235.0,30,3194.371999999999,186139.03999999998,445.0,59,3102.317333333333,277298.06000000006,651.0,88,3081.089555555556,3234.325,1296.0378088579566,0.40572538478860853,0.03676700803460298,407.7921702127658,0.40913435671654197,165,0.2606060606060606,43,6,9,3,30,22,140.13,3.6,95495.98000000001,220.0
BELGARD_BARBERS_001,2024-09-23,26114.420000000002,53.0,7,3730.631428571429,43874.490000000005,98.0,14,3133.8921428571434,95632.25999999998,235.0,30,3187.7419999999993,184280.43,441.0,59,3071.3405,280880.46,659.0,88,3120.8940000000002,3234.325,1289.9516028942069,0.40465997652702357,0.02141950351405697,406.9457872340425,0.3631658396444883,164,0.2621951219512195,43,0,9,3,30,23,140.13,3.6,94102.58000000002,215.0
BELGARD_BARBERS_001,2024-09-24,28502.32,55.0,7,4071.7599999999998,43776.14000000001,95.0,14,3126.8671428571433,94239.95999999999,228.0,30,3141.332,186271.63,444.0,59,3104.5271666666667,278692.56,652.0,88,3096.584,3234.325,1256.5963350055315,0.400020225498461,0.01445076251766464,413.3331578947368,0.3178542308379588,162,0.25925925925925924,42,1,9,3,30,24,140.13,3.6,92708.08000000002,215.0
BELGARD_BARBERS_001,2024-09-25,28502.320000000003,54.0,7,4071.7600000000007,45168.44000000001,97.0,14,3226.3171428571436,92838.85999999999,219.0,30,3094.628666666666,182193.07999999996,435.0,59,3036.5513333333324,278692.56000000006,652.0,88,3096.5840000000007,3184.05,1265.0984200784098,0.4088045954285986,-0.000631448503684906,423.9217351598173,0.3226512044633035,155,0.2645161290322581,41,2,9,3,30,25,140.13,3.6,97184.43,226.0
BELGARD_BARBERS_001,2024-09-26,29448.2,56.0,7,4206.885714285714,45861.29000000001,94.0,14,3275.806428571429,94030.05999999998,217.0,30,3134.335333333333,184382.08,437.0,59,3073.0346666666665,281080.46,655.0,88,3123.1162222222224,3184.05,1325.1783957609464,0.4227940710962898,0.0035922810144823902,433.3182488479262,0.31856376567238187,149,0.2550335570469799,38,3,9,3,30,26,140.13,3.6,93208.62999999999,222.0
BELGARD_BARBERS_001,2024-09-27,31137.750000000004,61.0,7,4448.250000000001,49691.22,102.0,14,3549.3728571428574,97213.56,223.0,30,3240.4519999999998,187465.03,443.0,59,3124.4171666666666,282322.49000000005,655.0,88,3136.916555555556,3234.325,1364.0702736306025,0.42095061850340715,0.03300548248919144,435.9352466367713,0.3081316022168101,153,0.2549019607843137,39,4,9,3,30,27,140.13,3.6,91668.25,220.0
BELGARD_BARBERS_001,2024-09-28,26366.35,57.0,7,3766.621428571428,48500.020000000004,100.0,14,3464.287142857143,95820.16,219.0,30,3194.0053333333335,186968.88,442.0,59,3116.148,281130.19,653.0,88,3123.668777777778,3234.325,1421.5195108327646,0.4450585902275986,0.02251728994313984,437.5349771689498,0.32093841212538154,153,0.24836601307189543,38,5,9,3,30,28,140.13,3.6,94951.2,227.0
BELGARD_BARBERS_001,2024-09-29,26116.620000000003,57.0,7,3730.9457142857145,50639.840000000004,106.0,14,3617.131428571429,97064.37999999999,224.0,30,3235.479333333333,189109.25000000003,450.0,59,3151.8208333333337,281179.91,656.0,88,3124.221222222222,3284.6000000000004,1441.5194030927537,0.44553503656833343,0.035611470250488386,433.32312499999995,0.3634653618557086,155,0.2645161290322581,41,6,9,3,30,29,140.13,3.6,91419.63000000002,217.0
BELGARD_BARBERS_001,2024-09-30,23877.89,53.0,7,3411.1271428571426,49992.310000000005,106.0,14,3570.879285714286,94516.53,218.0,30,3150.551,187218.87000000002,447.0,59,3120.3145000000004,283219.73,662.0,89,3146.8858888888885,3184.05,1434.3888672308033,0.455281906952404,0.0011646787460748431,433.56206422018346,0.32472489203740346,151,0.26490066225165565,40,0,9,3,30,30,140.13,3.6,93060.56000000001,219.0
BELGARD_BARBERS_001,2024-10-01,23760.09,59.0,7,3394.2985714285714,52262.409999999996,114.0,14,3733.0292857142854,93505.88,220.0,30,3116.862666666667,186007.12000000002,447.0,59,3100.118666666667,284894.23000000004,669.0,89,3165.491444444445,3184.05,1419.3417660167531,0.4553751376972506,-0.015362157387322384,425.02672727272727,0.2825011646326413,154,0.24675324675324675,38,1,10,4,31,1,140.44,2.7,94469.01,219.0
BELGARD_BARBERS_001,2024-10-02,22667.24,58.0,7,3238.1771428571433,51169.560000000005,112.0,14,3654.968571428572,92609.73000000001,217.0,30,3086.9910000000004,181134.07000000004,440.0,59,3018.9011666666675,279323.93,657.0,89,3103.599222222222,3184.05,1451.777898402163,0.47028899611374403,-0.005351277994692261,426.7729493087558,0.2852348235979092,155,0.24516129032258063,38,2,10,4,31,2,140.44,2.7,99242.61,228.0
BELGARD_BARBERS_001,2024-10-03,20280.44,55.0,7,2897.2057142857143,49728.64000000001,111.0,14,3552.045714285715,93903.68000000001,219.0,30,3130.122666666667,180039.02000000002,435.0,59,3000.6503333333335,276141.53,658.0,89,3068.2392222222225,3225.7,1437.669149030085,0.4593012166392472,0.020169041578063318,428.7839269406393,0.2813044174626596,156,0.25,39,3,10,4,31,3,140.44,2.7,101630.51,235.0
BELGARD_BARBERS_001,2024-10-04,18193.09,50.0,7,2599.0128571428572,49330.84,111.0,14,3523.6314285714284,94798.73000000001,220.0,30,3159.957666666667,179540.12000000002,432.0,59,2992.335333333334,275344.83,655.0,89,3059.387,3225.7,1429.1778407804568,0.45227752759360484,0.03287281624281824,430.90331818181824,0.2786484586871575,157,0.24203821656050956,38,4,10,4,31,4,140.44,2.7,101033.81,234.0
BELGARD_BARBERS_001,2024-10-05,20280.44,54.0,7,2897.2057142857143,46646.79,111.0,14,3331.9135714285717,96092.68000000001,223.0,30,3203.089333333334,179241.77000000002,434.0,59,2987.3628333333336,274050.88,653.0,89,3045.009777777778,3225.7,1400.418835374935,0.43720879739484886,0.05191430146110099,430.90887892376685,0.30492093674565013,156,0.25,39,5,10,4,31,5,140.44,2.7,101032.70999999999,234.0
BELGARD_BARBERS_001,2024-10-06,19136.22,51.0,7,2733.7457142857143,45252.84,108.0,14,3232.345714285714,95097.08,224.0,30,3169.902666666667,180235.72000000003,437.0,59,3003.928666666667,276240.43000000005,660.0,89,3069.3381111111116,3225.7,1383.8688385511427,0.4365650886077078,0.032764248158750675,424.54053571428574,0.3436868934356344,157,0.25477707006369427,40,6,10,4,31,6,140.44,2.7,100036.56,230.0
BELGARD_BARBERS_001,2024-10-07,22367.25,50.0,7,3195.3214285714284,46245.14,103.0,14,3303.2242857142855,97182.23,220.0,30,3239.4076666666665,185506.57000000004,442.0,60,3091.7761666666675,279920.08,661.0,89,3110.2231111111114,3274.325,1434.3592141944625,0.44278441054330486,0.04153546255059637,441.73740909090907,0.3035320346116775,152,0.26973684210526316,41,0,10,4,31,7,140.44,2.7,96058.56,228.0
BELGARD_BARBERS_001,2024-10-08,23379.000000000004,49.0,7,3339.8571428571436,47139.08999999999,108.0,14,3367.0778571428564,98277.28,222.0,30,3275.9093333333335,185904.37000000002,445.0,60,3098.406166666667,282206.33,665.0,89,3135.625888888889,3332.9500000000003,1446.3275507526719,0.4415041454401277,0.04473857833025918,442.69045045045044,0.2677680945178784,151,0.271523178807947,41,1,10,4,31,8,140.44,2.7,93572.31000000001,223.0
BELGARD_BARBERS_001,2024-10-09,23677.350000000002,50.0,7,3382.4785714285717,46344.59,108.0,14,3310.327857142857,95790.48,215.0,30,3193.016,184910.97000000003,443.0,60,3081.8495000000007,279720.08,662.0,89,3108.000888888889,3274.325,1480.18508483365,0.46356957961803197,0.02735363153049275,445.5371162790697,0.27471957547347087,149,0.2684563758389262,40,2,10,4,31,9,140.44,2.7,95165.71,227.0
BELGARD_BARBERS_001,2024-10-10,24671.850000000002,53.0,7,3524.55,44952.29,108.0,14,3210.877857142857,96586.07999999999,217.0,30,3219.5359999999996,185209.32,444.0,60,3086.822,282902.48000000004,669.0,89,3143.3608888888893,3274.325,1492.2009389904565,0.46348322832558997,0.02423365111539466,445.0971428571428,0.2724566521386933,148,0.27702702702702703,41,3,10,4,31,10,140.44,2.7,94569.01000000002,224.0
BELGARD_BARBERS_001,2024-10-11,23923.770000000004,52.0,7,3417.681428571429,42116.85999999999,102.0,14,3008.3471428571424,98227.0,221.0,30,3274.233333333333,186054.64,446.0,60,3100.910666666667,282751.10000000003,668.0,89,3141.678888888889,3274.325,1431.1743854339425,0.43710213651051416,0.042192231966559746,444.4660633484163,0.2679051584594867,149,0.2751677852348993,41,4,10,4,31,11,140.44,2.7,94422.04000000001,225.0
BELGARD_BARBERS_001,2024-10-12,22381.19,48.0,7,3197.312857142857,42661.62999999999,102.0,14,3047.259285714285,94592.67,211.0,30,3153.089,185306.01,442.0,60,3088.4335,281407.42000000004,665.0,89,3126.7491111111117,3225.1499999999996,1435.7318066206979,0.455341351487604,0.008424049372969478,448.30649289099523,0.2923914717704871,146,0.2671232876712329,39,5,10,4,31,12,140.44,2.7,97854.17000000001,232.0
BELGARD_BARBERS_001,2024-10-13,22381.739999999998,46.0,7,3197.391428571428,41517.96,97.0,14,2965.5685714285714,96534.15,215.0,30,3217.805,183318.11000000002,439.0,60,3055.3018333333334,278296.84,659.0,89,3092.1871111111113,3274.325,1400.4697057624394,0.4352251630420238,0.0406242844870246,448.99604651162787,0.32156071193458485,148,0.25675675675675674,38,6,10,4,31,13,140.44,2.7,97355.81999999999,229.0
BELGARD_BARBERS_001,2024-10-14,18506.489999999998,46.0,7,2643.7842857142855,40873.74,96.0,14,2919.552857142857,95940.75,215.0,30,3198.025,181579.94,435.0,60,3026.3323333333333,276558.67,657.0,89,3072.874111111111,3274.325,1421.7148540260573,0.4445602689241195,0.040727632946745196,446.23604651162793,0.3028180413432249,148,0.24324324324324326,36,0,10,4,31,14,140.44,2.7,98446.47,230.0
BELGARD_BARBERS_001,2024-10-15,15322.990000000002,39.0,7,2188.9985714285717,38701.99,88.0,14,2764.427857142857,94647.35000000002,211.0,30,3154.9116666666673,180287.09000000005,432.0,60,3004.784833333334,276359.76999999996,657.0,89,3070.6641111111107,3274.325,1464.608806125566,0.4642313195643298,0.02743626541591082,448.56563981042666,0.2817325577525413,146,0.2328767123287671,34,1,10,4,31,15,140.44,2.7,99243.16999999998,232.0
BELGARD_BARBERS_001,2024-10-16,16018.04,40.0,7,2288.2914285714287,39695.38999999999,90.0,14,2835.3849999999993,94048.45000000001,210.0,30,3134.9483333333337,178793.14000000004,430.0,60,2979.8856666666675,275165.27,654.0,89,3057.3918888888893,3274.325,1474.891399204437,0.4704675300457701,0.025366864066820538,447.849761904762,0.283526629093834,148,0.22972972972972974,34,2,10,4,31,16,140.44,2.7,100539.32,234.0
BELGARD_BARBERS_001,2024-10-17,16915.29,43.0,7,2416.4700000000003,41587.14,96.0,14,2970.5099999999998,98227.55,220.0,30,3274.2516666666666,180884.89000000004,438.0,60,3014.748166666667,277257.02,661.0,89,3080.6335555555556,3332.9500000000003,1463.5658759051091,0.4469924810010356,0.06285009483258519,446.48886363636365,0.2714639630124135,155,0.23225806451612904,36,3,10,4,31,17,140.44,2.7,97951.42,228.0
BELGARD_BARBERS_001,2024-10-18,19355.120000000003,51.0,7,2765.0171428571434,43278.88999999999,103.0,14,3091.349285714285,100916.0,229.0,30,3363.866666666667,184765.64000000004,449.0,60,3079.427333333334,276263.61999999994,660.0,89,3069.595777777777,3383.2250000000004,1476.5543885757213,0.4389455751047568,0.09586633230969777,440.68122270742356,0.2642320345633992,160,0.23125,37,4,10,4,31,18,140.44,2.7,96655.26999999999,223.0
BELGARD_BARBERS_001,2024-10-19,24179.550000000003,56.0,7,3454.221428571429,46560.74,104.0,14,3325.7671428571425,102359.13,229.0,30,3411.971,189837.59000000005,454.0,60,3163.9598333333342,277455.92,655.0,89,3082.843555555555,3383.2250000000004,1542.1296150007408,0.45197617887160846,0.10676099468340783,446.98310043668124,0.3207553639816985,162,0.2222222222222222,36,5,10,4,31,19,140.44,2.7,96058.57,226.0
BELGARD_BARBERS_001,2024-10-20,21791.65,51.0,7,3113.092857142857,44173.39,97.0,14,3155.242142857143,99772.33,225.0,30,3325.7443333333335,189837.59000000003,454.0,60,3163.959833333334,277655.92,656.0,89,3085.0657777777774,3332.9500000000003,1601.370913812461,0.48150752231980376,0.07801407583890185,443.4325777777778,0.339050315854105,163,0.2085889570552147,34,6,10,4,31,20,140.44,2.7,98496.19000000002,232.0
BELGARD_BARBERS_001,2024-10-21,24474.6,55.0,7,3496.371428571428,42981.090000000004,101.0,14,3070.0778571428573,98281.68000000001,227.0,30,3276.056,191724.94,456.0,60,3195.4156666666668,280539.97,662.0,89,3117.1107777777775,3332.9500000000003,1553.396485527976,0.47416664596941444,0.050991201004263464,432.95894273127755,0.2875270345399061,159,0.23270440251572327,37,0,10,4,31,21,140.44,2.7,95413.24000000002,226.0
BELGARD_BARBERS_001,2024-10-22,25371.85,58.0,7,3624.5499999999997,40694.840000000004,97.0,14,2906.774285714286,95495.98000000001,220.0,30,3183.1993333333335,191327.13999999998,455.0,60,3188.785666666666,281635.02,665.0,89,3129.2780000000002,3274.325,1544.1380621518992,0.48508996781390146,0.017231237791379694,434.07263636363643,0.24589244489663328,153,0.2222222222222222,34,1,10,4,31,22,140.44,2.7,96604.44,228.0
BELGARD_BARBERS_001,2024-10-23,26168.550000000003,58.0,7,3738.3642857142863,42186.59,98.0,14,3013.327857142857,94102.58000000002,215.0,30,3136.752666666667,189734.84,450.0,60,3162.2473333333332,278383.01000000007,656.0,89,3093.1445555555565,3225.1499999999996,1531.3957923670666,0.488210565225863,0.014098310094426969,437.68641860465124,0.24953343468372485,154,0.21428571428571427,33,2,10,4,31,23,140.44,2.7,97997.84000000001,233.0
BELGARD_BARBERS_001,2024-10-24,22982.850000000002,50.0,7,3283.264285714286,39898.14,93.0,14,2849.867142857143,92708.08000000002,215.0,30,3090.269333333334,186948.03999999998,443.0,60,3115.8006666666665,278979.7100000001,659.0,89,3099.7745555555566,3034.875,1544.310235621788,0.4997332170901784,-0.003066423719488509,431.2003720930233,0.253286876397397,154,0.21428571428571427,33,3,10,4,31,24,140.44,2.7,99990.14000000001,236.0
BELGARD_BARBERS_001,2024-10-25,24770.75,51.0,7,3538.6785714285716,44125.869999999995,102.0,14,3151.847857142857,97184.43,226.0,30,3239.4809999999998,190023.29,445.0,60,3167.0548333333336,279377.51,661.0,89,3104.194555555556,3225.1499999999996,1661.7056183659608,0.5129542721090079,0.04358181873694833,430.01960176991145,0.24162039124991525,157,0.24203821656050956,38,4,10,4,31,25,140.44,2.7,95713.79000000001,227.0
BELGARD_BARBERS_001,2024-10-26,20297.7,49.0,7,2899.671428571429,44477.25,105.0,14,3176.9464285714284,93208.62999999999,222.0,30,3106.954333333333,187238.69000000003,439.0,60,3120.6448333333337,277590.71,659.0,89,3084.3412222222223,3034.875,1620.6328599401807,0.5216146380244557,0.007331585412206243,419.8586936936936,0.27010041881315067,158,0.2468354430379747,39,5,10,4,31,26,140.44,2.7,95512.69,225.0
BELGARD_BARBERS_001,2024-10-27,23033.670000000002,56.0,7,3290.524285714286,44825.32,107.0,14,3201.808571428571,91668.25,220.0,30,3055.608333333333,188881.81,443.0,60,3148.0301666666664,279133.28,663.0,89,3101.4808888888892,3034.875,1574.9854194501472,0.5154408705686475,-0.014790533038554377,416.67386363636365,0.3153464803789753,152,0.28289473684210525,43,6,10,4,31,27,140.44,2.7,94567.92,223.0
BELGARD_BARBERS_001,2024-10-28,23035.870000000003,57.0,7,3290.838571428572,47510.47,112.0,14,3393.605,94951.2,227.0,30,3165.04,190771.36000000002,446.0,60,3179.5226666666667,281920.08,669.0,89,3132.4453333333336,3225.1499999999996,1527.6488516780726,0.4826633633944824,0.01040550215507885,418.2872246696035,0.29604112428278945,154,0.2987012987012987,46,0,10,4,31,28,140.44,2.7,92525.89000000001,218.0
BELGARD_BARBERS_001,2024-10-29,22040.27,54.0,7,3148.61,47412.119999999995,112.0,14,3386.5799999999995,91419.63000000002,217.0,30,3047.321000000001,188484.01000000004,441.0,60,3141.4001666666672,280528.88,667.0,89,3116.9875555555554,3034.875,1553.9913053046128,0.5099532688891694,-0.02235060432993541,421.28861751152084,0.25795652421695425,151,0.2781456953642384,42,1,10,4,31,29,140.44,2.7,92328.09000000001,218.0
BELGARD_BARBERS_001,2024-10-30,22835.87,57.0,7,3262.2671428571425,49004.42,115.0,14,3500.315714285714,93060.56000000001,219.0,30,3102.0186666666673,187577.09000000003,437.0,60,3126.2848333333336,280279.43,666.0,89,3114.215888888889,3225.1499999999996,1546.4269386745118,0.49852277012125595,-0.003916627060358779,424.9340639269407,0.25340799582551404,152,0.27631578947368424,42,2,10,4,31,30,140.44,2.7,92626.44000000002,220.0
BELGARD_BARBERS_001,2024-10-31,25521.019999999997,63.0,7,3645.8599999999997,48503.87,113.0,14,3464.562142857143,94469.01,219.0,30,3148.9669999999996,187974.89,439.0,60,3132.9148333333337,280476.13,666.0,89,3116.4014444444447,3233.775,1571.8542051775455,0.49916502941362856,0.010449730606308494,431.36534246575343,0.24962990508739324,152,0.2631578947368421,40,3,10,4,31,31,140.44,2.7,93523.69000000002,222.0
BELGARD_BARBERS_001,2024-11-01,24725.420000000002,60.0,7,3532.2028571428573,49496.170000000006,111.0,14,3535.440714285715,99242.61,228.0,30,3308.087,191852.34,445.0,60,3197.5389999999998,280376.68000000005,668.0,89,3115.296444444445,3332.9500000000003,1597.2924446870502,0.4828447512677418,0.061885139662827715,435.2746052631579,0.2376226300376421,157,0.2611464968152866,41,4,11,4,30,1,140.81,2.8,90440.74,216.0
BELGARD_BARBERS_001,2024-11-02,28702.32,68.0,7,4100.331428571429,49000.02,117.0,14,3500.0014285714283,101630.51,235.0,30,3387.6836666666663,195534.19,454.0,60,3258.9031666666665,281669.53,670.0,89,3129.661444444445,3383.2250000000004,1652.5963699655226,0.4878248775782556,0.08244413231349501,432.4702553191489,0.28783816985667005,159,0.2641509433962264,42,5,11,4,30,2,140.81,2.8,88867.89000000001,213.0
BELGARD_BARBERS_001,2024-11-03,27558.65,64.0,7,3936.9500000000003,50592.32,120.0,14,3613.7371428571428,101033.81,234.0,30,3367.7936666666665,195832.53999999998,454.0,60,3263.8756666666663,280573.93000000005,666.0,89,3117.4881111111117,3383.2250000000004,1658.5011851618385,0.49245926244744365,0.0802907811142679,431.7684188034188,0.315152323761719,159,0.2578616352201258,41,6,11,4,30,3,140.81,2.8,91355.24,218.0
BELGARD_BARBERS_001,2024-11-04,26361.95,61.0,7,3765.9928571428572,49397.82000000001,118.0,14,3528.415714285715,101032.70999999999,234.0,30,3367.7569999999996,197125.38999999998,457.0,60,3285.4231666666665,280274.48000000004,668.0,89,3114.1608888888895,3383.2250000000004,1658.5118673199179,0.49246779601970037,0.08143320790390862,431.7637179487179,0.28659916179621436,158,0.26582278481012656,42,0,11,4,30,4,140.81,2.8,91057.97999999998,217.0
BELGARD_BARBERS_001,2024-11-05,27753.15,64.0,7,3964.7357142857145,49793.420000000006,118.0,14,3556.6728571428575,100036.56,230.0,30,3334.552,195133.63999999996,454.0,60,3252.227333333333,280272.28,667.0,89,3114.136444444445,3134.325,1667.8211042063235,0.5001634714967178,0.07077902959222349,434.9415652173913,0.25563593950051866,154,0.2597402597402597,40,1,11,4,30,5,140.81,2.8,92153.03,219.0
BELGARD_BARBERS_001,2024-11-06,25365.249999999996,59.0,7,3623.607142857142,48201.12,116.0,14,3442.937142857143,96058.56,228.0,30,3201.9519999999998,193240.78999999998,448.0,60,3220.679833333333,281565.12999999995,670.0,90,3128.5014444444437,2884.6000000000004,1666.7396455463581,0.5205386106807217,0.023477871709469245,421.3094736842105,0.26622239600510356,152,0.26973684210526316,41,2,11,4,30,6,140.81,2.8,95832.68,222.0
BELGARD_BARBERS_001,2024-11-07,22482.3,53.0,7,3211.7571428571428,48003.32,116.0,14,3428.808571428571,93572.31000000001,223.0,30,3119.077,191849.59,445.0,60,3197.4931666666666,279476.68,668.0,90,3105.296444444444,2735.9750000000004,1673.0023776614905,0.5363773890998813,0.0044377584562691474,419.6067713004485,0.27329602101305395,148,0.2635135135135135,39,3,11,4,30,7,140.81,2.8,95635.98,222.0
BELGARD_BARBERS_001,2024-11-08,19600.449999999997,49.0,7,2800.0642857142852,44325.87000000001,109.0,14,3166.133571428572,95165.71,227.0,30,3172.1903333333335,190956.18999999997,442.0,60,3182.6031666666663,280076.68000000005,670.0,90,3111.9631111111116,2884.6000000000004,1642.3866168972588,0.5177452940446486,0.0193534499195005,419.23220264317183,0.2687201093755303,149,0.2684563758389262,40,4,11,4,30,8,140.81,2.8,94440.38,219.0
BELGARD_BARBERS_001,2024-11-09,17610.350000000002,42.0,7,2515.764285714286,46312.670000000006,110.0,14,3308.0478571428575,94569.01000000002,224.0,30,3152.300333333334,191155.09,441.0,60,3185.918166666667,279778.33,668.0,90,3108.648111111111,2884.6000000000004,1632.4641866586912,0.5178644209108325,0.014042188328166949,422.18308035714296,0.3093369593273737,147,0.272108843537415,40,5,11,4,30,9,140.81,2.8,95235.98,220.0
BELGARD_BARBERS_001,2024-11-10,17312.0,43.0,7,2473.1428571428573,44870.65,107.0,14,3205.046428571429,94422.04000000001,225.0,30,3147.4013333333337,192649.03999999998,446.0,60,3210.817333333333,280476.68,671.0,90,3116.4075555555555,2884.6000000000004,1634.8237037241117,0.5194201598665242,0.00994535445870226,419.65351111111113,0.33406649549194234,149,0.2751677852348993,41,6,11,4,30,10,140.81,2.8,97820.58,221.0
BELGARD_BARBERS_001,2024-11-11,19202.65,46.0,7,2743.2357142857145,45564.6,107.0,14,3254.6142857142854,97854.17000000001,232.0,30,3261.805666666667,192446.83999999997,443.0,60,3207.4473333333326,283160.18000000005,674.0,90,3146.2242222222226,2935.9750000000004,1624.5767708538397,0.4980605642622607,0.036736556672622545,421.78521551724145,0.30862936142629377,154,0.2662337662337662,41,0,11,4,30,11,140.81,2.8,94438.18,214.0
BELGARD_BARBERS_001,2024-11-12,19701.000000000004,45.0,7,2814.428571428572,47454.15,109.0,14,3389.582142857143,97355.81999999999,229.0,30,3245.194,193889.96999999997,444.0,60,3231.4994999999994,280673.93000000005,668.0,90,3118.5992222222226,2885.15,1625.7949039195155,0.5009854276568722,0.040593474427781606,425.1345851528384,0.2754552321576666,156,0.25,39,1,11,4,30,12,140.81,2.8,94439.28,217.0
BELGARD_BARBERS_001,2024-11-13,20894.4,48.0,7,2984.914285714286,46259.65,107.0,14,3304.2607142857146,98446.47,230.0,30,3281.549,194387.22,445.0,60,3239.787,280026.41000000003,665.0,90,3111.404555555556,2885.15,1595.9492424872626,0.4863402138707247,0.05468412782922849,428.0281304347826,0.272403571199658,154,0.2662337662337662,41,2,11,4,30,13,140.81,2.8,96232.68,222.0
BELGARD_BARBERS_001,2024-11-14,20993.850000000002,48.0,7,2999.121428571429,43476.15,101.0,14,3105.4392857142857,99243.16999999998,232.0,30,3308.105666666666,193890.52,443.0,60,3231.5086666666666,279530.26,664.0,90,3105.891777777778,2885.15,1565.667828595162,0.4732822909410781,0.06510654696203533,427.77228448275855,0.2702167816687033,153,0.2679738562091503,41,3,11,4,30,14,140.81,2.8,97624.98,225.0
BELGARD_BARBERS_001,2024-11-15,21391.649999999998,47.0,7,3055.95,40992.1,96.0,14,2928.0071428571428,100539.32,234.0,30,3351.3106666666667,194587.77,444.0,60,3243.1295,279332.46,664.0,90,3103.6940000000004,2935.9750000000004,1549.2123134245421,0.46227057635496505,0.07978127568847526,429.6552136752137,0.2667331547498033,152,0.28289473684210525,43,4,11,4,30,15,140.81,2.8,96428.27999999998,223.0
BELGARD_BARBERS_001,2024-11-16,20297.699999999997,47.0,7,2899.6714285714284,37908.05000000001,89.0,14,2707.717857142858,97951.42,228.0,30,3265.0473333333334,196178.96999999997,448.0,60,3269.6494999999995,278836.31,666.0,90,3098.181222222222,2885.15,1516.9953941941362,0.46461666227834253,0.05385937720951772,429.6114912280702,0.3001893183376004,145,0.30344827586206896,44,5,11,4,30,16,140.81,2.8,95234.87999999998,220.0
BELGARD_BARBERS_001,2024-11-17,21588.350000000002,49.0,7,3084.05,38900.35,92.0,14,2778.5964285714285,96655.26999999999,223.0,30,3221.842333333333,197571.27000000002,452.0,60,3292.8545000000004,281420.91000000003,672.0,90,3126.8990000000003,2885.15,1488.6825891722372,0.46205941667916417,0.030363415426380103,433.4317040358744,0.3412557846043987,149,0.26174496644295303,39,6,11,4,30,17,140.81,2.8,96627.17999999998,222.0
BELGARD_BARBERS_001,2024-11-18,22383.95,50.0,7,3197.707142857143,41586.600000000006,96.0,14,2970.471428571429,96058.57,226.0,30,3201.9523333333336,198417.7,455.0,60,3306.961666666667,285896.16,680.0,90,3176.624,2885.15,1452.7526390354813,0.45370839031920246,0.007973349484652115,425.0379203539823,0.2791751948837048,151,0.25165562913907286,38,0,11,4,30,18,140.81,2.8,93742.02999999998,216.0
BELGARD_BARBERS_001,2024-11-19,22932.02,54.0,7,3276.002857142857,42633.020000000004,99.0,14,3045.2157142857145,98496.19000000002,232.0,30,3283.206333333334,198268.52,457.0,60,3304.4753333333333,288333.77999999997,686.0,90,3203.7086666666664,2935.9750000000004,1394.06043204849,0.424603357362906,0.024814262137443865,424.55254310344833,0.26215805910868223,153,0.26143790849673204,40,1,11,4,30,19,140.81,2.8,92995.05999999998,214.0
BELGARD_BARBERS_001,2024-11-20,21441.37,51.0,7,3063.052857142857,42335.77,99.0,14,3023.9835714285714,95413.24000000002,226.0,30,3180.441333333334,193694.92000000004,453.0,60,3228.2486666666673,287138.17999999993,682.0,90,3190.4242222222215,2885.15,1444.367064121244,0.45414045182447754,-0.003129016141287355,422.1824778761063,0.27062879323666184,149,0.26174496644295303,39,2,11,4,30,20,140.81,2.8,98566.45999999999,223.0
BELGARD_BARBERS_001,2024-11-21,22733.120000000003,54.0,7,3247.588571428572,43726.97,102.0,14,3123.355,96604.44,228.0,30,3220.148,192100.42,448.0,60,3201.673666666667,287931.57999999996,683.0,90,3199.2397777777774,2935.9750000000004,1427.4020314739644,0.44327218235744575,0.0065353720491516665,423.7036842105263,0.2672917518076809,148,0.2635135135135135,39,3,11,4,30,21,140.81,2.8,100158.75999999998,223.0
BELGARD_BARBERS_001,2024-11-22,23627.07,57.0,7,3375.2957142857144,45018.72000000001,104.0,14,3215.622857142858,97997.84000000001,233.0,30,3266.594666666667,192100.42,448.0,60,3201.673666666667,287732.68,683.0,90,3197.029777777778,3084.6000000000004,1438.3737244071476,0.44032819225622144,0.021759224569138258,420.59158798283266,0.2634912157247547,150,0.2733333333333333,41,4,11,4,30,22,140.81,2.8,97670.31,217.0
BELGARD_BARBERS_001,2024-11-23,25021.57,58.0,7,3574.5099999999998,45319.270000000004,105.0,14,3237.0907142857145,99990.14000000001,236.0,30,3333.004666666667,192698.21999999997,451.0,60,3211.6369999999997,286938.18,679.0,90,3188.2019999999998,3283.5,1423.772173607218,0.42717377141602697,0.045418284872372316,423.6870338983051,0.29805808852752874,152,0.27631578947368424,42,5,11,4,30,23,140.81,2.8,97269.20999999999,217.0
BELGARD_BARBERS_001,2024-11-24,23829.27,55.0,7,3404.1814285714286,45417.62000000001,104.0,14,3244.115714285715,95713.79000000001,227.0,30,3190.459666666667,192898.21999999997,453.0,60,3214.9703333333327,285737.08,672.0,90,3174.8564444444446,3084.6000000000004,1290.9979488687125,0.404643243842516,0.0049146229113841144,421.6466519823789,0.33632321946503213,146,0.2671232876712329,39,6,11,4,30,24,140.81,2.8,97985.25,216.0
BELGARD_BARBERS_001,2024-11-25,19751.82,48.0,7,2821.6885714285713,42135.770000000004,98.0,14,3009.6978571428576,95512.69,225.0,30,3183.7563333333333,188721.31999999998,447.0,60,3145.355333333333,282751.38,664.0,90,3141.6820000000002,3084.6000000000004,1299.2467109457014,0.4080861017354976,0.013392295379778485,424.50084444444445,0.3192960014004422,144,0.2638888888888889,38,0,11,4,30,25,140.81,2.8,96492.4,212.0
BELGARD_BARBERS_001,2024-11-26,19105.399999999998,47.0,7,2729.3428571428567,42037.420000000006,101.0,14,3002.6728571428575,94567.92,223.0,30,3152.264,186236.16999999998,443.0,60,3103.9361666666664,283449.73,666.0,90,3149.441444444444,2935.9750000000004,1297.0348489602482,0.4114613652156825,0.0008962082976760044,424.07139013452917,0.28302673887720065,143,0.25874125874125875,37,1,11,4,30,26,140.81,2.8,93705.6,204.0
BELGARD_BARBERS_001,2024-11-27,20148.52,49.0,7,2878.36,41589.89000000001,100.0,14,2970.706428571429,92525.89000000001,218.0,30,3084.1963333333338,187477.09,445.0,60,3124.6181666666666,283297.24999999994,664.0,90,3147.7472222222214,2884.6000000000004,1300.1010185481314,0.42153639977355456,-0.020189324110981954,424.43068807339455,0.28927308886193903,141,0.2624113475177305,37,2,11,4,30,27,140.81,2.8,94849.28,207.0
BELGARD_BARBERS_001,2024-11-28,17763.920000000002,44.0,7,2537.7028571428573,40497.04,98.0,14,2892.6457142857143,92328.09000000001,218.0,30,3077.6030000000005,183747.72000000003,435.0,60,3062.4620000000004,280812.1,659.0,90,3120.1344444444444,2884.6000000000004,1311.1311800760698,0.4260234929833606,-0.013631285831343987,423.5233486238533,0.2898928159349987,141,0.2695035460992908,38,3,11,4,30,28,140.81,2.8,97532.23,208.0
BELGARD_BARBERS_001,2024-11-29,17464.47,44.0,7,2494.924285714286,41091.54000000001,101.0,14,2935.1100000000006,92626.44000000002,220.0,30,3087.5480000000007,185686.99999999997,439.0,60,3094.783333333333,280203.52999999997,657.0,90,3113.372555555555,2884.6000000000004,1316.7876643265863,0.42648330141801394,-0.008294720626824015,421.0292727272728,0.2889590704338847,143,0.2517482517482518,36,4,11,4,30,29,140.81,2.8,94348.73,200.0
BELGARD_BARBERS_001,2024-11-30,19054.57,49.0,7,2722.0814285714287,44076.14,107.0,14,3148.2957142857144,93523.69000000002,222.0,30,3117.456333333334,187992.69999999998,441.0,60,3133.2116666666666,281498.58,661.0,90,3127.762,2884.6000000000004,1361.9015161052905,0.4368630609331038,-0.0032949011678850004,421.277882882883,0.34575891947804877,141,0.2695035460992908,38,5,11,4,30,30,140.81,2.8,90368.53,191.0
BELGARD_BARBERS_001,2024-12-01,19452.370000000003,49.0,7,2778.9100000000003,43281.64,104.0,14,3091.5457142857144,90440.74,216.0,30,3014.6913333333337,189683.35,444.0,60,3161.389166666667,282293.08,661.0,90,3136.589777777778,2835.425,1263.1633373340478,0.4190025437653587,-0.03886336852465533,418.70712962962966,0.38834655709362836,136,0.25735294117647056,35,6,12,4,31,1,141.66,3.0,89175.13,189.0
BELGARD_BARBERS_001,2024-12-02,22057.520000000004,56.0,7,3151.0742857142864,41809.340000000004,104.0,14,2986.381428571429,88867.89000000001,213.0,30,2962.2630000000004,190498.40000000002,448.0,60,3174.973333333334,284402.08,667.0,90,3160.023111111111,2835.425,1181.8539870930194,0.39896997231272824,-0.06258185594141918,417.2201408450705,0.3314076659184774,135,0.23703703703703705,32,0,12,4,31,2,141.66,3.0,85077.13,178.0
BELGARD_BARBERS_001,2024-12-03,24345.97,59.0,7,3477.9957142857143,43451.37,106.0,14,3103.6692857142857,91355.24,218.0,30,3045.174666666667,192389.05000000002,452.0,60,3206.484166666667,287187.78,672.0,90,3190.9753333333338,2884.6000000000004,1238.5704323472644,0.40673214771717453,-0.04569156807437991,419.06073394495417,0.29405647667282137,137,0.25547445255474455,35,1,12,4,31,3,141.66,3.0,82587.58,173.0
BELGARD_BARBERS_001,2024-12-04,24894.04,60.0,7,3556.2914285714287,45042.56,109.0,14,3217.325714285714,91057.97999999998,217.0,30,3035.265999999999,192090.69000000003,451.0,60,3201.5115000000005,288183.37,674.0,90,3202.037444444444,2835.9750000000004,1241.0064648061534,0.4088625065500532,-0.052082915124491924,419.6220276497695,0.2950164279945591,138,0.2463768115942029,34,2,12,4,31,4,141.66,3.0,81691.44,171.0
BELGARD_BARBERS_001,2024-12-05,27578.090000000004,65.0,7,3939.7271428571435,45342.01000000001,109.0,14,3238.7150000000006,92153.03,219.0,30,3071.7676666666666,192189.59000000003,449.0,60,3203.1598333333336,287286.67,673.0,90,3192.074111111111,2935.9750000000004,1237.495714962772,0.4028611045006676,-0.037689113803992313,420.7900913242009,0.2915107620443951,141,0.22695035460992907,32,3,12,4,31,5,141.66,3.0,81790.88999999998,171.0
BELGARD_BARBERS_001,2024-12-06,28571.489999999998,61.0,7,4081.641428571428,46035.96000000001,105.0,14,3288.2828571428577,95832.68,222.0,30,3194.4226666666664,191891.24000000002,450.0,60,3198.1873333333338,289073.47,670.0,90,3211.927444444444,3084.6000000000004,1237.4540692349847,0.38737956693947767,-0.005449929389922836,431.67873873873873,0.28031773712266006,144,0.2222222222222222,32,4,12,4,31,6,141.66,3.0,83982.09,182.0
BELGARD_BARBERS_001,2024-12-07,24594.590000000004,53.0,7,3513.5128571428577,43649.159999999996,102.0,14,3117.7971428571427,95635.98,222.0,30,3187.866,189208.29000000004,445.0,60,3153.4715000000006,287485.57,667.0,90,3194.284111111111,3084.6000000000004,1245.3674985684615,0.39065867215512246,-0.0020092486728986447,430.7927027027027,0.2975668780724577,146,0.2328767123287671,34,5,12,4,31,7,141.66,3.0,87468.34,194.0
BELGARD_BARBERS_001,2024-12-08,23600.09,52.0,7,3371.441428571429,43052.46,101.0,14,3075.175714285714,94440.38,219.0,30,3148.012666666667,189606.09000000003,446.0,60,3160.1015,285396.57,661.0,90,3171.073,3033.775,1270.049945587268,0.40344499214867663,-0.007272091602221975,431.23461187214616,0.32030049010815076,143,0.2517482517482518,36,6,12,4,31,8,141.66,3.0,86474.94,192.0
BELGARD_BARBERS_001,2024-12-09,23978.440000000002,49.0,7,3425.491428571429,46035.96,105.0,14,3288.282857142857,95235.98,220.0,30,3174.5326666666665,189804.99000000002,444.0,60,3163.4165000000003,286391.07,661.0,90,3182.123,3033.775,1289.061384902295,0.40606335491133555,-0.0023853048211315286,432.8908181818182,0.27897597105631716,141,0.2624113475177305,37,0,12,4,31,9,141.66,3.0,85778.79,192.0
BELGARD_BARBERS_001,2024-12-10,23777.340000000004,46.0,7,3396.7628571428577,48123.31,105.0,14,3437.3792857142857,97820.58,221.0,30,3260.686,192242.62000000002,446.0,60,3204.043666666667,290469.62,667.0,90,3227.440222222222,3283.5,1313.1794809484345,0.40273104523049275,0.010300973988260909,442.6270588235294,0.24819930529955966,143,0.24475524475524477,35,1,12,4,31,10,141.66,3.0,83292.54,190.0
BELGARD_BARBERS_001,2024-12-11,22582.850000000002,43.0,7,3226.121428571429,47476.89,103.0,14,3391.2064285714287,94438.18,214.0,30,3147.9393333333333,192292.35,446.0,60,3204.8725,286885.02,657.0,90,3187.6113333333337,3033.775,1323.5115413548745,0.4204374357981723,-0.012445682942943681,441.299906542056,0.2570888172559022,143,0.2097902097902098,30,2,12,4,31,11,141.66,3.0,84487.04,193.0
BELGARD_BARBERS_001,2024-12-12,21987.25,43.0,7,3141.035714285714,49565.34,108.0,14,3540.3814285714284,94439.28,217.0,30,3147.976,191795.09999999998,446.0,60,3196.5849999999996,288329.24999999994,661.0,90,3203.658333333333,3034.325,1323.5042757281394,0.42043023063966795,-0.017380858861873905,435.20405529953916,0.2570858227635789,147,0.20408163265306123,30,3,12,4,31,12,141.66,3.0,81998.59,186.0
BELGARD_BARBERS_001,2024-12-13,21294.4,48.0,7,3042.057142857143,49865.89000000001,109.0,14,3561.849285714286,96232.68,222.0,30,3207.756,194679.14999999997,452.0,60,3244.6524999999992,290619.9,667.0,90,3229.11,3283.5,1332.73531164694,0.41547278273252086,-0.0066129676598196685,433.4805405405405,0.2522947505982375,147,0.24489795918367346,36,4,12,4,31,13,141.66,3.0,78812.89,178.0
BELGARD_BARBERS_001,2024-12-14,22982.850000000002,51.0,7,3283.264285714286,47577.44,104.0,14,3398.3885714285716,97624.98,225.0,30,3254.1659999999997,196868.15,457.0,60,3281.1358333333333,291515.50000000006,668.0,90,3239.0611111111116,3333.7749999999996,1310.111593296795,0.4025951943744711,0.0046633540926637185,433.8888,0.2823247697464317,149,0.26174496644295303,39,5,12,4,31,14,141.66,3.0,77026.09,176.0
BELGARD_BARBERS_001,2024-12-15,23379.55,51.0,7,3339.9357142857143,46979.64,103.0,14,3355.6885714285713,96428.27999999998,223.0,30,3214.2759999999994,196967.6,457.0,60,3282.7933333333335,291016.05000000005,667.0,90,3233.511666666667,3232.675,1323.6810466538632,0.4118131257719821,-0.005948847151214132,432.41381165919273,0.3085178953726024,148,0.27702702702702703,41,6,12,4,31,15,141.66,3.0,75833.79,174.0
BELGARD_BARBERS_001,2024-12-16,20296.600000000002,47.0,7,2899.514285714286,44275.04,96.0,14,3162.502857142857,95234.87999999998,220.0,30,3174.495999999999,193186.3,448.0,60,3219.7716666666665,291413.8500000001,668.0,90,3237.9316666666678,3232.675,1359.3912267742007,0.42822269323199685,-0.019591416125212202,432.8858181818181,0.28522165408304195,146,0.2671232876712329,39,0,12,4,31,16,141.66,3.0,78120.04,175.0
BELGARD_BARBERS_001,2024-12-17,20394.95,50.0,7,2913.5642857142857,44172.29,96.0,14,3155.1635714285717,96627.17999999998,222.0,30,3220.9059999999995,193282.45,445.0,60,3221.374166666667,294198.45000000007,674.0,90,3268.8716666666674,3232.675,1395.7308865288705,0.43333487116012415,-0.014673462759576372,435.2575675675675,0.24406021162989547,145,0.27586206896551724,40,1,12,4,31,17,141.66,3.0,73545.34,165.0
BELGARD_BARBERS_001,2024-12-18,21687.8,52.0,7,3098.2571428571428,44270.65,95.0,14,3162.1892857142857,93742.02999999998,216.0,30,3124.734333333333,189800.59999999998,442.0,60,3163.343333333333,292159.73000000004,671.0,90,3246.2192222222225,3034.325,1328.305359829291,0.4250938537908635,-0.037423501178619145,433.99087962962955,0.2515717869561818,143,0.2727272727272727,39,2,12,4,31,18,141.66,3.0,73545.34,165.0
BELGARD_BARBERS_001,2024-12-19,21487.8,51.0,7,3069.6857142857143,43475.05,94.0,14,3105.3607142857145,92995.05999999998,214.0,30,3099.835333333333,191491.25,446.0,60,3191.5208333333335,291263.5800000001,671.0,90,3236.2620000000006,2836.525,1329.2900381600532,0.4288260166163837,-0.04215563099238184,434.55635514018684,0.2535925026555174,140,0.2785714285714286,39,3,12,4,31,19,141.66,3.0,74340.94,166.0
BELGARD_BARBERS_001,2024-12-20,23775.15,52.0,7,3396.4500000000003,45069.55,100.0,14,3219.253571428572,98566.45999999999,223.0,30,3285.5486666666666,193979.69999999998,449.0,60,3232.995,292261.38,676.0,90,3247.3486666666668,3034.325,1409.1262232195131,0.42888612106578033,0.011763442710083671,442.002062780269,0.23925836435639466,145,0.2896551724137931,42,4,12,4,31,20,141.66,3.0,69565.14,159.0
BELGARD_BARBERS_001,2024-12-21,25266.899999999998,52.0,7,3609.5571428571425,48249.75,103.0,14,3446.410714285714,100158.75999999998,223.0,30,3338.6253333333325,196763.19999999998,451.0,60,3279.3866666666663,292259.18,671.0,90,3247.324222222222,3084.6,1434.0097565770682,0.4295210194027168,0.02811579776553108,449.1424215246636,0.2831260091478769,148,0.2905405405405405,43,5,12,4,31,21,141.66,3.0,66183.84,155.0
BELGARD_BARBERS_001,2024-12-22,24869.1,51.0,7,3552.7285714285713,48248.649999999994,102.0,14,3446.3321428571426,97670.31,217.0,30,3255.677,195668.15000000002,450.0,60,3261.1358333333337,289770.73,665.0,90,3219.6747777777778,2836.525,1449.1328327386004,0.4451095218409567,0.011181943738762135,450.09359447004607,0.3086674957824952,147,0.2585034013605442,38,6,12,4,31,22,141.66,3.0,66980.54,158.0
BELGARD_BARBERS_001,2024-12-23,27055.9,55.0,7,3865.128571428572,47352.49999999999,102.0,14,3382.321428571428,97269.20999999999,217.0,30,3242.307,197259.35000000006,453.0,60,3287.6558333333346,289967.43,668.0,90,3221.860333333333,2836.525,1444.2183899954327,0.44542925453864574,0.006346229988657637,448.24520737327185,0.2690095868980534,147,0.23129251700680273,34,0,12,4,31,23,141.66,3.0,64195.94,152.0
BELGARD_BARBERS_001,2024-12-24,25187.339999999997,49.0,7,3598.191428571428,45582.28999999999,99.0,14,3255.8778571428566,97985.25,216.0,30,3266.175,193699.04000000007,443.0,60,3228.3173333333343,290883.47,669.0,90,3232.0385555555554,2995.0950000000003,1435.7930027497,0.4395946337075325,0.010561892705694298,453.6354166666667,0.2426737697765735,148,0.20945945945945946,31,1,12,4,31,24,141.66,3.0,63081.0,150.0
BELGARD_BARBERS_001,2024-12-25,22502.19,44.0,6,3214.598571428571,44189.99,96.0,13,3156.427857142857,96492.4,212.0,29,3216.413333333333,192005.09000000003,437.0,59,3200.084833333334,285213.72000000003,659.0,89,3169.0413333333336,2995.0950000000003,1519.802369534349,0.4725146341683954,0.014948369243947823,455.1528301886792,0.24642821610821167,148,0.20945945945945946,31,2,12,4,31,25,141.66,3.0,68455.7,162.0
BELGARD_BARBERS_001,2024-12-26,19815.94,37.0,5,2830.848571428571,41303.74,88.0,12,2950.2671428571425,93705.6,204.0,28,3123.52,188273.52000000002,427.0,58,3137.8920000000003,279941.77,647.0,88,3110.4641111111114,2995.0950000000003,1624.7651035006056,0.5201711861939753,0.004197408625372212,459.34117647058827,0.25375697930539903,146,0.19863013698630136,29,3,12,4,31,26,141.66,3.0,70446.9,168.0
BELGARD_BARBERS_001,2024-12-27,16431.34,33.0,5,2347.3342857142857,40206.49,85.0,12,2871.8921428571425,94849.28,207.0,28,3161.6426666666666,187375.17,425.0,58,3122.9195000000004,282326.37000000005,652.0,88,3136.959666666667,3143.17,1612.2336982127897,0.5099354570365078,0.007868446720014077,458.20908212560386,0.2506972114074034,147,0.20408163265306123,30,4,12,4,31,27,141.66,3.0,69453.5,166.0
BELGARD_BARBERS_001,2024-12-28,15137.39,29.0,5,2162.4842857142858,40404.29,81.0,12,2886.0207142857143,97532.23,208.0,28,3251.074333333333,189860.32,426.0,58,3164.338666666667,281279.95000000007,643.0,88,3125.3327777777786,3232.675,1551.9134595388653,0.47735403759522327,0.040233013408882856,468.9049519230769,0.2794891493816967,148,0.20270270270270271,30,5,12,4,31,28,141.66,3.0,67563.95,166.0
BELGARD_BARBERS_001,2024-12-29,14142.890000000001,27.0,5,2020.4128571428573,39011.99,78.0,12,2786.570714285714,94348.73,200.0,28,3144.9576666666667,186975.17,420.0,58,3116.2528333333335,280035.73,639.0,88,3111.508111111111,3143.17,1606.389035476117,0.5107824033697487,0.010750271045769866,471.74365,0.29735217421580556,145,0.2,29,6,12,4,31,29,141.66,3.0,67563.95,166.0
BELGARD_BARBERS_001,2024-12-30,12153.890000000001,23.0,5,1736.2700000000002,39209.79,78.0,12,2800.699285714286,90368.53,191.0,28,3012.2843333333335,183892.22000000003,413.0,58,3064.8703333333337,278361.23,632.0,88,3092.9025555555554,2995.0950000000003,1564.3214299639815,0.5193140012227646,-0.0260655551780683,473.13366492146594,0.2487967879968834,139,0.19424460431654678,27,0,12,4,31,30,141.66,3.0,67166.15,165.0
BELGARD_BARBERS_001,2024-12-31,10642.25,22.0,5,1520.3214285714287,35829.59,71.0,12,2559.2564285714284,89175.13,189.0,28,2972.5043333333333,179615.87000000002,405.0,58,2993.5978333333337,278858.48,633.0,88,3098.4275555555555,2995.0950000000003,1584.619698667335,0.533092477241357,-0.04064100901647316,471.8260846560847,0.22088781928324636,139,0.17985611510791366,25,1,12,4,31,31,141.66,3.0,67563.95,166.0
BELGARD_BARBERS_001,2025-01-01,10642.25,22.0,5,1520.3214285714287,33144.44,66.0,11,2367.46,85077.13,178.0,27,2835.9043333333334,173945.02000000002,391.0,57,2899.083666666667,275575.52999999997,626.0,87,3061.950333333333,2786.25,1656.701968753349,0.5841882426287826,-0.07382418896191545,477.96140449438207,0.2315275562304464,133,0.17293233082706766,23,2,1,1,31,1,142.68,3.3,72138.65000000001,175.0
BELGARD_BARBERS_001,2025-01-02,13227.95,28.0,6,1889.707142857143,33043.89,65.0,11,2360.277857142857,82587.58,173.0,27,2752.9193333333333,173942.82,391.0,57,2899.047,274976.63,625.0,87,3055.295888888889,2685.7,1603.9657133179485,0.5826417410407043,-0.09896801048147252,477.3848554913295,0.23850680695571902,131,0.16793893129770993,22,3,1,1,31,2,142.68,3.3,75028.2,181.0
BELGARD_BARBERS_001,2025-01-03,11736.199999999999,24.0,6,1676.6,28167.54,57.0,11,2011.967142857143,81691.44,171.0,27,2723.0480000000002,172749.41999999998,388.0,57,2879.1569999999997,273782.13000000006,622.0,87,3042.0236666666674,2685.7,1615.0874957669218,0.5931175270384222,-0.1048564053468356,477.72771929824563,0.24112318255131748,130,0.16153846153846155,21,4,1,1,31,3,142.68,3.3,74532.05,180.0
BELGARD_BARBERS_001,2025-01-04,11836.75,28.0,6,1690.9642857142858,26974.14,57.0,11,1926.7242857142858,81790.88999999998,171.0,27,2726.3629999999994,173943.92,390.0,57,2899.0653333333335,273980.48000000004,620.0,87,3044.227555555556,2685.7,1616.7427636354728,0.5930034861958856,-0.10441550434541946,478.30929824561395,0.2846160495380354,130,0.17692307692307693,23,5,1,1,31,4,142.68,3.3,75823.8,181.0
BELGARD_BARBERS_001,2025-01-05,18204.850000000002,43.0,6,2600.6928571428575,32347.74,70.0,11,2310.552857142857,83982.09,182.0,27,2799.403,179814.77000000002,404.0,57,2996.9128333333338,275873.33,632.0,87,3065.2592222222224,2685.7,1759.7395441165909,0.6286124377649774,-0.08673205198922285,461.44005494505495,0.362490383366263,139,0.17985611510791366,25,6,1,1,31,5,142.68,3.3,70849.09999999999,170.0
BELGARD_BARBERS_001,2025-01-06,21694.4,56.0,6,3099.2000000000003,33848.29,79.0,11,2417.735,87468.34,194.0,27,2915.6113333333333,183104.31999999998,416.0,57,3051.738666666666,276676.63,639.0,87,3074.184777777778,2786.25,1791.164607052691,0.6143358638289093,-0.051582274946749274,450.8677319587629,0.3298130500704598,147,0.16326530612244897,24,0,1,1,31,6,142.68,3.3,66563.95000000001,155.0
BELGARD_BARBERS_001,2025-01-07,20899.899999999998,55.0,6,2985.7,31542.15,77.0,11,2253.0107142857146,86474.94,192.0,27,2882.498,180915.31999999998,411.0,57,3015.255333333333,276081.02999999997,638.0,87,3067.5669999999996,2786.25,1820.5864320641301,0.6316002412019471,-0.06033087459866382,450.3903125,0.312888335048281,145,0.1724137931034483,25,1,1,1,31,7,142.68,3.3,70540.85,160.0
BELGARD_BARBERS_001,2025-01-08,24680.1,63.0,7,3525.7285714285713,35322.35,85.0,12,2523.025,85778.79,192.0,27,2859.2929999999997,181014.77000000002,412.0,57,3016.9128333333338,275583.78,636.0,87,3062.0420000000004,2786.25,1804.488840093227,0.6310961626154533,-0.06621365742207341,446.76453124999995,0.3154276249408508,147,0.1564625850340136,23,2,1,1,31,8,142.68,3.3,70640.3,161.0
BELGARD_BARBERS_001,2025-01-09,24482.300000000003,63.0,7,3497.471428571429,37710.25,91.0,13,2693.589285714286,83292.54,190.0,27,2776.4179999999997,181113.12,411.0,57,3018.552,275535.1600000001,636.0,87,3061.501777777779,2685.7,1766.747613383417,0.6363406422892437,-0.09311893262551363,438.3817894736842,0.32484301715375713,147,0.14965986394557823,22,3,1,1,31,9,142.68,3.3,71435.9,161.0
BELGARD_BARBERS_001,2025-01-10,25378.45,65.0,7,3625.4928571428572,37114.65,89.0,13,2651.046428571429,84487.04,193.0,27,2816.2346666666663,178925.21999999997,407.0,57,2982.0869999999995,276779.39,639.0,87,3075.326555555556,2685.7,1748.4710008227823,0.6208541573321006,-0.08424857790170015,437.7566839378238,0.32025030111127106,147,0.14965986394557823,22,4,1,1,31,10,142.68,3.3,72632.59999999999,166.0
BELGARD_BARBERS_001,2025-01-11,22194.95,58.0,7,3170.707142857143,34031.700000000004,86.0,13,2430.8357142857144,81998.59,186.0,27,2733.286333333333,176437.86999999997,403.0,57,2940.631166666666,273793.69,632.0,87,3042.152111111111,2635.9750000000004,1801.4071956065966,0.6590627456910894,-0.10152870944542225,440.8526344086021,0.33482039142380376,141,0.14893617021276595,21,5,1,1,31,11,142.68,3.3,76511.15,175.0
BELGARD_BARBERS_001,2025-01-12,16125.2,44.0,7,2303.6,34330.05,87.0,13,2452.1464285714287,78812.89,178.0,27,2627.0963333333334,175045.56999999998,400.0,57,2917.426166666666,273492.04,630.0,87,3038.800444444444,2586.25,1801.0175834112656,0.6855544505770308,-0.13548244402286802,442.76904494382023,0.36223452787989374,136,0.13970588235294118,19,6,1,1,31,12,142.68,3.3,76612.80000000002,176.0
BELGARD_BARBERS_001,2025-01-13,12540.6,33.0,7,1791.5142857142857,34235.0,89.0,13,2445.3571428571427,77026.09,176.0,27,2567.536333333333,174651.06999999998,401.0,57,2910.8511666666664,273894.24000000005,633.0,87,3043.269333333334,2486.8,1807.8753998501177,0.7041284582341326,-0.1563230026305047,437.6482386363636,0.3280161306383331,133,0.15037593984962405,20,0,1,1,31,13,142.68,3.3,79194.10000000002,175.0
BELGARD_BARBERS_001,2025-01-14,12738.400000000001,33.0,7,1819.7714285714287,33638.3,88.0,13,2402.7357142857145,75833.79,174.0,27,2527.7929999999997,172262.07,397.0,57,2871.0345,272801.39,631.0,87,3031.1265555555556,2486.8,1828.768966232294,0.72346468489797,-0.1660549456877769,435.8263793103448,0.3043221234228172,130,0.15384615384615385,20,1,1,1,31,14,142.68,3.3,80784.20000000001,178.0
BELGARD_BARBERS_001,2025-01-15,12637.85,30.0,7,1805.4071428571428,37317.950000000004,93.0,14,2665.5678571428575,78120.04,175.0,27,2604.001333333333,173354.92,395.0,57,2889.248666666667,271306.34,623.0,87,3014.5148888888893,2586.25,1827.54456145896,0.7018216688543529,-0.13617897760885367,446.40022857142856,0.2954158753630951,132,0.1590909090909091,21,2,1,1,31,15,142.68,3.3,81878.15000000001,179.0
BELGARD_BARBERS_001,2025-01-16,10647.75,25.0,7,1521.107142857143,35130.05,88.0,14,2509.289285714286,73545.34,165.0,27,2451.5113333333334,170172.52,387.0,57,2836.2086666666664,266827.79,610.0,87,2964.753222222222,2486.8,1814.3641320468782,0.7401002424002167,-0.17311453953128342,445.72933333333333,0.3137914652376344,123,0.17886178861788618,22,3,1,1,31,16,142.68,3.3,83471.55,184.0
BELGARD_BARBERS_001,2025-01-17,10746.1,24.0,7,1535.1571428571428,36124.55,89.0,14,2580.3250000000003,73545.34,165.0,27,2451.5113333333334,167287.36999999997,381.0,57,2788.122833333333,263345.94,607.0,87,2926.066,2486.8,1814.3641320468785,0.7401002424002167,-0.16218180542293525,445.72933333333333,0.3137914652376344,121,0.17355371900826447,21,4,1,1,31,17,142.68,3.3,83971.00000000001,187.0
BELGARD_BARBERS_001,2025-01-18,13830.150000000001,31.0,7,1975.7357142857145,36025.100000000006,89.0,14,2573.221428571429,74340.94,166.0,27,2478.0313333333334,167336.0,380.0,57,2788.9333333333334,265832.19,612.0,87,2953.691,2486.8,1823.3934693691929,0.7358234114483323,-0.16103907506461124,447.83698795180726,0.3572694937674988,123,0.17073170731707318,21,5,1,1,31,18,142.68,3.3,82678.15000000001,185.0
BELGARD_BARBERS_001,2025-01-19,14527.400000000001,33.0,7,2075.342857142857,30652.600000000002,77.0,14,2189.4714285714285,69565.14,159.0,27,2318.838,168131.60000000003,382.0,57,2802.193333333334,263544.84,608.0,87,2928.2760000000003,2089.55,1660.6696372877218,0.7161645778134228,-0.20812177540641663,437.5166037735849,0.4075453596442126,115,0.20869565217391303,24,6,1,1,31,19,142.68,3.3,82279.25000000001,183.0
BELGARD_BARBERS_001,2025-01-20,14424.650000000001,31.0,7,2060.664285714286,26965.250000000004,64.0,14,1926.089285714286,66183.84,155.0,27,2206.1279999999997,166342.6,378.0,57,2772.3766666666666,262947.04000000004,606.0,87,2921.633777777778,1790.65,1603.940775424496,0.7270388551455292,-0.24489920099499907,426.99251612903225,0.3562236642660807,113,0.20353982300884957,23,0,1,1,31,20,142.68,3.3,82875.95000000001,184.0
BELGARD_BARBERS_001,2025-01-21,16015.850000000002,35.0,7,2287.9785714285717,28754.250000000004,68.0,14,2053.8750000000005,66980.54,158.0,27,2232.6846666666665,164650.85000000003,375.0,57,2744.180833333334,262648.69,608.0,87,2918.318777777778,2089.55,1603.4281452619641,0.7181614892602974,-0.2349414725807314,423.92746835443035,0.3252608892075221,114,0.20175438596491227,23,1,1,1,31,21,142.68,3.3,83272.65000000002,184.0
BELGARD_BARBERS_001,2025-01-22,13131.800000000001,32.0,7,1875.9714285714288,25769.65,62.0,14,1840.689285714286,64195.94,152.0,27,2139.864666666667,161465.15000000002,369.0,57,2691.0858333333335,261455.29,605.0,87,2905.058777777778,1740.9250000000002,1603.334054443497,0.7492689044401392,-0.26340056076126817,422.3417105263158,0.33936959253186416,112,0.19642857142857142,22,2,1,1,31,22,142.68,3.3,85861.65000000002,192.0
BELGARD_BARBERS_001,2025-01-23,14723.000000000002,34.0,7,2103.2857142857147,25370.75,59.0,14,1812.1964285714287,63081.0,150.0,27,2102.7,161066.25,366.0,57,2684.4375,256780.04000000004,593.0,87,2853.111555555556,1740.9250000000002,1593.4478888038143,0.7578103813210703,-0.2630151471274794,420.54,0.3453678603700005,110,0.20909090909090908,23,3,1,1,31,23,142.68,3.3,86708.07000000002,197.0
BELGARD_BARBERS_001,2025-01-24,17412.55,41.0,7,2487.5071428571428,28158.65,65.0,14,2011.332142857143,68455.7,162.0,28,2281.8566666666666,164948.1,374.0,57,2749.135,260460.79000000004,599.0,87,2894.008777777778,1890.1,1648.170790135402,0.7222937418514757,-0.21152393033899664,422.566049382716,0.31825180372123874,117,0.21367521367521367,25,4,1,1,31,24,142.68,3.3,84519.07,194.0
BELGARD_BARBERS_001,2025-01-25,15921.900000000001,39.0,7,2274.557142857143,29752.05,70.0,14,2125.1464285714287,70446.9,168.0,29,2348.23,164152.50000000006,372.0,57,2735.875000000001,258720.42000000004,595.0,87,2874.6713333333337,1990.1,1594.1503219897427,0.678873160631515,-0.18313096430502096,419.3267857142857,0.33752159427881145,122,0.20491803278688525,25,5,1,1,31,25,142.68,3.3,85512.47000000002,195.0
BELGARD_BARBERS_001,2025-01-26,16319.7,40.0,7,2331.3857142857146,30847.100000000002,73.0,14,2203.364285714286,69453.5,166.0,29,2315.116666666667,164302.78000000003,373.0,57,2738.379666666667,256828.67000000004,591.0,87,2853.6518888888895,1990.1,1586.7795193584884,0.6853993762841994,-0.18871791066005228,418.394578313253,0.373866687783913,120,0.20833333333333334,25,6,1,1,31,26,142.68,3.3,84516.87,192.0
BELGARD_BARBERS_001,2025-01-27,16517.5,40.0,7,2359.6428571428573,30942.15,71.0,14,2210.1535714285715,67563.95,166.0,29,2252.1316666666667,165096.18000000005,374.0,57,2751.603000000001,257424.27000000005,592.0,87,2860.269666666667,1890.1,1576.7309880193752,0.7001060423581105,-0.21261561701233544,407.01174698795177,0.3328046983635504,118,0.211864406779661,25,0,1,1,31,27,142.68,3.3,83125.67000000001,189.0
BELGARD_BARBERS_001,2025-01-28,14726.300000000001,35.0,7,2103.757142857143,30742.15,70.0,14,2195.8678571428572,67563.95,166.0,29,2252.1316666666667,161912.68000000002,366.0,57,2698.544666666667,254539.12000000002,586.0,87,2828.212444444445,1890.1,1576.7309880193752,0.7001060423581105,-0.20369077256179724,407.01174698795177,0.32102918790272034,118,0.211864406779661,25,1,1,1,31,28,142.68,3.3,85711.37,193.0
BELGARD_BARBERS_001,2025-01-29,15124.1,36.0,7,2160.5857142857144,28255.9,68.0,14,2018.2785714285715,67166.15,165.0,29,2238.8716666666664,157534.68000000002,356.0,57,2625.5780000000004,251058.37000000002,578.0,87,2789.5374444444446,1890.1,1583.8899951639808,0.7074501047762813,-0.19740397422320566,407.0675757575757,0.32293052378318543,119,0.21008403361344538,25,2,1,1,31,29,142.68,3.3,89689.37,201.0
BELGARD_BARBERS_001,2025-01-30,15125.2,38.0,7,2160.7428571428572,29848.2,72.0,14,2132.014285714286,67563.95,166.0,29,2252.1316666666667,156739.08000000005,355.0,57,2612.3180000000007,247179.82000000004,571.0,87,2746.442444444445,1989.55,1580.0820980507801,0.7015940148781029,-0.17998220890362338,407.01174698795177,0.32102918790272034,115,0.22608695652173913,26,3,1,1,31,30,142.68,3.3,92672.87000000001,205.0
BELGARD_BARBERS_001,2025-01-31,14325.2,35.0,7,2046.457142857143,31737.75,76.0,14,2266.9821428571427,72138.65000000001,175.0,30,2404.621666666667,157215.78000000003,353.0,57,2620.2630000000004,246083.67000000004,566.0,87,2734.2630000000004,1990.65,1576.1177379182545,0.655453520928762,-0.12055948287832352,412.2208571428572,0.30067099952660603,121,0.23140495867768596,28,4,1,1,31,31,142.68,3.3,91683.87,206.0
BELGARD_BARBERS_001,2025-02-01,17809.25,41.0,7,2544.1785714285716,33731.15,80.0,14,2409.3678571428572,75028.2,181.0,30,2500.94,157615.78000000003,354.0,57,2626.9296666666673,248971.02000000002,572.0,87,2766.344666666667,1990.65,1669.7511398608676,0.6676494197625163,-0.09594056368488191,414.52044198895027,0.36206719606761195,127,0.2204724409448819,28,5,2,1,28,1,143.12,3.5,91041.0,201.0
BELGARD_BARBERS_001,2025-02-02,16814.75,38.0,7,2402.1071428571427,33134.45,78.0,14,2366.746428571428,74532.05,180.0,30,2484.4016666666666,156223.49000000002,351.0,57,2603.7248333333337,247281.47000000003,568.0,87,2747.571888888889,1990.65,1680.1197989768136,0.6762673771794069,-0.09578283403119536,414.06694444444446,0.38050409186383577,128,0.2109375,27,6,2,1,28,2,143.12,3.5,93028.9,204.0
BELGARD_BARBERS_001,2025-02-03,20096.6,43.0,7,2870.942857142857,36614.1,83.0,14,2615.292857142857,75823.8,181.0,30,2527.46,157614.69,352.0,57,2626.9115,249767.72,571.0,87,2775.1968888888887,1990.65,1723.6677026232946,0.6819762538767358,-0.08926822088939268,418.9160220994475,0.3267898733642998,127,0.2283464566929134,29,0,2,1,28,3,143.12,3.5,89549.24999999999,198.0
BELGARD_BARBERS_001,2025-02-04,21490.0,47.0,7,3070.0,36216.3,82.0,14,2586.878571428572,70849.09999999999,170.0,30,2361.6366666666663,154831.18999999997,352.0,57,2580.519833333333,250663.87,574.0,87,2785.154111111111,1990.65,1493.6066301592116,0.6324455625375107,-0.15206248112262855,416.7594117647058,0.24862348286710773,122,0.22131147540983606,27,1,2,1,28,4,143.12,3.5,91239.89999999998,200.0
BELGARD_BARBERS_001,2025-02-05,21092.199999999997,46.0,7,3013.1714285714284,36216.3,82.0,14,2586.878571428572,66563.95000000001,155.0,30,2218.7983333333336,154032.29,349.0,57,2567.2048333333337,249668.27000000002,571.0,87,2774.091888888889,1989.55,1430.2987194687303,0.644627633787687,-0.20017129128983824,429.44483870967747,0.2646289770964613,113,0.22123893805309736,25,2,2,1,28,5,143.12,3.5,95317.34999999999,207.0
BELGARD_BARBERS_001,2025-02-06,23876.8,49.0,7,3410.9714285714285,39001.99999999999,87.0,14,2785.857142857142,70540.85,160.0,30,2351.3616666666667,157015.79,352.0,57,2616.9298333333336,251456.17,571.0,87,2793.9574444444447,1990.65,1476.0176009950633,0.6277288695819784,-0.1584117820612635,440.88031250000006,0.24970991985494928,111,0.24324324324324326,27,3,2,1,28,6,143.12,3.5,94820.09999999999,210.0
BELGARD_BARBERS_001,2025-02-07,23181.75,49.0,7,3311.6785714285716,37506.95,84.0,14,2679.067857142857,70640.3,161.0,30,2354.6766666666667,156419.09000000003,353.0,57,2606.984833333334,251655.07,573.0,87,2796.1674444444443,1990.65,1479.3308771610973,0.6282522344162315,-0.15789139475711733,438.75962732919254,0.249358369089599,114,0.2543859649122807,29,4,2,1,28,7,143.12,3.5,93725.04999999999,207.0
BELGARD_BARBERS_001,2025-02-08,20890.0,43.0,7,2984.285714285714,38699.25,84.0,14,2764.2321428571427,71435.9,161.0,30,2381.1966666666663,154728.44,351.0,57,2578.807333333333,252549.02,572.0,87,2806.1002222222223,1990.65,1486.8012682676263,0.6243924700049807,-0.15142137554127133,443.7012422360248,0.29114562845852016,115,0.23478260869565218,27,5,2,1,28,8,143.12,3.5,91933.84999999999,204.0
BELGARD_BARBERS_001,2025-02-09,23479.0,51.0,7,3354.1428571428573,40293.75,89.0,14,2878.125,72632.59999999999,166.0,30,2421.0866666666666,157119.64,359.0,57,2618.660666666667,251557.82,573.0,87,2795.086888888889,1990.65,1507.6890250166164,0.6227323646750701,-0.13380629550693357,437.54578313253006,0.3384396262835146,117,0.23931623931623933,28,6,2,1,28,9,143.12,3.5,89940.45000000003,196.0
BELGARD_BARBERS_001,2025-02-10,22882.299999999996,52.0,7,3268.899999999999,42978.9,95.0,14,3069.921428571429,76511.15,175.0,30,2550.3716666666664,158509.74,361.0,57,2641.8289999999997,252949.02,578.0,87,2810.5446666666667,2090.1,1494.8875169324801,0.5861449672103269,-0.09257031318010256,437.2065714285714,0.31608399560064127,123,0.23577235772357724,29,0,2,1,28,10,143.12,3.5,87855.30000000002,193.0
BELGARD_BARBERS_001,2025-02-11,21888.9,50.0,7,3126.9857142857145,43378.899999999994,97.0,14,3098.492857142857,76612.80000000002,176.0,30,2553.7600000000007,155425.69,354.0,57,2590.4281666666666,251658.37,576.0,87,2796.204111111111,2090.1,1491.6943210322952,0.5841168790459146,-0.0867047259346071,435.3000000000001,0.301385669235428,123,0.23577235772357724,29,1,2,1,28,11,143.12,3.5,88449.80000000002,192.0
BELGARD_BARBERS_001,2025-02-12,25170.75,53.0,7,3595.8214285714284,46262.95,99.0,14,3304.496428571428,79194.10000000002,175.0,30,2639.803333333334,156220.19000000003,351.0,57,2603.669833333334,253845.17,576.0,87,2820.501888888889,2189.0,1502.614910410811,0.5692147181712314,-0.06406609981982292,452.5377142857144,0.291562123946102,126,0.21428571428571427,27,2,2,1,28,12,143.12,3.5,89344.85000000002,195.0
BELGARD_BARBERS_001,2025-02-13,22981.75,51.0,7,3283.1071428571427,46858.54999999999,100.0,14,3347.0392857142847,80784.20000000001,178.0,30,2692.806666666667,156617.99000000005,352.0,57,2610.299833333334,253046.27000000002,575.0,87,2811.6252222222224,2387.3500000000004,1471.402834470863,0.54641978300368,-0.04225974166700819,453.84382022471914,0.28582321790647175,128,0.21875,28,3,2,1,28,13,143.12,3.5,91832.20000000003,198.0
BELGARD_BARBERS_001,2025-02-14,23875.700000000004,48.0,7,3410.814285714286,47057.44999999999,97.0,14,3361.2464285714277,81878.15000000001,179.0,30,2729.271666666667,159998.19000000006,354.0,57,2666.636500000001,255233.07,574.0,87,2835.9230000000002,2387.3500000000004,1508.495268840406,0.5527098263115638,-0.037607274010378,457.4198324022347,0.28200441753996636,127,0.2283464566929134,29,4,2,1,28,14,143.12,3.5,90642.10000000002,202.0
BELGARD_BARBERS_001,2025-02-15,22683.400000000005,48.0,7,3240.485714285715,43573.39999999999,91.0,14,3112.385714285713,83471.55,184.0,30,2782.385,157016.89000000004,349.0,57,2616.9481666666675,253644.07,571.0,87,2818.2674444444447,2387.3500000000004,1452.481762946326,0.5220275996838417,-0.012732093441017556,453.6497282608696,0.3004760304558859,129,0.23255813953488372,30,5,2,1,28,15,143.12,3.5,89744.85,199.0
BELGARD_BARBERS_001,2025-02-16,22084.500000000007,45.0,7,3154.9285714285725,45563.499999999985,96.0,14,3254.5357142857133,83971.00000000001,187.0,30,2799.0333333333338,157516.34000000005,352.0,57,2625.2723333333342,251258.37000000002,568.0,87,2791.759666666667,2387.3500000000004,1454.1332515931574,0.5195126597015007,0.0026054057423043897,449.0427807486632,0.33661383096545233,133,0.23308270676691728,31,6,2,1,28,16,143.12,3.5,90140.45000000001,199.0
BELGARD_BARBERS_001,2025-02-17,19997.15,41.0,7,2856.7357142857145,42879.45,93.0,14,3062.817857142857,82678.15000000001,185.0,30,2755.9383333333335,157019.09000000003,351.0,57,2616.984833333334,250014.15,565.0,87,2777.935,2189.0,1452.4151392125768,0.5270129311840831,-0.007918351821286862,446.90891891891897,0.2997642061415258,131,0.24427480916030533,32,0,2,1,28,17,143.12,3.5,88947.05,196.0
BELGARD_BARBERS_001,2025-02-18,20193.850000000002,40.0,7,2884.8357142857144,42082.75,90.0,14,3005.910714285714,82279.25000000001,183.0,30,2742.6416666666673,151844.39,342.0,57,2530.7398333333335,250410.85,565.0,87,2782.342777777778,2189.0,1462.9738834581278,0.5334177997945269,-0.014268950406901126,449.61338797814216,0.2794477343923285,128,0.2421875,31,1,2,1,28,18,143.12,3.5,90239.90000000001,198.0
BELGARD_BARBERS_001,2025-02-19,18106.5,40.0,7,2586.6428571428573,43277.25,93.0,14,3091.2321428571427,82875.95000000001,184.0,30,2762.531666666667,149059.79,339.0,57,2484.3298333333337,249218.55,562.0,87,2769.095,2189.0,1448.4793754418995,0.5243304150752658,-0.0023702087986625653,450.4127717391305,0.277435733768361,125,0.256,32,2,2,1,28,19,143.12,3.5,90239.9,197.0
BELGARD_BARBERS_001,2025-02-20,18504.300000000003,41.0,7,2643.471428571429,41486.05,92.0,14,2963.289285714286,83272.65000000002,184.0,30,2775.7550000000006,150253.19,342.0,57,2504.2198333333336,247923.50000000003,559.0,87,2754.7055555555557,2189.0,1448.6254947564375,0.5218852149258264,0.007641268375123911,452.56875000000014,0.2761140662630527,126,0.25396825396825395,32,3,2,1,28,20,143.12,3.5,91733.85,200.0
BELGARD_BARBERS_001,2025-02-21,17115.3,45.0,7,2445.042857142857,40991.0,93.0,14,2927.9285714285716,85861.65000000002,192.0,30,2862.0550000000007,150057.59,344.0,57,2500.9598333333333,247326.80000000002,561.0,87,2748.0755555555556,2387.3500000000004,1404.5369632225184,0.49074422511884574,0.041476095594978224,447.1960937500001,0.26778835487088815,130,0.2692307692307692,35,4,2,1,28,21,143.12,3.5,90340.45,196.0
BELGARD_BARBERS_001,2025-02-22,17959.52,47.0,7,2565.6457142857143,40642.92,95.0,14,2903.065714285714,86708.07000000002,197.0,30,2890.2690000000007,149789.07000000004,347.0,57,2496.4845000000005,247774.32,563.0,87,2753.0480000000002,2710.5600000000004,1395.1860799199271,0.48271841822333034,0.049843300952253866,440.14248730964476,0.29787504208085813,131,0.2900763358778626,38,5,2,1,28,22,143.12,3.5,88698.43,191.0
BELGARD_BARBERS_001,2025-02-23,17960.620000000003,48.0,7,2565.8028571428576,40045.119999999995,93.0,14,2860.365714285714,84519.07,194.0,30,2817.3023333333335,152974.77000000002,356.0,58,2549.5795000000003,249467.17,568.0,87,2771.857444444445,2710.5600000000004,1318.477454954978,0.46799288786127596,0.016395103211376494,435.66530927835055,0.3432819362541495,131,0.26717557251908397,35,6,2,1,28,23,143.12,3.5,86208.87999999998,184.0
BELGARD_BARBERS_001,2025-02-24,18756.22,49.0,7,2679.46,38753.369999999995,90.0,14,2768.097857142857,85512.47000000002,195.0,30,2850.415666666667,155959.37000000002,363.0,59,2599.3228333333336,249664.97,567.0,87,2774.0552222222223,2909.46,1309.7599351985166,0.4594978727190957,0.02752664901287538,438.52548717948724,0.3160085306856415,132,0.25757575757575757,34,0,2,1,28,24,143.12,3.5,85014.38,180.0
BELGARD_BARBERS_001,2025-02-25,18557.320000000003,49.0,7,2651.045714285715,38751.17,89.0,14,2767.940714285714,84516.87,192.0,30,2817.229,153970.37000000002,358.0,59,2566.1728333333335,248819.65,565.0,87,2764.6627777777776,2909.46,1338.398573241793,0.47507624450898134,0.019013610862325336,440.19203124999996,0.29383092393270127,135,0.23703703703703705,32,1,2,1,28,25,143.12,3.5,85512.18,182.0
BELGARD_BARBERS_001,2025-02-26,16767.22,45.0,7,2395.317142857143,34873.72000000001,85.0,14,2490.9800000000005,83125.67000000001,189.0,30,2770.8556666666673,150689.62000000002,355.0,59,2511.493666666667,248221.85,563.0,87,2758.020555555556,2909.46,1402.6349985406832,0.5062100546825125,0.004653740192493316,439.8183597883598,0.2987485093353232,132,0.25,33,2,2,1,28,26,143.12,3.5,87103.37999999999,186.0
BELGARD_BARBERS_001,2025-02-27,17165.02,44.0,7,2452.1457142857143,35669.32000000001,85.0,14,2547.808571428572,85711.37,193.0,30,2857.0456666666664,153275.32,359.0,59,2554.588666666667,247624.05,559.0,87,2751.378333333333,2984.05,1357.3220451356497,0.4750788763972562,0.038405235678844685,444.1003626943005,0.28973600585313247,132,0.25757575757575757,34,3,2,1,28,27,143.12,3.5,87503.37999999999,190.0
BELGARD_BARBERS_001,2025-02-28,18951.820000000003,45.0,7,2707.4028571428576,36067.12,90.0,14,2576.2228571428573,89689.37,201.0,30,2989.6456666666663,156855.51999999996,366.0,59,2614.258666666666,247224.05,557.0,87,2746.9338888888888,3084.05,1382.3980408736197,0.46239527857324225,0.08835734225695258,446.21577114427856,0.276885320969475,136,0.2647058823529412,36,4,2,1,28,28,143.12,3.5,83525.37999999999,182.0
BELGARD_BARBERS_001,2025-03-01,21090.0,46.0,7,3012.8571428571427,39049.52,93.0,14,2789.2514285714283,92672.87000000001,205.0,30,3089.095666666667,160236.81999999998,371.0,59,2670.613666666666,249411.94999999998,560.0,87,2771.2438888888887,3184.05,1413.871805649728,0.4576976430048172,0.1146964289401533,452.0627804878049,0.32163965570506237,140,0.2642857142857143,37,5,3,1,31,1,143.69,3.6,81536.38,181.0
BELGARD_BARBERS_001,2025-03-02,21490.000000000004,47.0,7,3070.0000000000005,39450.62,95.0,14,2817.901428571429,91683.87,206.0,30,3056.129,163822.52000000002,381.0,60,2730.375333333334,248899.65000000002,559.0,87,2765.5516666666667,3184.05,1390.1797974802876,0.4548825646693211,0.10507029640258625,445.06733009708734,0.36421859155814434,142,0.2605633802816901,37,6,3,1,31,2,143.69,3.6,83620.43000000001,179.0
BELGARD_BARBERS_001,2025-03-03,23337.780000000002,47.0,7,3333.968571428572,42094.0,96.0,14,3006.714285714286,91041.0,201.0,30,3034.7,166069.2,382.0,60,2767.82,248656.78,555.0,87,2762.853111111111,3184.05,1357.290698668982,0.44725696071077276,0.09839353666527817,452.94029850746267,0.30664997089223545,135,0.2740740740740741,37,0,3,1,31,3,143.69,3.6,79385.85,174.0
BELGARD_BARBERS_001,2025-03-04,25326.780000000002,50.0,7,3618.111428571429,43884.1,99.0,14,3134.578571428571,93028.9,204.0,30,3100.963333333333,167560.95,384.0,60,2792.6825000000003,249252.38999999998,555.0,87,2769.471,3184.05,1313.6576874065108,0.42362890050506163,0.11969518125784062,456.0240196078431,0.2872571856702595,137,0.25547445255474455,35,1,3,1,31,4,143.69,3.6,78988.05,175.0
BELGARD_BARBERS_001,2025-03-05,26520.180000000004,52.0,7,3788.5971428571434,43287.4,97.0,14,3091.957142857143,89549.24999999999,198.0,30,2984.9749999999995,165373.05,379.0,60,2756.2174999999997,247163.93999999994,550.0,87,2746.265999999999,3182.95,1305.6643030727053,0.43741214015953417,0.0869212960434278,452.2689393939393,0.2984192497424602,138,0.21739130434782608,30,2,3,1,31,5,143.69,3.6,80978.15000000001,181.0
BELGARD_BARBERS_001,2025-03-06,27018.530000000006,54.0,7,3859.790000000001,44183.55000000001,98.0,14,3155.967857142858,91239.89999999998,200.0,30,3041.3299999999995,162088.99999999997,370.0,60,2701.4833333333327,246071.09,552.0,87,2734.123222222222,3184.05,1306.577829596589,0.4296073854519533,0.11236025329103061,456.1994999999999,0.2928896239474178,137,0.24087591240875914,33,3,3,1,31,6,143.69,3.6,80381.45000000001,181.0
BELGARD_BARBERS_001,2025-03-07,26720.180000000004,52.0,7,3817.168571428572,45672.00000000001,97.0,14,3262.2857142857147,95317.34999999999,207.0,30,3177.245,161881.29999999996,362.0,60,2698.021666666666,249349.63999999996,556.0,87,2770.551555555555,3185.1500000000005,1277.6551054249082,0.4021267184069558,0.146791509303964,460.4702898550724,0.2803605010000803,141,0.24822695035460993,35,4,3,1,31,7,143.69,3.6,77000.15000000001,176.0
BELGARD_BARBERS_001,2025-03-08,26024.03,54.0,7,3717.718571428571,47114.030000000006,100.0,14,3365.287857142858,94820.09999999999,210.0,30,3160.6699999999996,165360.94999999998,370.0,60,2756.015833333333,251835.89,562.0,87,2798.1765555555558,3185.1500000000005,1259.9262372430117,0.39862631569983953,0.1295463089077571,451.52428571428567,0.32694196694582695,146,0.2328767123287671,34,5,3,1,31,8,143.69,3.6,78789.15,178.0
BELGARD_BARBERS_001,2025-03-09,25222.93,50.0,7,3603.2757142857145,46712.93,97.0,14,3336.6378571428572,93725.04999999999,207.0,30,3124.168333333333,164365.35,368.0,60,2739.4225,250144.13999999998,560.0,87,2779.3793333333333,3184.05,1254.4181779244202,0.4015206749714469,0.12405251628121272,452.77801932367146,0.360472146987385,144,0.2222222222222222,32,6,3,1,31,9,143.69,3.6,79585.85,178.0
BELGARD_BARBERS_001,2025-03-10,21782.85,46.0,7,3111.835714285714,45120.630000000005,93.0,14,3222.902142857143,91933.84999999999,204.0,30,3064.4616666666666,163369.75,365.0,60,2722.829166666667,246662.29,555.0,87,2740.692111111111,3183.5,1292.2312750847746,0.4216829628318975,0.11813423121953504,450.65612745098036,0.332867273588564,143,0.21678321678321677,31,0,3,1,31,10,143.69,3.6,79386.95,178.0
BELGARD_BARBERS_001,2025-03-11,20390.549999999996,43.0,7,2912.935714285714,45717.33,93.0,14,3265.5235714285714,89940.45000000003,196.0,30,2998.015000000001,162573.05000000002,362.0,60,2709.5508333333337,247060.09,555.0,87,2745.112111111111,3083.5,1304.7397798865234,0.4352012181014848,0.09212843725589215,458.87984693877564,0.29817807226892895,140,0.22142857142857142,31,1,3,1,31,11,143.69,3.6,79486.4,180.0
BELGARD_BARBERS_001,2025-03-12,21188.350000000002,47.0,7,3026.9071428571433,47708.53,99.0,14,3407.7521428571426,87855.30000000002,193.0,30,2928.5100000000007,164366.45,368.0,60,2739.4408333333336,246365.04,554.0,87,2737.3893333333335,2984.05,1290.2487940677695,0.4405820004260765,0.06981859114426325,455.2088082901555,0.30525500453586746,138,0.21739130434782608,30,2,3,1,31,12,143.69,3.6,81075.4,183.0
BELGARD_BARBERS_001,2025-03-13,19098.8,42.0,7,2728.4,46117.329999999994,96.0,14,3294.095,88449.80000000002,192.0,30,2948.3266666666673,165062.6,368.0,60,2751.0433333333335,243875.49000000002,546.0,87,2709.7276666666667,2984.05,1267.852222848634,0.43002433793472694,0.08805276003750961,460.6760416666668,0.30320328593168094,137,0.2116788321167883,29,3,3,1,31,13,143.69,3.6,85253.40000000001,190.0
BELGARD_BARBERS_001,2025-03-14,19198.25,41.0,7,2742.6071428571427,45918.43,93.0,14,3279.8878571428572,89344.85000000002,195.0,30,2978.1616666666673,168538.95,370.0,60,2808.9825,245565.04,546.0,87,2728.5004444444444,2984.05,1304.0850193937597,0.43788254814701444,0.09150125767088046,458.17871794871803,0.3001658181753061,136,0.22058823529411764,30,4,3,1,31,14,143.69,3.6,81474.29999999999,185.0
BELGARD_BARBERS_001,2025-03-15,19993.85,39.0,7,2856.2642857142855,46017.88,93.0,14,3286.9914285714285,91832.20000000003,198.0,30,3061.073333333334,172616.4,376.0,60,2876.94,248450.19,550.0,87,2760.5576666666666,3083.5,1354.5901319767868,0.4425212938305256,0.10886049231840023,463.79898989899004,0.3472781878251854,136,0.21323529411764705,29,5,3,1,31,15,143.69,3.6,78688.60000000002,181.0
BELGARD_BARBERS_001,2025-03-16,20792.75,43.0,7,2970.3928571428573,46015.68000000001,93.0,14,3286.834285714286,90642.10000000002,202.0,30,3021.403333333334,172520.25,381.0,60,2875.3375,250640.28999999998,556.0,87,2784.892111111111,3083.5,1320.8633986963057,0.4371688427440357,0.08492652956952806,448.72326732673275,0.3913724417240994,139,0.22302158273381295,31,6,3,1,31,16,143.69,3.6,77990.25,178.0
BELGARD_BARBERS_001,2025-03-17,20494.4,43.0,7,2927.7714285714287,42277.24999999999,89.0,14,3019.803571428571,89744.85,199.0,30,2991.4950000000003,173216.4,383.0,60,2886.94,246761.74000000002,548.0,87,2741.7971111111115,3083.5,1353.6041485918252,0.4524841755014884,0.09107088481382886,450.97914572864323,0.373097954924433,142,0.20422535211267606,29,0,3,1,31,17,143.69,3.6,78687.5,180.0
BELGARD_BARBERS_001,2025-03-18,22284.5,48.0,7,3183.5,42675.049999999996,91.0,14,3048.2178571428567,90140.45000000001,199.0,30,3004.681666666667,174111.45,386.0,60,2901.8575,247656.79000000004,551.0,87,2751.7421111111116,3083.5,1357.3429083226865,0.45174266657955,0.09191978947962598,452.9670854271357,0.3361312263251403,143,0.1958041958041958,28,1,3,1,31,18,143.69,3.6,78389.15,180.0
BELGARD_BARBERS_001,2025-03-19,21088.9,44.0,7,3012.7000000000003,42277.24999999999,91.0,14,3019.803571428571,88947.05,196.0,30,2964.9016666666666,171625.20000000004,381.0,60,2860.4200000000005,245966.14000000004,547.0,87,2732.9571111111118,3083.5,1397.5573003544037,0.47136716743986573,0.08486944585136769,453.81147959183676,0.3406410892772722,140,0.2,28,2,3,1,31,19,143.69,3.6,79482.0,182.0
BELGARD_BARBERS_001,2025-03-20,21983.95,46.0,7,3140.5642857142857,41082.74999999999,88.0,14,2934.482142857142,90239.90000000001,198.0,30,3007.996666666667,172519.15000000002,381.0,60,2875.319166666667,242084.28999999998,540.0,87,2689.825444444444,3083.5,1368.0212212713986,0.4547947929700937,0.11828694047019761,455.75707070707074,0.3357607887420087,140,0.21428571428571427,30,3,3,1,31,20,143.69,3.6,79581.45,184.0
BELGARD_BARBERS_001,2025-03-21,19001.55,42.0,7,2714.5071428571428,38199.799999999996,83.0,14,2728.5571428571425,90239.9,197.0,30,3007.9966666666664,173115.85,381.0,60,2885.264166666667,239299.69,536.0,87,2658.8854444444446,3083.5,1368.0212212713986,0.45479479297009373,0.13129983578332238,458.0705583756345,0.33576078874200876,141,0.2198581560283688,31,4,3,1,31,21,143.69,3.6,79182.54999999999,184.0
BELGARD_BARBERS_001,2025-03-22,18405.95,43.0,7,2629.421428571429,38399.799999999996,82.0,14,2742.8428571428567,91733.85,200.0,30,3057.795,175006.50000000003,384.0,60,2916.7750000000005,241987.04,542.0,87,2688.744888888889,3184.05,1393.1829103118514,0.4556168449199019,0.1372573919661153,458.66925000000003,0.37910182555294464,144,0.2013888888888889,29,5,3,1,31,22,143.69,3.6,76496.3,178.0
BELGARD_BARBERS_001,2025-03-23,16813.65,39.0,7,2401.9500000000003,37606.399999999994,82.0,14,2686.1714285714284,90340.45,196.0,30,3011.3483333333334,176202.10000000003,388.0,60,2936.7016666666673,240398.04,540.0,87,2671.0893333333333,3083.5,1404.6928875287613,0.46646642368798075,0.12738585555855608,460.92066326530613,0.40699011350950753,143,0.18181818181818182,26,6,3,1,31,23,143.69,3.6,76793.54999999999,178.0
BELGARD_BARBERS_001,2025-03-24,16913.100000000002,39.0,7,2416.1571428571433,37407.49999999999,82.0,14,2671.9642857142853,88698.43,191.0,30,2956.614333333333,175406.50000000003,388.0,60,2923.441666666667,238487.5,538.0,87,2649.8611111111113,3083.5,1441.9775112640357,0.4877124131500532,0.11576200010482718,464.3896858638743,0.38255750411816764,140,0.17857142857142858,25,0,3,1,31,24,143.69,3.6,77589.15,180.0
BELGARD_BARBERS_001,2025-03-25,14029.05,33.0,7,2004.1499999999999,36313.55,81.0,14,2593.8250000000003,86208.87999999998,184.0,30,2873.6293333333324,170727.95,378.0,60,2845.4658333333336,239183.65,540.0,88,2657.596111111111,2884.6000000000004,1496.9925154854836,0.5209414095689971,0.08128895934149316,468.5265217391303,0.35665177415598026,137,0.1678832116788321,23,1,3,1,31,25,143.69,3.6,78983.64999999998,184.0
BELGARD_BARBERS_001,2025-03-26,14823.550000000001,33.0,7,2117.65,35912.45,77.0,14,2565.1749999999997,85014.38,180.0,30,2833.8126666666667,170526.85,375.0,60,2842.1141666666667,240973.75,543.0,89,2677.4861111111113,2734.875,1509.3459738309027,0.532620236893183,0.05838557104248898,472.3021111111111,0.361662932788547,133,0.18045112781954886,24,2,3,1,31,26,143.69,3.6,79381.44999999998,185.0
BELGARD_BARBERS_001,2025-03-27,13829.6,33.0,7,1975.6571428571428,35813.55,79.0,14,2558.1107142857145,85512.18,182.0,30,2850.406,170029.05000000002,374.0,60,2833.8175,239482.55000000002,540.0,89,2660.9172222222223,2734.875,1493.87759303677,0.5240929162500956,0.07121182733355713,469.84714285714284,0.3595575507489108,133,0.18045112781954886,24,3,3,1,31,27,143.69,3.6,81369.89999999997,189.0
BELGARD_BARBERS_001,2025-03-28,13630.7,34.0,7,1947.2428571428572,32632.250000000004,76.0,14,2330.8750000000005,87103.37999999999,186.0,30,2903.4459999999995,170229.05000000005,375.0,60,2837.150833333334,237793.0,541.0,89,2642.1444444444446,2734.875,1425.517169625583,0.4909742318698482,0.0988975285227065,468.2977419354838,0.35298917217678577,134,0.19402985074626866,26,4,3,1,31,28,143.69,3.6,82166.59999999998,192.0
BELGARD_BARBERS_001,2025-03-29,12934.55,34.0,7,1847.792857142857,31340.500000000004,77.0,14,2238.607142857143,87503.37999999999,190.0,30,2916.779333333333,173214.75000000003,383.0,60,2886.9125000000004,240778.7,549.0,89,2675.318888888889,2734.875,1431.7812436913057,0.4908774645132471,0.09025482735806767,460.54410526315786,0.3945887575999922,137,0.19708029197080293,27,5,3,1,31,29,143.69,3.6,81176.49999999997,192.0
BELGARD_BARBERS_001,2025-03-30,12136.75,31.0,7,1733.8214285714287,28950.4,70.0,14,2067.8857142857146,83525.37999999999,182.0,30,2784.179333333333,173214.75000000003,383.0,60,2886.9125000000004,240380.9,548.0,89,2670.898888888889,2438.175,1400.704168975813,0.5030940903145175,0.04241285393307037,458.9306593406593,0.42766941018406623,133,0.20300751879699247,27,6,3,1,31,30,143.69,3.6,82271.54999999997,195.0
BELGARD_BARBERS_001,2025-03-31,13927.95,36.0,7,1989.707142857143,30841.05,75.0,14,2202.932142857143,81536.38,181.0,30,2717.8793333333333,174209.25,386.0,60,2903.4875,241773.2,552.0,89,2686.368888888889,2438.175,1341.31651692888,0.4935158454160756,0.011729753339079663,450.4772375690608,0.37710344756536895,131,0.22137404580152673,29,0,3,1,31,31,143.69,3.6,80878.14999999998,191.0
BELGARD_BARBERS_001,2025-04-01,18901.55,42.0,7,2700.2214285714285,32930.6,75.0,14,2352.1857142857143,83620.43000000001,179.0,30,2787.347666666667,175304.3,385.0,60,2921.7383333333332,247442.95,560.0,90,2749.3661111111114,2438.175,1435.148682201449,0.5148796827048541,0.013814659096167414,467.15324022346374,0.3248243282173985,128,0.2421875,31,1,4,2,30,1,144.09,4.1,82568.79999999997,198.0
BELGARD_BARBERS_001,2025-04-02,17709.25,41.0,7,2529.8928571428573,32532.8,74.0,14,2323.7714285714287,79385.85,174.0,30,2646.195,170426.84999999998,375.0,60,2840.4474999999998,245455.05,556.0,90,2727.278333333333,2091.2,1435.3140385963159,0.5424067533179965,-0.029730494442872457,456.24051724137934,0.34215102565507577,126,0.23015873015873015,29,2,4,2,30,2,144.09,4.1,89429.74999999999,210.0
BELGARD_BARBERS_001,2025-04-03,18802.649999999998,43.0,7,2686.0928571428567,32632.249999999996,76.0,14,2330.8749999999995,78988.05,175.0,30,2632.935,172016.95,379.0,60,2866.9491666666668,246549.0,559.0,90,2739.4333333333334,2091.2,1432.1331059617562,0.5439302929854919,-0.03887604492413277,451.36028571428574,0.34387416830773765,126,0.24603174603174602,31,3,4,2,30,3,144.09,4.1,92415.44999999998,213.0
BELGARD_BARBERS_001,2025-04-04,20394.95,47.0,7,2913.5642857142857,34025.649999999994,81.0,14,2430.403571428571,80978.15000000001,181.0,30,2699.271666666667,170527.4,379.0,60,2842.1233333333334,246351.2,560.0,90,2737.2355555555555,2438.175,1419.2138809732737,0.5257766005916189,-0.013869427061853012,447.393093922652,0.33542319749216293,127,0.25196850393700787,32,4,4,2,30,4,144.09,4.1,91420.95,211.0
BELGARD_BARBERS_001,2025-04-05,19896.600000000002,45.0,7,2842.371428571429,32831.149999999994,79.0,14,2345.0821428571426,80381.45000000001,181.0,30,2679.381666666667,171621.35,381.0,60,2860.3558333333335,242470.45,551.0,90,2694.1161111111114,2438.175,1406.6575065548905,0.5249933311310845,-0.005469120051536103,444.0964088397791,0.378755297397596,129,0.24806201550387597,32,5,4,2,30,5,144.09,4.1,89929.2,208.0
BELGARD_BARBERS_001,2025-04-06,20194.95,46.0,7,2884.9928571428572,32331.699999999997,77.0,14,2309.407142857143,77000.15000000001,176.0,30,2566.671666666667,172317.50000000003,383.0,60,2871.958333333334,238881.45,538.0,90,2654.2383333333337,2091.2,1361.0993365464633,0.5302974097634081,-0.03299125989062768,437.50085227272734,0.4147608803359473,127,0.23622047244094488,30,6,4,2,30,6,144.09,4.1,90028.65,208.0
BELGARD_BARBERS_001,2025-04-07,23276.8,51.0,7,3325.2571428571428,37204.75,87.0,14,2657.4821428571427,78789.15,178.0,30,2626.305,173609.25000000003,388.0,60,2893.4875000000006,244150.10000000003,548.0,90,2712.7788888888895,2091.2,1469.6115582215366,0.5595738340449935,-0.03187649728589115,442.63567415730336,0.3510534128112818,124,0.2903225806451613,36,0,4,2,30,7,144.09,4.1,85354.5,198.0
BELGARD_BARBERS_001,2025-04-08,21188.35,49.0,7,3026.907142857143,40089.9,91.0,14,2863.5642857142857,79585.85,178.0,30,2652.8616666666667,173310.90000000002,385.0,60,2888.5150000000003,243951.2,546.0,90,2710.568888888889,2091.2,1479.3979001429,0.5576611546435327,-0.021289708761424442,447.11151685393264,0.31255053505114283,123,0.3008130081300813,37,1,4,2,30,8,144.09,4.1,84558.9,198.0
BELGARD_BARBERS_001,2025-04-09,21783.95,50.0,7,3111.9928571428572,39493.200000000004,91.0,14,2820.9428571428575,79386.95,178.0,30,2646.2316666666666,171320.80000000002,382.0,60,2855.346666666667,242756.69999999998,543.0,90,2697.2966666666666,2091.2,1485.4655649819763,0.561351291987654,-0.01893191825395557,445.9941011235955,0.3133336146558093,123,0.2926829268292683,36,2,4,2,30,9,144.09,4.1,86050.64999999998,201.0
BELGARD_BARBERS_001,2025-04-10,20888.9,48.0,7,2984.128571428572,39691.55000000001,91.0,14,2835.110714285715,79486.4,180.0,30,2649.5466666666666,169426.85,376.0,60,2823.7808333333332,242059.44999999998,542.0,90,2689.5494444444444,2091.2,1483.6611740293745,0.5599679343998626,-0.014873412296028898,441.5911111111111,0.312941584975543,125,0.272,34,3,4,2,30,10,144.09,4.1,90627.54999999999,212.0
BELGARD_BARBERS_001,2025-04-11,21285.6,49.0,7,3040.7999999999997,41680.55,96.0,14,2977.182142857143,81075.4,183.0,30,2702.5133333333333,168930.69999999998,376.0,60,2815.5116666666663,245441.85,551.0,90,2727.1316666666667,2338.175,1494.67550145694,0.553068687218419,-0.00902718912850442,443.0349726775956,0.3068082303633408,128,0.2421875,31,4,4,2,30,11,144.09,4.1,90427.54999999997,210.0
BELGARD_BARBERS_001,2025-04-12,23970.75,51.0,7,3424.3928571428573,43867.35,96.0,14,3133.3821428571428,85253.40000000001,190.0,30,2841.78,173703.2,382.0,60,2895.0533333333337,250316.00000000003,558.0,90,2781.2888888888892,2734.875,1594.4836958819408,0.56108625434831,0.02174930887358384,448.70210526315793,0.3617767737122507,132,0.23484848484848486,31,5,4,2,30,12,144.09,4.1,86846.24999999999,205.0
BELGARD_BARBERS_001,2025-04-13,23672.4,50.0,7,3381.7714285714287,43867.35,96.0,14,3133.3821428571428,81474.29999999999,185.0,30,2715.8099999999995,170819.15000000002,380.0,60,2846.9858333333336,250013.25,555.0,90,2777.925,2338.175,1570.2705008161279,0.5781960081213812,-0.022360214908610065,440.4016216216216,0.39320497383837605,129,0.24031007751937986,31,6,4,2,30,13,144.09,4.1,89332.49999999997,207.0
BELGARD_BARBERS_001,2025-04-14,19893.300000000003,42.0,7,2841.9000000000005,43170.1,93.0,14,3083.578571428571,78688.60000000002,181.0,30,2622.953333333334,170520.80000000002,379.0,60,2842.013333333334,251305.0,557.0,90,2792.277777777778,2139.275,1509.313421279873,0.5754251904138107,-0.060640257854001955,434.7436464088399,0.34265509870553035,127,0.23622047244094488,30,0,4,2,30,14,144.09,4.1,89630.84999999998,206.0
BELGARD_BARBERS_001,2025-04-15,19197.15,43.0,7,2742.4500000000003,40385.5,92.0,14,2884.6785714285716,77990.25,178.0,30,2599.675,168632.35,380.0,60,2810.539166666667,250510.5,559.0,90,2783.45,2139.275,1499.6738631977064,0.5768697484099767,-0.06602417862724308,438.14747191011236,0.2997752924243736,125,0.24,30,1,4,2,30,15,144.09,4.1,91470.11999999998,210.0
BELGARD_BARBERS_001,2025-04-16,19794.95,45.0,7,2827.85,41578.9,95.0,14,2969.921428571429,78687.5,180.0,30,2622.9166666666665,168432.35,379.0,60,2807.2058333333334,251903.9,563.0,90,2798.932222222222,2139.275,1481.450524279798,0.5648103666833225,-0.06288668019828203,437.15277777777777,0.29711898332009534,126,0.23809523809523808,30,2,4,2,30,16,144.09,4.1,91967.36999999998,211.0
BELGARD_BARBERS_001,2025-04-17,21187.25,48.0,7,3026.75,42076.149999999994,96.0,14,3005.4392857142852,78389.15,180.0,30,2612.9716666666664,168529.6,379.0,60,2808.826666666667,252500.6,566.0,90,2805.5622222222223,2139.275,1475.9822079259252,0.5648672837730446,-0.06864597549471185,435.49527777777774,0.2982498215633159,127,0.2283464566929134,29,3,4,2,30,17,144.09,4.1,96145.35999999999,217.0
BELGARD_BARBERS_001,2025-04-18,19495.500000000004,43.0,7,2785.071428571429,40781.1,92.0,14,2912.9357142857143,79482.0,182.0,30,2649.4,168429.05000000005,378.0,60,2807.150833333334,251107.2,563.0,90,2790.08,2187.8999999999996,1448.851562560269,0.546860256118468,-0.05042149329051493,436.7142857142857,0.2941489897083617,128,0.234375,30,4,4,2,30,18,144.09,4.1,97840.40999999999,224.0
BELGARD_BARBERS_001,2025-04-19,16312.000000000002,40.0,7,2330.2857142857147,40282.75,91.0,14,2877.339285714286,79581.45,184.0,30,2652.7149999999997,169821.35000000003,382.0,60,2830.355833333334,252100.60000000003,565.0,90,2801.117777777778,2187.8999999999996,1449.0433259079362,0.546249154510732,-0.05297984217411633,432.5078804347826,0.32877196884449833,127,0.2283464566929134,29,5,4,2,30,19,144.09,4.1,97641.50999999998,223.0
BELGARD_BARBERS_001,2025-04-20,16709.8,41.0,7,2387.1142857142854,40382.2,91.0,14,2884.442857142857,79182.54999999999,184.0,30,2639.418333333333,169422.45000000004,381.0,60,2823.707500000001,252298.4,565.0,90,2803.3155555555554,2187.8999999999996,1456.871628151873,0.5519669276192317,-0.058465491655912305,430.33994565217387,0.3505235686398077,129,0.2248062015503876,29,6,4,2,30,20,144.09,4.1,102118.95999999998,227.0
BELGARD_BARBERS_001,2025-04-21,16213.650000000003,40.0,7,2316.235714285715,36106.95,82.0,14,2579.067857142857,76496.3,178.0,30,2549.8766666666666,168230.15000000005,378.0,60,2803.835833333334,251502.80000000005,562.0,90,2794.475555555556,2039.8249999999998,1423.315739844427,0.5581900326595249,-0.08752944301216548,429.7544943820225,0.304300992335577,128,0.203125,26,0,4,2,30,21,144.09,4.1,101421.70999999998,226.0
BELGARD_BARBERS_001,2025-04-22,15616.95,39.0,7,2230.9928571428572,34814.100000000006,82.0,14,2486.721428571429,76793.54999999999,178.0,30,2559.7849999999994,167134.00000000006,374.0,60,2785.5666666666675,252995.65000000002,566.0,90,2811.062777777778,2187.8999999999996,1420.4237617785052,0.5548996348437488,-0.08938888870223693,431.42443820224713,0.27719385286915377,126,0.23809523809523808,30,1,4,2,30,22,144.09,4.1,105499.15999999997,230.0
BELGARD_BARBERS_001,2025-04-23,15814.75,39.0,7,2259.25,35609.7,84.0,14,2543.5499999999997,77589.15,180.0,30,2586.305,166287.58000000005,371.0,60,2771.4596666666675,252995.65000000002,568.0,90,2811.062777777778,2187.8999999999996,1401.9723978113834,0.5420754310923822,-0.07995473439958367,431.0508333333333,0.2743515040440577,130,0.2076923076923077,27,2,4,2,30,23,144.09,4.1,109479.90999999997,236.0
BELGARD_BARBERS_001,2025-04-24,14623.549999999997,37.0,7,2089.078571428571,35810.80000000001,85.0,14,2557.9142857142865,78983.64999999998,184.0,30,2632.7883333333325,165192.53000000003,368.0,60,2753.2088333333336,249711.6,562.0,90,2774.5733333333333,2189.0,1361.0530858299476,0.5169625938393382,-0.05110155074894429,429.2589673913042,0.26950767658876246,134,0.20149253731343283,27,3,4,2,30,24,144.09,4.1,113358.45999999998,244.0
BELGARD_BARBERS_001,2025-04-25,14723.0,36.0,7,2103.285714285714,34218.5,79.0,14,2444.1785714285716,79381.44999999998,185.0,30,2646.0483333333327,164395.83000000002,365.0,60,2739.9305000000004,249908.3,560.0,90,2776.7588888888886,2237.625,1354.7015938010932,0.5119715980752784,-0.047073066400755925,429.0889189189188,0.268157107233491,134,0.21641791044776118,29,4,4,2,30,25,144.09,4.1,111968.35999999999,243.0
BELGARD_BARBERS_001,2025-04-26,15618.05,38.0,7,2231.15,31930.050000000007,78.0,14,2280.7178571428576,81369.89999999997,189.0,30,2712.329999999999,166882.08,371.0,60,2781.368,251398.95,563.0,90,2793.3216666666667,2287.8999999999996,1355.0066609061375,0.49957293578072653,-0.028994751171395494,430.52857142857124,0.30682537400193455,135,0.21481481481481482,29,5,4,2,30,26,144.09,4.1,112767.26,243.0
BELGARD_BARBERS_001,2025-04-27,16614.75,42.0,7,2373.535714285714,33324.55,83.0,14,2380.3250000000003,82166.59999999998,192.0,30,2738.886666666666,169269.97999999998,378.0,60,2821.166333333333,252395.65000000002,567.0,90,2804.396111111111,2438.175,1344.4594475682618,0.4908780870456836,-0.023359554730836618,427.9510416666665,0.3353461138710864,138,0.21014492753623187,29,6,4,2,30,27,144.09,4.1,115549.66,245.0
BELGARD_BARBERS_001,2025-04-28,17614.75,48.0,7,2516.3928571428573,33828.40000000001,88.0,14,2416.314285714286,81176.49999999997,192.0,30,2705.8833333333323,168679.88,382.0,60,2811.3313333333335,254391.25000000003,575.0,90,2826.569444444445,2438.175,1330.5458868658216,0.4917233017680568,-0.04269702672556597,422.7942708333332,0.2928550750525092,137,0.23357664233576642,32,0,4,2,30,28,144.09,4.1,114549.66,240.0
BELGARD_BARBERS_001,2025-04-29,17614.75,48.0,7,2516.3928571428573,33231.700000000004,87.0,14,2373.6928571428575,82271.54999999997,195.0,30,2742.3849999999993,165796.93000000002,377.0,60,2763.282166666667,255486.30000000005,578.0,90,2838.736666666667,2438.175,1303.293831231085,0.4752410151131535,-0.03394174169025932,421.9053846153845,0.27445149629489185,140,0.22142857142857142,31,1,4,2,30,29,144.09,4.1,116042.51000000001,241.0
BELGARD_BARBERS_001,2025-04-30,17216.95,47.0,7,2459.5642857142857,33031.700000000004,86.0,14,2359.4071428571433,80878.14999999998,191.0,30,2695.9383333333326,162414.53000000006,372.0,60,2706.9088333333343,255087.40000000002,577.0,90,2834.304444444445,2288.45,1318.5735263080917,0.48909632316321233,-0.04881836578364951,423.4458115183245,0.279179852654889,139,0.22302158273381295,31,2,4,2,30,30,144.09,4.1,119125.46,248.0
BELGARD_BARBERS_001,2025-05-01,22486.700000000004,56.0,7,3212.385714285715,37110.25,93.0,14,2650.7321428571427,82568.79999999997,198.0,30,2752.2933333333326,166189.23000000004,377.0,60,2769.8205000000007,257873.10000000003,583.0,90,2865.256666666667,2288.45,1471.7048453937887,0.5347194746903633,-0.039425205653478845,417.0141414141413,0.2734634631967524,138,0.2318840579710145,32,3,5,2,31,1,144.88,3.8,115149.66,242.0
BELGARD_BARBERS_001,2025-05-02,27757.550000000003,66.0,7,3965.3642857142863,42480.55,102.0,14,3034.3250000000003,89429.74999999999,210.0,30,2980.9916666666663,168815.60000000003,384.0,60,2813.5933333333337,259856.6,585.0,90,2887.2955555555554,2438.175,1642.328220955611,0.5509335162926021,0.032451167297655736,425.8559523809523,0.252483653370383,146,0.23972602739726026,35,4,5,2,31,2,144.88,3.8,112266.71,239.0
BELGARD_BARBERS_001,2025-05-03,29848.2,67.0,7,4264.028571428572,45466.25000000001,105.0,14,3247.5892857142862,92415.44999999998,213.0,30,3080.5149999999994,171403.5,388.0,60,2856.725,264432.4,592.0,90,2938.137777777778,2438.175,1716.2146722341197,0.5571194012150955,0.04845832053863264,433.87535211267596,0.3067652648988887,150,0.20666666666666667,31,5,5,2,31,3,144.88,3.8,115650.21,249.0
BELGARD_BARBERS_001,2025-05-04,29649.3,66.0,7,4235.614285714286,46264.05,108.0,14,3304.5750000000003,91420.95,211.0,30,3047.365,172399.1,392.0,60,2873.3183333333336,261948.35,590.0,90,2910.537222222222,2338.725,1719.6434654287111,0.5643050522102575,0.04701117605818084,433.274644549763,0.336234200147778,151,0.2119205298013245,32,6,5,2,31,4,144.88,3.8,115846.91,248.0
BELGARD_BARBERS_001,2025-05-05,28649.3,61.0,7,4092.7571428571428,46264.05,109.0,14,3304.5750000000003,89929.2,208.0,30,2997.64,170310.65000000002,389.0,60,2838.5108333333337,261550.55000000005,589.0,90,2906.1172222222226,2288.45,1733.623203890242,0.578329353721675,0.03149314730938224,432.3519230769231,0.3053057293960138,148,0.22297297297297297,33,0,5,2,31,5,144.88,3.8,119030.41,253.0
BELGARD_BARBERS_001,2025-05-06,27952.05,59.0,7,3993.15,45566.8,107.0,14,3254.7714285714287,90028.65,208.0,30,3000.955,167028.80000000005,384.0,60,2783.813333333334,262346.15,591.0,90,2914.9572222222223,2288.45,1730.8333397215536,0.5767608443717263,0.029502243505383996,432.83004807692305,0.288398748620578,147,0.21768707482993196,32,1,5,2,31,6,144.88,3.8,124102.36,264.0
BELGARD_BARBERS_001,2025-05-07,27753.15,58.0,7,3964.7357142857145,44970.1,105.0,14,3212.15,85354.5,198.0,30,2845.15,164143.65000000002,376.0,60,2735.7275000000004,258963.75,586.0,90,2877.375,2287.8999999999996,1656.6610684345387,0.5822754752594902,-0.011199443937616738,431.0833333333333,0.3041919289551225,144,0.1875,27,2,5,2,31,7,144.88,3.8,128179.81,272.0
BELGARD_BARBERS_001,2025-05-08,23178.45,49.0,7,3311.207142857143,45665.15,105.0,14,3261.796428571429,84558.9,198.0,30,2818.6299999999997,164144.75000000003,376.0,60,2735.745833333334,257869.80000000005,583.0,90,2865.2200000000007,2287.8999999999996,1651.0228651556183,0.5857536693910228,-0.016260531477513385,427.0651515151515,0.3070540179685403,144,0.19444444444444445,28,3,5,2,31,8,144.88,3.8,128874.86,275.0
BELGARD_BARBERS_001,2025-05-09,18404.850000000002,41.0,7,2629.264285714286,46162.4,107.0,14,3297.3142857142857,86050.64999999998,201.0,30,2868.354999999999,165437.6,379.0,60,2757.2933333333335,257371.45000000004,583.0,90,2859.682777777778,2288.45,1623.5615389912593,0.566025313809225,0.0030325818967096296,428.1126865671641,0.30173101539616504,145,0.20689655172413793,30,4,5,2,31,9,144.88,3.8,130965.51,281.0
BELGARD_BARBERS_001,2025-05-10,19101.0,47.0,7,2728.714285714286,48949.2,114.0,14,3496.371428571428,90627.54999999999,212.0,30,3020.918333333333,170113.95000000004,392.0,60,2835.2325000000005,260054.40000000002,588.0,90,2889.493333333334,2338.725,1735.5933030467006,0.5745250654067227,0.045483752630218754,427.4884433962264,0.3578448275386459,145,0.2482758620689655,36,5,5,2,31,10,144.88,3.8,126490.26,271.0
BELGARD_BARBERS_001,2025-05-11,20292.2,48.0,7,2898.8857142857146,49941.49999999999,114.0,14,3567.2499999999995,90427.54999999997,210.0,30,3014.2516666666656,171502.95000000004,393.0,60,2858.3825000000006,259358.25000000003,586.0,90,2881.7583333333337,2338.725,1733.0462333457492,0.5749507423387286,0.045976559450103816,430.6073809523808,0.39822819483664007,145,0.2482758620689655,36,6,5,2,31,11,144.88,3.8,126511.25,271.0
BELGARD_BARBERS_001,2025-05-12,20887.8,48.0,7,2983.9714285714285,49537.1,109.0,14,3538.3642857142854,86846.24999999999,205.0,30,2894.8749999999995,172099.65,395.0,60,2868.3275,260549.45,587.0,90,2894.993888888889,2337.625,1646.6575172021455,0.5688181759841602,-4.1067060398969346e-05,423.64024390243895,0.3459297321415721,145,0.2482758620689655,36,0,5,2,31,12,144.88,3.8,125120.05000000002,269.0
BELGARD_BARBERS_001,2025-05-13,22976.25,49.0,7,3282.3214285714284,50928.3,108.0,14,3637.7357142857145,89332.49999999997,207.0,30,2977.749999999999,170806.80000000002,392.0,60,2846.78,260151.65,587.0,90,2890.5738888888886,2387.9,1621.3084841674436,0.5444743461228928,0.030158755479736232,431.55797101449264,0.32294293790054024,147,0.24489795918367346,36,1,5,2,31,13,144.88,3.8,125721.15000000001,274.0
BELGARD_BARBERS_001,2025-05-14,24169.65,50.0,7,3452.807142857143,51922.799999999996,108.0,14,3708.7714285714283,89630.84999999998,206.0,30,2987.6949999999993,168319.45000000004,387.0,60,2805.324166666667,260151.65000000002,585.0,90,2890.573888888889,2487.35,1617.9546756811,0.5415394394946942,0.03359924874587539,435.1012135922329,0.3218679729133441,148,0.24324324324324326,36,2,5,2,31,14,144.88,3.8,126816.20000000001,279.0
BELGARD_BARBERS_001,2025-05-15,26108.370000000003,55.0,7,3729.7671428571434,49286.82,104.0,14,3520.4871428571428,91470.11999999998,210.0,30,3049.0039999999995,169460.37000000002,388.0,60,2824.3395000000005,260102.47000000003,590.0,90,2890.027444444445,2487.35,1647.4855024240223,0.5403356317092476,0.05500866639213342,435.5719999999999,0.3153958910297703,149,0.2483221476510067,37,3,5,2,31,15,144.88,3.8,130945.58,287.0
BELGARD_BARBERS_001,2025-05-16,25711.670000000002,55.0,7,3673.0957142857146,44116.52,96.0,14,3151.18,91967.36999999998,211.0,30,3065.5789999999993,170654.87000000005,391.0,60,2844.2478333333343,260399.72000000006,590.0,90,2893.330222222223,2487.35,1637.216988130264,0.5340645235794819,0.059533051725247255,435.8643127962084,0.3136906057006959,150,0.24,36,4,5,2,31,16,144.88,3.8,131143.38,287.0
BELGARD_BARBERS_001,2025-05-17,26705.059999999998,53.0,7,3815.008571428571,45806.06,100.0,14,3271.8614285714284,96145.35999999999,217.0,30,3204.8453333333327,174534.51000000007,397.0,60,2908.908500000001,264674.96,596.0,90,2940.832888888889,2487.35,1817.4642337548823,0.5670988908112309,0.08977471839421436,443.06617511520733,0.37764838573593157,151,0.23178807947019867,35,5,5,2,31,17,144.88,3.8,127562.09000000001,280.0
BELGARD_BARBERS_001,2025-05-18,26908.36,57.0,7,3844.0514285714285,47200.56,105.0,14,3371.468571428571,97840.40999999999,224.0,30,3261.3469999999998,177322.41000000003,406.0,60,2955.3735000000006,266269.46,602.0,90,2958.549555555556,2586.8,1808.2036828689959,0.554434619459075,0.10234658529746499,436.7875446428571,0.40977587890320577,153,0.24183006535947713,37,6,5,2,31,18,144.88,3.8,129746.69000000002,278.0
BELGARD_BARBERS_001,2025-05-19,27107.260000000002,58.0,7,3872.4657142857145,47995.06,106.0,14,3428.218571428571,97641.50999999998,223.0,30,3254.716999999999,177222.96000000005,407.0,60,2953.716000000001,267462.86000000004,605.0,90,2971.809555555556,2585.7,1810.3030061459326,0.5562090363450749,0.09519703034656812,437.8543049327353,0.3820920016497083,152,0.2565789473684211,39,0,5,2,31,19,144.88,3.8,129945.59000000001,276.0
BELGARD_BARBERS_001,2025-05-20,29496.260000000002,61.0,7,4213.751428571429,52472.51,110.0,14,3748.0364285714286,102118.95999999998,227.0,30,3403.9653333333326,181301.51,411.0,60,3021.6918333333333,271541.4100000001,608.0,90,3017.126777777779,2586.8,1851.1130650768532,0.5438107864818209,0.128214219702254,449.86325991189415,0.349757185149555,154,0.2727272727272727,42,1,5,2,31,20,144.88,3.8,129946.69000000002,283.0
BELGARD_BARBERS_001,2025-05-21,28004.51,60.0,7,4000.6442857142856,52174.159999999996,110.0,14,3726.725714285714,101421.70999999998,226.0,30,3380.723666666666,177918.01000000004,404.0,60,2965.3001666666673,269651.86000000004,604.0,90,2996.131777777778,2586.8,1875.4336472639839,0.5547432538646758,0.1283628082520918,448.768628318584,0.35216168214872345,154,0.2792207792207792,43,2,5,2,31,21,144.88,3.8,134820.84,289.0
BELGARD_BARBERS_001,2025-05-22,29645.989999999998,59.0,7,4235.141428571428,55754.36,114.0,14,3982.4542857142856,105499.15999999997,230.0,30,3516.638666666666,182292.71000000002,408.0,60,3038.2118333333337,272633.1600000001,604.0,90,3029.2573333333344,2636.525,1938.053751577827,0.551109720184832,0.160891360390643,458.6919999999999,0.33855094201697916,157,0.267515923566879,42,3,5,2,31,22,144.88,3.8,133526.89,289.0
BELGARD_BARBERS_001,2025-05-23,33327.29,64.0,7,4761.041428571429,59038.96,119.0,14,4217.068571428571,109479.90999999997,236.0,30,3649.3303333333324,187069.06000000003,416.0,60,3117.8176666666673,275767.49000000005,607.0,90,3064.083222222223,2735.425,1965.0057954613148,0.5384565429752314,0.19100235491863038,463.89792372881345,0.3262410427630056,162,0.25925925925925924,42,4,5,2,31,23,144.88,3.8,133623.59000000003,289.0
BELGARD_BARBERS_001,2025-05-24,31836.65,64.0,7,4548.092857142858,58541.70999999999,117.0,14,4181.550714285714,113358.45999999998,244.0,30,3778.6153333333327,192342.11000000002,428.0,60,3205.7018333333335,278550.99000000005,612.0,90,3095.0110000000004,2788.45,1985.684649669115,0.5255058995162202,0.22087298989675075,464.5838524590163,0.3677364706612987,168,0.2619047619047619,44,5,5,2,31,24,144.88,3.8,130339.54000000001,281.0
BELGARD_BARBERS_001,2025-05-25,28850.95,55.0,7,4121.564285714286,55759.31,112.0,14,3982.807857142857,111968.35999999999,243.0,30,3732.278666666666,191349.81000000003,428.0,60,3189.1635000000006,276364.19,608.0,90,3070.713222222222,2788.45,2037.799286954325,0.5459933378378478,0.21544357827256833,460.77514403292173,0.37942718818066107,168,0.25595238095238093,43,6,5,2,31,25,144.88,3.8,132972.75999999998,286.0
BELGARD_BARBERS_001,2025-05-26,30743.8,58.0,7,4391.971428571428,57851.060000000005,116.0,14,4132.2185714285715,112767.26,243.0,30,3758.9086666666667,194137.15999999997,432.0,60,3235.619333333333,279649.34,614.0,90,3107.214888888889,2788.45,2042.152903488103,0.5432834592650658,0.20973566395686816,464.06279835390944,0.34410865352230785,169,0.25443786982248523,43,0,5,2,31,26,144.88,3.8,129191.46,279.0
BELGARD_BARBERS_001,2025-05-27,30045.449999999997,60.0,7,4292.207142857143,59541.71000000001,121.0,14,4252.979285714287,115549.66,245.0,30,3851.6553333333336,197716.26,437.0,60,3295.271,284819.64,623.0,90,3164.6626666666666,3185.7,2050.0318440058977,0.5322469604858805,0.21708243153456697,471.6312653061225,0.3134261926863307,168,0.27976190476190477,47,1,5,2,31,27,144.88,3.8,131379.90999999997,282.0
BELGARD_BARBERS_001,2025-05-28,30742.699999999997,62.0,7,4391.814285714286,58747.21000000001,122.0,14,4196.229285714287,114549.66,240.0,30,3818.322,195726.15999999997,432.0,60,3262.102666666666,283229.54000000004,622.0,90,3146.9948888888894,3182.95,2074.9818808564733,0.5434276839031578,0.21332322892590927,477.29025,0.3161623526425133,167,0.2754491017964072,46,2,5,2,31,28,144.88,3.8,129788.70999999999,278.0
BELGARD_BARBERS_001,2025-05-29,28158.1,59.0,7,4022.585714285714,57804.09000000001,118.0,14,4128.863571428572,116042.51000000001,241.0,30,3868.083666666667,198314.06,436.0,60,3305.2343333333333,281839.44000000006,618.0,90,3131.549333333334,3629.925,2055.5053698502525,0.5314014760238086,0.23519806170491941,481.50419087136936,0.312095024487147,166,0.2710843373493976,45,3,5,2,31,29,144.88,3.8,126007.41000000002,271.0
BELGARD_BARBERS_001,2025-05-30,26862.5,59.0,7,3837.5,60189.790000000015,123.0,14,4299.270714285715,119125.46,248.0,30,3970.8486666666668,200003.61000000002,439.0,60,3333.3935,281539.99000000005,620.0,90,3128.2221111111116,3730.4750000000004,2015.7859849195852,0.5076461366662304,0.26936276441581164,480.3445967741936,0.30401804954205425,168,0.27380952380952384,46,4,5,2,31,30,144.88,3.8,121333.26000000001,260.0
BELGARD_BARBERS_001,2025-05-31,24277.9,54.0,7,3468.2714285714287,56114.55,118.0,14,4008.182142857143,115149.66,242.0,30,3838.322,197718.46000000002,440.0,60,3295.307666666667,281338.89,619.0,90,3125.987666666667,3629.925,1916.8509231417381,0.4993981544908786,0.22787496602407153,475.82504132231406,0.34390800632845986,168,0.2619047619047619,44,5,5,2,31,31,144.88,3.8,117948.66,251.0
BELGARD_BARBERS_001,2025-06-01,28055.9,62.0,7,4007.9857142857145,56906.850000000006,117.0,14,4064.7750000000005,112266.71,239.0,30,3742.2236666666668,201696.45999999996,449.0,60,3361.607666666666,281082.31,623.0,90,3123.1367777777778,3629.925,1801.7477815877992,0.4814644826381211,0.19822599294847132,469.73518828451887,0.393497680657071,164,0.2682926829268293,44,6,6,2,30,1,145.58,3.8,113372.86,240.0
BELGARD_BARBERS_001,2025-06-02,32731.149999999998,73.0,7,4675.878571428571,63474.95,131.0,14,4533.925,115650.21,249.0,30,3855.007,208065.65999999997,462.0,60,3467.7609999999995,287053.71,637.0,90,3189.485666666667,3629.925,2018.0792389714695,0.5234956094687946,0.20866102026690392,464.4586746987952,0.33209096637178614,173,0.24855491329479767,43,0,6,2,30,2,145.58,3.8,104219.06,220.0
BELGARD_BARBERS_001,2025-06-03,29946.550000000003,69.0,7,4278.078571428572,59992.0,129.0,14,4285.142857142857,115846.91,248.0,30,3861.563666666667,207267.86000000002,459.0,60,3454.464333333334,288246.01,640.0,90,3202.7334444444446,3629.925,2013.6201932745962,0.521452024902847,0.20570872776348237,467.1246370967742,0.3109050556462835,173,0.24855491329479767,43,1,6,2,30,3,145.58,3.8,102031.16,215.0
BELGARD_BARBERS_001,2025-06-04,33130.05,74.0,7,4732.864285714286,63872.75,136.0,14,4562.339285714285,119030.41,253.0,30,3967.6803333333332,208959.61000000002,461.0,60,3482.660166666667,289341.06000000006,642.0,90,3214.9006666666673,3730.4750000000004,1985.4036773319483,0.5003940616516271,0.23415332065210492,470.47592885375497,0.30258981717361133,176,0.25,44,2,6,2,30,4,145.58,3.8,97056.46,205.0
BELGARD_BARBERS_001,2025-06-05,36011.9,82.0,7,5144.557142857143,64169.99999999999,141.0,14,4583.571428571428,124102.36,264.0,30,4136.745333333333,214131.01,472.0,60,3568.8501666666666,291131.16000000003,648.0,90,3234.790666666667,3782.4,1991.7767744850883,0.4814840204050322,0.278829377109616,470.08469696969695,0.29022324797046567,183,0.26229508196721313,48,3,6,2,30,5,145.58,3.8,90393.31000000001,190.0
BELGARD_BARBERS_001,2025-06-06,36807.5,82.0,7,5258.214285714285,63669.99999999999,141.0,14,4547.857142857142,128179.81,272.0,30,4272.660333333333,213534.31000000003,470.0,60,3558.905166666667,292323.46,648.0,90,3248.038444444445,4131.025,1938.2636234380561,0.45364327426559364,0.31545867033730346,471.24930147058825,0.28099113269086606,189,0.26455026455026454,50,4,6,2,30,6,145.58,3.8,84923.56000000001,179.0
BELGARD_BARBERS_001,2025-06-07,36903.65,82.0,7,5271.95,61181.549999999996,136.0,14,4370.110714285714,128874.86,275.0,30,4295.828666666666,213433.76,473.0,60,3557.2293333333337,293019.61,651.0,90,3255.773444444444,4131.025,1924.4561483818975,0.44798251925516686,0.31944950715073306,468.63585454545455,0.30648444545351977,188,0.2712765957446808,51,5,6,2,30,7,145.58,3.8,81442.81000000001,170.0
BELGARD_BARBERS_001,2025-06-08,37103.65,83.0,7,5300.521428571429,65159.549999999996,145.0,14,4654.253571428571,130965.51,281.0,30,4365.517,217016.16,482.0,60,3616.936,296403.11,660.0,90,3293.367888888889,4527.175,1902.5976699487292,0.4358241349074415,0.3255479336907092,466.0694306049822,0.3380580123728759,191,0.27225130890052357,52,6,6,2,30,8,145.58,3.8,76667.01,158.0
BELGARD_BARBERS_001,2025-06-09,29941.05,69.0,7,4277.292857142857,62672.200000000004,142.0,14,4476.585714285715,126490.26,271.0,30,4216.342,217117.81,483.0,60,3618.630166666667,296604.21,663.0,90,3295.6023333333337,4131.025,1907.460817754675,0.4523970820570711,0.27938433510434635,466.75372693726933,0.2988964525806177,192,0.24479166666666666,47,0,6,2,30,9,145.58,3.8,74675.81,152.0
BELGARD_BARBERS_001,2025-06-10,30956.539999999997,71.0,7,4422.362857142857,60903.090000000004,140.0,14,4350.220714285714,126511.25,271.0,30,4217.041666666667,216938.8,481.0,60,3615.6466666666665,298014.2,664.0,90,3311.268888888889,4131.025,1907.2311849993143,0.4522675694847646,0.27354250233713717,466.8311808118081,0.27054740191089727,197,0.233502538071066,46,1,6,2,30,10,145.58,3.8,71074.62,144.0
BELGARD_BARBERS_001,2025-06-11,26977.44,64.0,7,3853.9199999999996,60107.49,138.0,14,4293.392142857143,125120.05000000002,269.0,30,4170.668333333334,211966.30000000002,474.0,60,3532.771666666667,297219.7,664.0,90,3302.4411111111112,4131.025,1967.1409970056939,0.4716608561950767,0.262904679602328,465.1302973977696,0.27355559720444483,195,0.2358974358974359,46,2,6,2,30,11,145.58,3.8,70079.02,141.0
BELGARD_BARBERS_001,2025-06-12,24595.039999999997,59.0,7,3513.5771428571425,60606.94,141.0,14,4329.067142857143,125721.15000000001,274.0,30,4190.705,215053.65,481.0,60,3584.2275,296527.94999999995,666.0,90,3294.7549999999997,4379.65,1965.0978431310573,0.4689181994750423,0.27193220740237156,458.83631386861316,0.27224766874945067,197,0.2436548223350254,48,3,6,2,30,12,145.58,3.8,65798.26999999999,131.0
BELGARD_BARBERS_001,2025-06-13,22806.04,57.0,7,3258.0057142857145,59613.54,139.0,14,4258.11,126816.20000000001,279.0,30,4227.206666666667,216447.05000000002,485.0,60,3607.450833333334,295135.65,666.0,90,3279.2850000000003,4379.65,1945.0135208978768,0.4601179157468549,0.28906352045237504,454.53835125448035,0.26989682706152684,203,0.2315270935960591,47,4,6,2,30,13,145.58,3.8,65599.37000000001,131.0
BELGARD_BARBERS_001,2025-06-14,28179.09,67.0,7,4025.5842857142857,65082.73999999999,149.0,14,4648.767142857142,130945.58,287.0,30,4364.852666666667,222415.69999999998,497.0,60,3706.928333333333,300405.95,675.0,90,3337.843888888889,4379.65,2114.0961822016416,0.4843453705428564,0.30768628251204744,456.2563763066202,0.3289999555540553,209,0.22488038277511962,47,5,6,2,30,14,145.58,3.8,60575.49,122.0
BELGARD_BARBERS_001,2025-06-15,25889.54,61.0,7,3698.5057142857145,62993.19,144.0,14,4499.513571428572,131143.38,287.0,30,4371.446,223110.75,498.0,60,3718.5125,301798.25000000006,678.0,90,3353.3138888888893,4379.65,2107.9095158609944,0.48219960074103496,0.303619686330189,456.945574912892,0.34746199160033847,209,0.22488038277511962,47,6,6,2,30,15,145.58,3.8,59680.439999999995,120.0
BELGARD_BARBERS_001,2025-06-16,27776.89,62.0,7,3968.1271428571426,57717.94,131.0,14,4122.71,127562.09000000001,280.0,30,4252.069666666667,223707.44999999998,497.0,60,3728.4574999999995,302096.60000000003,677.0,90,3356.6288888888894,4079.65,2029.5789670971715,0.47731554894495015,0.26676788153193387,455.5788928571429,0.2987368739411529,207,0.2222222222222222,46,0,6,2,30,16,145.58,3.8,57792.53999999999,119.0
BELGARD_BARBERS_001,2025-06-17,30143.800000000003,64.0,7,4306.257142857144,61100.340000000004,135.0,14,4364.31,129746.69000000002,278.0,30,4324.889666666667,227587.09999999998,502.0,60,3793.118333333333,307069.10000000003,684.0,90,3411.8788888888894,4379.65,2050.543371165284,0.4741261694996498,0.267597651473235,466.71471223021587,0.26454624776940355,206,0.20388349514563106,42,1,6,2,30,17,145.58,3.8,55504.09,118.0
BELGARD_BARBERS_001,2025-06-18,31932.799999999996,65.0,7,4561.828571428571,58910.240000000005,129.0,14,4207.874285714286,129945.59000000001,276.0,30,4331.519666666667,227587.09999999998,499.0,60,3793.118333333333,307168.54999999993,683.0,90,3412.983888888888,4379.65,2045.2240004825605,0.4721723916485108,0.2691298311627286,470.8173550724638,0.2641413225335311,206,0.19902912621359223,41,2,6,2,30,18,145.58,3.8,59831.259999999995,125.0
BELGARD_BARBERS_001,2025-06-19,33721.799999999996,70.0,7,4817.4,58316.84,129.0,14,4165.488571428571,129946.69000000002,283.0,30,4331.556333333334,232065.65,510.0,60,3867.7608333333333,311248.2,694.0,90,3458.3133333333335,4379.65,2045.2551529568518,0.4721755866863985,0.2525054602725414,459.1755830388693,0.26413908657465607,208,0.22596153846153846,47,3,6,2,30,19,145.58,3.8,59928.509999999995,122.0
BELGARD_BARBERS_001,2025-06-20,36009.149999999994,70.0,7,5144.164285714285,58815.189999999995,127.0,14,4201.085,134820.84,289.0,30,4494.028,236242.55000000002,515.0,60,3937.3758333333335,312738.85,693.0,90,3474.8761111111107,4527.175,1973.9666355680888,0.43924217552006545,0.29329157538310335,466.50809688581313,0.2545897206989661,212,0.22169811320754718,47,4,6,2,30,20,145.58,3.8,57044.46000000001,120.0
BELGARD_BARBERS_001,2025-06-21,32227.3,61.0,7,4603.9,60406.38999999999,128.0,14,4314.742142857142,133526.89,289.0,30,4450.896333333334,239026.05000000002,519.0,60,3983.7675000000004,315819.60000000003,697.0,90,3509.106666666667,4527.175,1946.5405825352207,0.43733676022901913,0.26838445112336284,462.0307612456748,0.29504132089049623,209,0.22488038277511962,47,5,6,2,30,21,145.58,3.8,55552.71000000001,118.0
BELGARD_BARBERS_001,2025-06-22,35807.5,66.0,7,5115.357142857143,61697.03999999999,127.0,14,4406.931428571428,133623.59000000003,289.0,30,4454.119666666667,243103.50000000003,525.0,60,4051.7250000000004,320692.65,705.0,90,3563.251666666667,4527.175,1949.1313678704562,0.43760193118680374,0.25001545872660325,462.3653633217994,0.34022735057484976,208,0.23557692307692307,49,6,6,2,30,22,145.58,3.8,51176.91,111.0
BELGARD_BARBERS_001,2025-06-23,34614.100000000006,65.0,7,4944.8714285714295,62390.99,127.0,14,4456.499285714285,130339.54000000001,281.0,30,4344.651333333333,243698.00000000003,525.0,60,4061.6333333333337,322681.65,709.0,90,3585.351666666667,4379.65,1953.1826886865676,0.4495602843204528,0.2117782960388357,463.84177935943063,0.3030024503692432,204,0.22549019607843138,46,0,6,2,30,23,145.58,3.8,51676.36,111.0
BELGARD_BARBERS_001,2025-06-24,32077.020000000004,63.0,7,4582.431428571429,62220.81999999999,127.0,14,4444.344285714285,132972.75999999998,286.0,30,4432.425333333333,244941.12,529.0,60,4082.352,324322.57000000007,714.0,90,3603.5841111111117,4379.65,1848.1623128732197,0.4169641164566081,0.2300046833003324,464.93972027972023,0.29100245794702617,207,0.22705314009661837,47,1,6,2,30,24,145.58,3.8,48245.34,103.0
BELGARD_BARBERS_001,2025-06-25,29989.670000000002,61.0,7,4284.238571428572,61922.47,126.0,14,4423.033571428571,129191.46,279.0,30,4306.3820000000005,241958.72,522.0,60,4032.6453333333334,323328.62,711.0,90,3592.5402222222224,4079.65,1965.908760779435,0.45651053733259955,0.1987011233339011,463.05182795698926,0.29951979798045475,203,0.21674876847290642,44,2,6,2,30,25,145.58,3.8,53715.09,108.0
BELGARD_BARBERS_001,2025-06-26,31478.670000000002,59.0,7,4496.952857142857,65200.47,129.0,14,4657.176428571429,131379.90999999997,282.0,30,4379.330333333332,246929.57,527.0,60,4115.492833333334,329096.17000000004,719.0,90,3656.6241111111117,4079.65,2043.120570662246,0.466537213489242,0.1976430172371797,465.88620567375875,0.2945305716832962,201,0.22885572139303484,46,3,6,2,30,26,145.58,3.8,54661.509999999995,115.0
BELGARD_BARBERS_001,2025-06-27,25710.57,51.0,7,3672.9385714285713,61719.72,121.0,14,4408.551428571429,129788.70999999999,278.0,30,4326.290333333333,244338.37,518.0,60,4072.3061666666667,325514.87,710.0,90,3616.831888888889,4079.65,2128.4911412602173,0.49198989833404244,0.19615466414790816,466.8658633093525,0.29814149474172297,198,0.22727272727272727,45,4,6,2,30,27,145.58,3.8,56749.95999999999,119.0
BELGARD_BARBERS_001,2025-06-28,20638.620000000003,41.0,6,2948.374285714286,52865.92,102.0,13,3776.137142857143,126007.41000000002,271.0,29,4200.247,242049.92,512.0,59,4034.1653333333334,324321.47,707.0,89,3603.5718888888887,4079.65,2264.6368515447093,0.5391675421813786,0.1655788005647607,464.97199261992625,0.3070882894902768,196,0.2193877551020408,43,5,6,2,30,28,145.58,3.8,59935.659999999996,128.0
BELGARD_BARBERS_001,2025-06-29,14572.17,30.0,5,2081.7385714285715,50379.67,96.0,12,3598.547857142857,121333.26000000001,260.0,28,4044.4420000000005,240458.72,508.0,58,4007.6453333333334,321336.87,699.0,88,3570.4096666666665,3779.65,2384.3002953213195,0.5895251546001449,0.13276693085359326,466.66638461538463,0.3189183246209654,192,0.21354166666666666,41,6,6,2,30,29,145.58,3.8,65605.40999999999,140.0
BELGARD_BARBERS_001,2025-06-30,11887.02,24.0,4,1698.1457142857143,46501.12,89.0,11,3321.5085714285715,117948.66,251.0,27,3931.6220000000003,233098.32,493.0,57,3884.972,315667.12,691.0,87,3507.412444444444,3779.65,2490.5615565067515,0.6334692288594252,0.12094658449064966,469.9149800796813,0.29937432099694905,186,0.20967741935483872,39,0,6,2,30,30,145.58,3.8,69583.95999999999,146.0
BELGARD_BARBERS_001,2025-07-01,8456.0,16.0,3,1208.0,40533.020000000004,79.0,10,2895.2157142857145,113372.86,240.0,26,3779.095333333333,225639.57,479.0,56,3760.6595,315069.31999999995,689.0,86,3500.7702222222215,3640.9700000000003,2584.773753711961,0.6839662738627114,0.07950396439742224,472.38691666666665,0.2710966275350203,180,0.20555555555555555,37,1,7,3,31,1,145.74,4.1,73414.15999999999,156.0
BELGARD_BARBERS_001,2025-07-02,7758.75,14.0,2,1108.392857142857,37748.42,75.0,9,2696.315714285714,104219.06,220.0,25,3473.9686666666666,219869.27000000002,469.0,55,3664.4878333333336,312284.72,682.0,85,3469.830222222222,3540.9700000000003,2470.038485122224,0.7110134610086362,0.0011926936418791279,473.723,0.29490766852051825,167,0.20359281437125748,34,2,7,3,31,2,145.74,4.1,77694.91,167.0
BELGARD_BARBERS_001,2025-07-03,597.8,2.0,2,85.39999999999999,32076.47,61.0,9,2291.1764285714285,102031.16,215.0,25,3401.038666666667,217878.06999999998,463.0,55,3631.301166666666,309299.01999999996,674.0,85,3436.6557777777775,3540.9700000000003,2526.83552052857,0.7429599508214657,-0.01036388670096644,474.56353488372093,0.301231506139889,163,0.2085889570552147,34,3,7,3,31,3,145.74,4.1,82567.96,178.0
BELGARD_BARBERS_001,2025-07-04,397.8,1.0,1,56.82857142857143,26108.37,52.0,8,1864.8835714285713,97056.46,205.0,24,3235.2153333333335,216086.87,458.0,54,3601.447833333333,306016.07,666.0,84,3400.1785555555557,3455.885,2580.779372708606,0.7977148680392647,-0.04851604688603439,473.4461463414634,0.3166713477907601,155,0.21935483870967742,34,4,7,3,31,4,145.74,4.1,85751.46,186.0
BELGARD_BARBERS_001,2025-07-05,397.8,1.0,1,56.82857142857143,21036.420000000002,42.0,7,1502.6014285714286,90393.31000000001,190.0,23,3013.1103333333335,214495.66999999998,454.0,53,3574.927833333333,304524.32,662.0,83,3383.6035555555554,3107.81,2562.8670687421977,0.8505719290760115,-0.10949664053104191,475.7542631578948,0.34001410060102893,144,0.20833333333333334,30,5,7,3,31,5,145.74,4.1,90775.61,196.0
BELGARD_BARBERS_001,2025-07-06,397.8,1.0,1,56.82857142857143,14969.97,31.0,6,1069.2835714285713,84923.56000000001,179.0,22,2830.7853333333337,213103.37,451.0,52,3551.7228333333333,298457.87,649.0,82,3316.1985555555557,2734.875,2576.141246267025,0.9100447200754507,-0.14637640481720238,474.4332960893855,0.36191370215756374,136,0.20588235294117646,28,6,7,3,31,6,145.74,4.1,92864.06,200.0
BELGARD_BARBERS_001,2025-07-07,397.8,1.0,1,56.82857142857143,12284.82,25.0,5,877.4871428571429,81442.81000000001,170.0,21,2714.7603333333336,210317.66999999998,445.0,51,3505.2944999999995,294876.56999999995,643.0,81,3276.406333333333,2585.7,2622.226465800241,0.965914535291786,-0.17142135097407007,479.07535294117656,0.3346428002668375,131,0.1984732824427481,26,0,7,3,31,7,145.74,4.1,94554.70999999999,204.0
BELGARD_BARBERS_001,2025-07-08,397.8,1.0,1,56.82857142857143,8853.8,17.0,4,632.4142857142857,76667.01,158.0,20,2555.567,207632.52000000002,439.0,50,3460.5420000000004,293683.17000000004,640.0,80,3263.1463333333336,2238.725,2637.194928813758,1.0319412204077443,-0.21683959622201032,485.23424050632906,0.2931958609054925,120,0.20833333333333334,25,1,7,3,31,8,145.74,4.1,99729.40999999999,214.0
BELGARD_BARBERS_001,2025-07-09,397.8,1.0,1,56.82857142857143,8156.55,15.0,3,582.6107142857143,74675.81,152.0,19,2489.1936666666666,201166.07,423.0,49,3352.7678333333333,291793.62,635.0,79,3242.1513333333332,1740.925,2675.3452286654933,1.0747838806162906,-0.2322401360249069,491.2882236842105,0.30101380888938467,118,0.1864406779661017,22,2,7,3,31,9,145.74,4.1,104802.45999999999,222.0
BELGARD_BARBERS_001,2025-07-10,0.0,0.0,0,0.0,597.8,2.0,2,42.699999999999996,71074.62,144.0,18,2369.154,197585.87,415.0,48,3293.0978333333333,288013.42000000004,625.0,78,3200.149111111112,846.425,2703.4017237172384,1.1410831561465562,-0.25967387214109694,493.57374999999996,0.3162654967413122,112,0.19642857142857142,22,3,7,3,31,10,145.74,4.1,110720.82999999997,232.0
BELGARD_BARBERS_001,2025-07-11,0.0,0.0,0,0.0,397.8,1.0,1,28.414285714285715,70079.02,141.0,17,2335.9673333333335,195199.07,410.0,47,3253.3178333333335,282045.31999999995,615.0,77,3133.836888888888,547.525,2726.0754809395057,1.1670006861994526,-0.25459830356341295,497.01432624113477,0.32075862362230523,110,0.2,22,4,7,3,31,11,145.74,4.1,114002.68,239.0
BELGARD_BARBERS_001,2025-07-12,0.0,0.0,0,0.0,397.8,1.0,1,28.414285714285715,65798.26999999999,131.0,16,2193.2756666666664,191519.42,405.0,46,3191.9903333333336,280851.92000000004,612.0,76,3120.5768888888892,298.9,2732.5712082404284,1.245885891030461,-0.297156985788098,502.27687022900756,0.3416267631352618,105,0.1619047619047619,17,5,7,3,31,12,145.74,4.1,116490.03,246.0
BELGARD_BARBERS_001,2025-07-13,3481.85,9.0,1,497.40714285714284,3879.65,10.0,2,277.11785714285713,65599.37000000001,131.0,16,2186.645666666667,192415.56999999998,410.0,46,3206.926166666666,282046.4199999999,616.0,76,3133.8491111111102,298.9,2729.193332936411,1.2481186936413007,-0.30224921840879926,500.75854961832067,0.39574008104041236,104,0.17307692307692307,18,6,7,3,31,13,145.74,4.1,114499.93000000002,241.0
BELGARD_BARBERS_001,2025-07-14,7311.77,19.0,2,1044.5385714285715,7709.57,20.0,3,550.6835714285714,60575.49,122.0,16,2019.183,191521.07,409.0,46,3192.0178333333333,282991.19,619.0,76,3144.3465555555554,298.9,2455.3545483604466,1.2160138770782276,-0.35783700545589414,496.52040983606554,0.2823996966429822,100,0.16,16,0,7,3,31,14,145.74,4.1,114052.41000000002,237.0
BELGARD_BARBERS_001,2025-07-15,8902.970000000001,23.0,3,1271.8528571428574,9300.77,24.0,4,664.3407142857143,59680.439999999995,120.0,16,1989.3479999999997,190823.82,407.0,46,3180.397,282791.18999999994,618.0,76,3142.1243333333327,298.9,2454.9357954515494,1.2340403968795555,-0.36687801342043225,497.33699999999993,0.2449755732363904,100,0.14,14,1,7,3,31,15,145.74,4.1,119076.83,248.0
BELGARD_BARBERS_001,2025-07-16,10893.62,29.0,4,1556.2314285714288,11291.42,30.0,5,806.53,57792.53999999999,119.0,16,1926.418,185354.63000000003,399.0,46,3089.243833333334,281499.99000000005,616.0,76,3127.7776666666673,298.9,2429.7695689446214,1.2612888630321257,-0.38409369037633023,485.6515966386554,0.25297815254356365,102,0.09803921568627451,10,2,7,3,31,16,145.74,4.1,120865.28000000001,252.0
BELGARD_BARBERS_001,2025-07-17,14573.27,38.0,5,2081.8957142857143,14573.27,38.0,5,1040.9478571428572,55504.09,118.0,16,1850.1363333333331,185250.78,396.0,46,3087.513,283091.19000000006,620.0,76,3145.457666666667,298.9,2335.790137702848,1.2624962256130214,-0.411806951675183,470.3736440677966,0.26340851638140544,101,0.09900990099009901,10,3,7,3,31,17,145.74,4.1,120568.03,252.0
BELGARD_BARBERS_001,2025-07-18,21685.04,49.0,6,3097.862857142857,21685.04,49.0,6,1548.9314285714286,59831.259999999995,125.0,16,1994.3753333333332,189776.85,401.0,46,3162.9475,287418.36,624.0,76,3193.537333333333,298.9,2515.7165105654403,1.2614057487166945,-0.375496471415396,478.65007999999995,0.2443580496215524,105,0.12380952380952381,13,4,7,3,31,18,145.74,4.1,115447.45999999999,246.0
BELGARD_BARBERS_001,2025-07-19,27852.04,61.0,7,3978.862857142857,27852.04,61.0,7,1989.4314285714286,59928.509999999995,122.0,16,1997.6169999999997,189875.19999999998,405.0,46,3164.5866666666666,291994.16000000003,632.0,76,3244.3795555555557,298.9,2521.0228713033,1.2620151266750834,-0.38428381581330273,491.21729508196717,0.34686745924435636,99,0.18181818181818182,18,5,7,3,31,19,145.74,4.1,110673.85999999999,238.0
BELGARD_BARBERS_001,2025-07-20,27454.24,59.0,7,3922.034285714286,30936.09,68.0,8,2209.720714285714,57044.46000000001,120.0,16,1901.4820000000002,191865.3,409.0,46,3197.7549999999997,293287.00999999995,635.0,76,3258.744555555555,298.9,2420.7783375908944,1.273100843232223,-0.4164986031941884,475.37050000000005,0.41846833154350127,96,0.17708333333333334,17,6,7,3,31,20,145.74,4.1,113557.90999999999,244.0
BELGARD_BARBERS_001,2025-07-21,27204.52,57.0,7,3886.36,34516.29,76.0,9,2465.449285714286,55552.71000000001,118.0,16,1851.7570000000003,189079.6,407.0,46,3151.326666666667,294578.76,637.0,76,3273.0973333333336,298.9,2369.9302543058798,1.2798278901097062,-0.4342493328439565,470.78567796610173,0.33840563313652927,95,0.16842105263157894,16,0,7,3,31,21,145.74,4.1,112563.41,242.0
BELGARD_BARBERS_001,2025-07-22,27303.97,57.0,7,3900.567142857143,36206.94,80.0,10,2586.21,51176.91,111.0,16,1705.8970000000002,184800.5,400.0,46,3080.008333333333,294280.41000000003,636.0,76,3269.7823333333336,298.9,2236.970767961516,1.3113164323294522,-0.47828423237550877,461.0532432432433,0.2488016568409464,92,0.14130434782608695,13,1,7,3,31,22,145.74,4.1,115447.45999999999,247.0
BELGARD_BARBERS_001,2025-07-23,28497.92,57.0,7,4071.1314285714284,39391.54,86.0,11,2813.6814285714286,51676.36,111.0,16,1722.5453333333332,182015.9,392.0,46,3033.5983333333334,295374.36,636.0,76,3281.9373333333333,298.9,2246.0369365881365,1.3039058497472364,-0.47514374639694523,465.5527927927928,0.24639699855020747,93,0.13978494623655913,13,2,7,3,31,23,145.74,4.1,119326.01,255.0
BELGARD_BARBERS_001,2025-07-24,24818.27,48.0,6,3545.467142857143,39391.54,86.0,11,2813.6814285714286,48245.34,103.0,15,1608.1779999999999,181218.10000000003,389.0,45,3020.301666666667,293186.45999999996,632.0,75,3257.627333333333,100.0,2243.481949606311,1.3950457907061975,-0.5063345694750023,468.4013592233009,0.26391978997349796,88,0.125,11,3,7,3,31,24,145.74,4.1,126388.06,266.0
BELGARD_BARBERS_001,2025-07-25,23873.5,44.0,6,3410.5,45558.54,93.0,12,3254.1814285714286,53715.09,108.0,15,1790.503,182906.55,387.0,45,3048.4424999999997,295673.81000000006,630.0,75,3285.2645555555564,100.0,2380.1409887093523,1.3293141584847121,-0.4549897063930013,497.3619444444444,0.23704512084034488,91,0.13186813186813187,12,4,7,3,31,25,145.74,4.1,126786.95999999999,273.0
BELGARD_BARBERS_001,2025-07-26,26211.67,52.0,6,3744.5242857142853,54063.71,113.0,13,3861.6935714285714,54661.509999999995,115.0,15,1822.0503333333331,186041.42000000004,397.0,45,3100.690333333334,301591.08,642.0,75,3351.012,100.0,2461.275795359639,1.350827554174577,-0.45626863367444426,475.3174782608695,0.3885379309865388,94,0.18085106382978725,17,5,7,3,31,26,145.74,4.1,123555.93999999999,267.0
BELGARD_BARBERS_001,2025-07-27,25416.070000000003,50.0,6,3630.8671428571433,52870.31,109.0,13,3776.450714285714,56749.95999999999,119.0,15,1891.6653333333331,186538.67000000004,397.0,45,3108.977833333334,301088.32999999996,637.0,75,3345.4258888888885,198.9,2443.8865913618456,1.2919233377583945,-0.43455171444207086,476.8904201680672,0.4145645212789578,97,0.17525773195876287,17,6,7,3,31,27,145.74,4.1,126838.88999999998,273.0
BELGARD_BARBERS_001,2025-07-28,25021.57,51.0,6,3574.5099999999998,52226.08999999999,108.0,13,3730.434999999999,59935.659999999996,128.0,16,1997.8553333333332,185943.07000000004,399.0,45,3099.051166666667,301985.58,640.0,75,3355.3953333333334,994.5,2428.5474989888276,1.2155772535025864,-0.4045842188888622,468.24734374999997,0.39252958922951714,100,0.22,22,0,7,3,31,28,145.74,4.1,127733.93999999999,273.0
BELGARD_BARBERS_001,2025-07-29,29000.670000000002,59.0,6,4142.952857142857,56304.63999999999,116.0,13,4021.7599999999993,65605.40999999999,140.0,17,2186.8469999999998,186938.67000000004,400.0,45,3115.644500000001,306064.13000000006,648.0,75,3400.7125555555563,1640.9250000000002,2485.6597893613007,1.1366409215465467,-0.35694447434921583,468.61007142857136,0.35860640151475315,107,0.21495327102803738,23,1,7,3,31,29,145.74,4.1,123855.38999999998,266.0
BELGARD_BARBERS_001,2025-07-30,29794.62,59.0,6,4256.374285714285,58292.53999999999,116.0,13,4163.752857142857,69583.95999999999,146.0,18,2319.465333333333,187532.62000000002,397.0,45,3125.543666666667,302682.27999999997,639.0,75,3363.136444444444,1840.65,2471.54073958025,1.0655648541331582,-0.31032672279328666,476.6024657534246,0.3381026316984546,112,0.20535714285714285,23,2,7,3,31,30,145.74,4.1,124252.63999999998,270.0
BELGARD_BARBERS_001,2025-07-31,33624.82,69.0,7,4803.545714285714,58443.09,117.0,13,4174.506428571428,73414.15999999999,156.0,19,2447.1386666666663,186787.02000000002,396.0,45,3113.117,299053.73,635.0,75,3322.819222222222,2139.55,2447.2351352859864,1.0000394209860823,-0.2635354188693785,470.6035897435897,0.32046297335554885,117,0.2222222222222222,26,3,7,3,31,31,145.74,4.1,124201.54,264.0
BELGARD_BARBERS_001,2025-08-01,31738.57,73.0,7,4534.081428571429,55612.06999999999,117.0,13,3972.290714285714,77694.91,167.0,20,2589.8303333333333,181913.97,387.0,45,3031.8995,297564.18,636.0,75,3306.2686666666664,2686.25,2425.0883814622557,0.936388901716569,-0.21669090009422498,465.2389820359282,0.30280645154232105,125,0.224,28,4,8,3,31,1,146.21,4.5,123502.09000000001,261.0
BELGARD_BARBERS_001,2025-08-02,28504.25,65.0,7,4072.035714285714,54715.92,117.0,13,3908.2799999999997,82567.96,178.0,20,2752.2653333333337,184599.12000000002,393.0,45,3076.6520000000005,300446.02999999997,641.0,75,3338.2892222222217,3134.325,2436.0003101473985,0.8850891956689004,-0.17554617047194776,463.86494382022477,0.3487717269507445,129,0.23255813953488372,30,5,8,3,31,2,146.21,4.5,123303.19,260.0
BELGARD_BARBERS_001,2025-08-03,29399.300000000003,68.0,7,4199.900000000001,54815.37,118.0,13,3915.3835714285715,85751.46,186.0,21,2858.382,182807.92,391.0,45,3046.798666666667,301838.32999999996,644.0,75,3353.759222222222,3184.05,2382.54836813778,0.8335304267021623,-0.14770804622461298,461.0293548387097,0.37294840227793197,134,0.2462686567164179,33,6,8,3,31,3,146.21,4.5,124396.04000000001,262.0
BELGARD_BARBERS_001,2025-08-04,31237.75,69.0,7,4462.535714285715,56259.32,120.0,13,4018.522857142857,90775.61,196.0,22,3025.853666666667,181168.91999999998,386.0,45,3019.4819999999995,305271.28,650.0,75,3391.9031111111112,3185.15,2352.1260056474916,0.7773429467389396,-0.10791860275883136,463.14086734693876,0.35230685863746886,141,0.23404255319148937,33,0,8,3,31,4,146.21,4.5,120565.29000000001,255.0
BELGARD_BARBERS_001,2025-08-05,27656.45,61.0,7,3950.921428571429,56657.119999999995,120.0,13,4046.9371428571426,92864.06,200.0,23,3095.4686666666666,177787.62,379.0,45,2963.127,305967.43000000005,651.0,75,3399.638111111112,3185.15,2291.669334559029,0.7403303284044535,-0.08947112442654459,464.3203,0.3443837152930854,142,0.24647887323943662,35,1,8,3,31,5,146.21,4.5,121062.54,257.0
BELGARD_BARBERS_001,2025-08-06,25368.550000000003,59.0,7,3624.0785714285716,55163.17,118.0,13,3940.2264285714286,94554.70999999999,204.0,24,3151.823666666666,175997.52000000002,374.0,45,2933.2920000000004,304872.38000000006,649.0,75,3387.4708888888895,3185.15,2234.940437743973,0.7090943764971538,-0.0695643534517626,463.5034803921568,0.3382260915400196,144,0.25,36,2,8,3,31,6,146.21,4.5,122952.09,258.0
BELGARD_BARBERS_001,2025-08-07,26713.050000000003,59.0,7,3816.1500000000005,60337.869999999995,128.0,14,4309.847857142857,99729.40999999999,214.0,25,3324.3136666666664,176396.42,372.0,45,2939.9403333333335,307361.93000000005,653.0,75,3415.1325555555563,3333.775,2184.14144107852,0.6570202634544374,-0.02659307871993155,466.0252803738317,0.32067641832033306,148,0.25,37,3,8,3,31,7,146.21,4.5,126332.29,264.0
BELGARD_BARBERS_001,2025-08-08,27505.350000000002,56.0,7,3929.3357142857144,59243.92,129.0,14,4231.708571428571,104802.45999999999,222.0,26,3493.415333333333,179478.27000000002,374.0,45,2991.3045,305968.53,645.0,75,3399.6503333333335,3531.025,2115.5249249153794,0.6055749812309882,0.027580777670173973,472.0831531531531,0.30515381032086464,152,0.25,38,4,8,3,31,8,146.21,4.5,124541.09,264.0
BELGARD_BARBERS_001,2025-08-09,28152.87,54.0,7,4021.8385714285714,56657.12,119.0,14,4046.937142857143,110720.82999999997,232.0,27,3690.6943333333325,181795.44999999998,376.0,45,3029.924166666666,308306.7,647.0,75,3425.63,3629.925,2055.660928324,0.5569848767365636,0.07737681341339608,477.2449568965516,0.3422954831534411,159,0.25157232704402516,40,5,8,3,31,9,146.21,4.5,122799.62,263.0
BELGARD_BARBERS_001,2025-08-10,28251.219999999998,53.0,7,4035.888571428571,57650.52,121.0,14,4117.894285714286,114002.68,239.0,28,3800.089333333333,184081.7,380.0,45,3068.0283333333336,309201.75,649.0,75,3435.575,3629.925,1940.4395259252192,0.5106299762229851,0.10609994930494393,476.9986610878661,0.3612291395254919,164,0.24390243902439024,40,6,8,3,31,10,146.21,4.5,121209.52,261.0
BELGARD_BARBERS_001,2025-08-11,25714.419999999995,50.0,7,3673.4885714285706,56952.17,119.0,14,4068.012142857143,116490.03,246.0,29,3883.0009999999997,182288.30000000002,377.0,45,3038.138333333334,308009.44999999995,651.0,75,3422.3272222222217,3629.925,1826.0662811543837,0.47027190597024926,0.13460833750393064,473.5367073170732,0.3535160047602357,167,0.25149700598802394,42,0,8,3,31,11,146.21,4.5,125585.31999999999,262.0
BELGARD_BARBERS_001,2025-08-12,25117.719999999998,50.0,7,3588.245714285714,52774.17,111.0,14,3769.5835714285713,114499.93000000002,241.0,29,3816.664333333334,180099.30000000005,372.0,45,3001.6550000000007,306915.5,651.0,75,3410.1722222222224,3629.925,1874.928305428741,0.49124789126824986,0.11919987749071015,475.1034439834026,0.3292512056557588,167,0.23353293413173654,39,1,8,3,31,12,146.21,4.5,127872.67,265.0
BELGARD_BARBERS_001,2025-08-13,26809.469999999998,52.0,7,3829.9242857142854,52178.020000000004,111.0,14,3727.0014285714287,114052.41000000002,237.0,29,3801.7470000000008,174627.90000000002,359.0,45,2910.4650000000006,305573.48000000004,646.0,75,3395.2608888888894,3481.3,1876.5430851118233,0.49360020146312283,0.11972161327612607,481.2337974683545,0.33054312486689225,162,0.22839506172839505,37,2,8,3,31,13,146.21,4.5,129264.42,268.0
BELGARD_BARBERS_001,2025-08-14,28250.39,57.0,7,4035.77,54963.44,116.0,14,3925.96,119076.83,248.0,29,3969.2276666666667,178757.27000000002,368.0,45,2979.2878333333338,309900.65,655.0,75,3443.340555555556,3629.925,1895.892828529931,0.47764779139567226,0.1527258493972179,480.14850806451614,0.3165959322229186,170,0.2235294117647059,38,3,8,3,31,14,146.21,4.5,132596.0,268.0
BELGARD_BARBERS_001,2025-08-15,26956.440000000002,59.0,7,3850.9200000000005,54461.79,115.0,14,3890.127857142857,120865.28000000001,252.0,29,4028.842666666667,178657.82,371.0,45,2977.6303333333335,306219.91,651.0,75,3402.443444444444,3729.375,1860.5290378275622,0.46180235659758423,0.18410275804731335,479.62412698412703,0.31191124531379066,174,0.22413793103448276,39,4,8,3,31,15,146.21,4.5,132698.74999999997,269.0
BELGARD_BARBERS_001,2025-08-16,24420.47,58.0,7,3488.6385714285716,52573.340000000004,112.0,14,3755.2385714285715,120568.03,252.0,29,4018.934333333333,176072.12,370.0,45,2934.5353333333333,305818.81,648.0,75,3397.9867777777777,3679.6500000000005,1863.1519563071668,0.46359353046752944,0.1827398386646002,478.4445634920635,0.34073410671137283,176,0.2159090909090909,38,5,8,3,31,16,146.21,4.5,133195.44999999998,268.0
BELGARD_BARBERS_001,2025-08-17,23129.820000000003,56.0,7,3304.2600000000007,51381.04,109.0,14,3670.074285714286,115447.45999999999,246.0,29,3848.2486666666664,175278.72000000003,371.0,45,2921.3120000000004,305224.31000000006,647.0,75,3391.3812222222227,3481.3,1805.6589058673908,0.46921575560018147,0.13471426964647715,469.2986178861788,0.3730947393732179,173,0.2254335260115607,39,6,8,3,31,17,146.21,4.5,133892.7,271.0
BELGARD_BARBERS_001,2025-08-18,22035.870000000003,53.0,7,3147.9814285714288,47750.29,103.0,14,3410.735,110673.85999999999,238.0,29,3689.128666666666,170602.37000000002,360.0,45,2843.372833333334,300549.06000000006,643.0,75,3339.4340000000007,3382.4,1804.6442080416355,0.4891789826545227,0.10471674740889192,465.0162184873949,0.33346483081009376,171,0.2222222222222222,38,0,8,3,31,18,146.21,4.5,135980.05000000002,273.0
BELGARD_BARBERS_001,2025-08-19,26512.22,62.0,7,3787.46,51629.939999999995,112.0,14,3687.852857142857,113557.90999999999,244.0,29,3785.2636666666663,170602.37,364.0,45,2843.3728333333333,305423.20999999996,653.0,75,3393.591222222222,3481.3,1846.1902531708974,0.4877309523847958,0.11541532812781319,465.40127049180325,0.29783737654206566,171,0.2222222222222222,38,1,8,3,31,19,146.21,4.5,135183.35,268.0
BELGARD_BARBERS_001,2025-08-20,25715.52,62.0,7,3673.6457142857143,52524.99,114.0,14,3751.785,112563.41,242.0,29,3752.1136666666666,168116.12,360.0,45,2801.9353333333333,301643.00999999995,649.0,75,3351.5889999999995,3382.4,1858.462516302985,0.4953108251525922,0.1195029183669798,465.1380578512397,0.30046877577713754,171,0.21637426900584794,37,2,8,3,31,20,146.21,4.5,137470.7,271.0
BELGARD_BARBERS_001,2025-08-21,23674.600000000002,56.0,7,3382.0857142857144,51924.98999999999,113.0,14,3708.9278571428563,115447.45999999999,247.0,29,3848.2486666666664,166624.37000000002,358.0,45,2777.0728333333336,300247.96,647.0,75,3336.0884444444446,3580.75,1823.606732230999,0.47387965024895284,0.1535211762970845,467.3986234817813,0.29296261693414477,174,0.20689655172413793,36,3,8,3,31,21,146.21,4.5,137769.05,273.0
BELGARD_BARBERS_001,2025-08-22,26958.65,60.0,7,3851.2357142857145,53915.09,119.0,14,3851.077857142857,119326.01,255.0,29,3977.5336666666667,171002.37000000002,366.0,45,2850.0395000000003,301341.91000000003,647.0,75,3348.243444444445,3804.65,1907.5286639060557,0.47957574310229323,0.18794637626077293,467.94513725490197,0.28344021559088417,179,0.18994413407821228,34,4,8,3,31,22,146.21,4.5,136574.55,272.0
BELGARD_BARBERS_001,2025-08-23,30638.3,62.0,7,4376.9,55058.77,120.0,14,3932.7692857142856,126388.06,266.0,30,4212.935333333333,174633.4,369.0,45,2910.5566666666664,307606.16,655.0,75,3417.846222222222,3904.375,1836.582121857035,0.43593883516932735,0.23262869638241312,475.1430827067669,0.32347865771497725,184,0.20108695652173914,37,5,8,3,31,23,146.21,4.5,131900.4,267.0
BELGARD_BARBERS_001,2025-08-24,35213.0,71.0,7,5030.428571428572,58342.82,127.0,14,4167.344285714285,126786.95999999999,273.0,30,4226.232,180502.05,381.0,45,3008.3675,309693.51,660.0,75,3441.039,3904.375,1852.0599942629647,0.4382296083752536,0.22818485928232723,464.42109890109884,0.3742477933061886,185,0.23783783783783785,44,6,8,3,31,24,146.21,4.5,129860.56999999998,264.0
BELGARD_BARBERS_001,2025-08-25,39093.75,81.0,7,5584.821428571428,61129.62000000001,134.0,14,4366.401428571429,123555.93999999999,267.0,30,4118.531333333333,178217.44999999998,382.0,45,2970.290833333333,309597.36000000004,664.0,75,3439.970666666667,3904.375,1686.6596711582201,0.4095294012958552,0.19725768979425395,462.7563295880149,0.31519787717207287,182,0.22527472527472528,41,0,8,3,31,25,146.21,4.5,126179.27000000002,255.0
BELGARD_BARBERS_001,2025-08-26,38697.05,79.0,7,5528.150000000001,65209.27000000001,141.0,14,4657.805000000001,126838.88999999998,273.0,30,4227.963,183588.84999999998,392.0,45,3059.814166666666,313377.56000000006,670.0,75,3481.9728888888894,4129.65,1670.7981762741422,0.3951780505823117,0.21424351507491446,464.6113186813186,0.2889974833428455,186,0.23118279569892472,43,1,8,3,31,26,146.21,4.5,123194.67,249.0
BELGARD_BARBERS_001,2025-08-27,40192.1,82.0,7,5741.728571428571,65907.62000000001,144.0,14,4707.687142857144,127733.93999999999,273.0,30,4257.798,187669.59999999998,401.0,46,3127.8266666666664,313677.01,672.0,75,3485.300111111111,4180.75,1659.8760201159603,0.3898437690364739,0.22164458275090038,467.8898901098901,0.28697243661316646,186,0.24193548387096775,45,2,8,3,31,27,146.21,4.5,122197.97,246.0
BELGARD_BARBERS_001,2025-08-28,37408.6,78.0,7,5344.085714285714,61083.200000000004,134.0,14,4363.085714285715,123855.38999999998,266.0,30,4128.513,189460.8,406.0,47,3157.68,310794.06,666.0,75,3453.267333333333,4029.65,1695.5305066677508,0.4106879418007769,0.19553819657943272,465.6217669172932,0.2959590212424345,185,0.23243243243243245,43,3,8,3,31,28,146.21,4.5,129855.89000000001,261.0
BELGARD_BARBERS_001,2025-08-29,34721.25,74.0,7,4960.178571428572,61679.9,134.0,14,4405.707142857143,124252.63999999998,270.0,30,4141.754666666666,193836.6,416.0,48,3230.61,311785.26,667.0,75,3464.2806666666665,4180.75,1695.858805818325,0.4094541908691015,0.19555979009398938,460.1949629629629,0.295012806166533,190,0.22105263157894736,42,4,8,3,31,29,146.21,4.5,134532.24000000002,266.0
BELGARD_BARBERS_001,2025-08-30,31438.299999999996,67.0,7,4491.185714285713,62076.6,129.0,14,4434.042857142857,124201.54,264.0,30,4140.051333333333,197615.7,420.0,49,3293.5950000000003,310988.56,660.0,75,3455.4284444444443,4180.75,1696.196507235592,0.4097042211961926,0.19812966753503725,470.46037878787877,0.3255613416709648,185,0.22162162162162163,41,5,8,3,31,30,146.21,4.5,136522.34000000003,275.0
BELGARD_BARBERS_001,2025-08-31,28453.7,61.0,7,4064.8142857142857,63666.700000000004,132.0,14,4547.621428571429,123502.09000000001,261.0,30,4116.736333333333,201197.0,428.0,50,3353.2833333333333,305416.06,648.0,75,3393.5117777777778,3929.925,1698.9072664087805,0.4126830403620167,0.21311980123114682,473.1880842911878,0.35640303738989354,181,0.2265193370165746,41,6,8,3,31,31,146.21,4.5,137615.19,277.0
BELGARD_BARBERS_001,2025-09-01,28251.5,58.0,7,4035.9285714285716,67345.25,139.0,14,4810.375,123303.19,260.0,30,4110.106333333333,205871.15,438.0,50,3431.1858333333334,307902.31,653.0,75,3421.1367777777778,3929.925,1694.7734664953177,0.41234297340449616,0.20138614744397332,474.24303846153845,0.31423088080689554,184,0.20652173913043478,38,0,9,3,30,1,146.56,4.6,133338.84,268.0
BELGARD_BARBERS_001,2025-09-02,26956.450000000004,57.0,7,3850.9214285714293,65653.5,136.0,14,4689.535714285715,124396.04000000001,262.0,30,4146.534666666667,210147.50000000003,448.0,51,3502.458333333334,307203.96,653.0,75,3413.3773333333334,4178.55,1686.188404239442,0.4066500197850611,0.21478941873014934,474.79404580152675,0.28587863407870534,188,0.19148936170212766,36,1,9,3,30,2,146.56,4.6,132742.13999999998,265.0
BELGARD_BARBERS_001,2025-09-03,24069.100000000006,51.0,7,3438.442857142858,64261.200000000004,133.0,14,4590.085714285715,120565.29000000001,255.0,30,4018.8430000000003,211340.9,451.0,52,3522.3483333333334,301734.21,641.0,75,3352.6023333333337,3929.925,1758.3949202973906,0.43753759982596746,0.19872343941378068,472.80505882352946,0.29496192477951155,185,0.17297297297297298,32,2,9,3,30,3,146.56,4.6,138261.61,275.0
BELGARD_BARBERS_001,2025-09-04,24863.600000000002,52.0,7,3551.9428571428575,62272.2,130.0,14,4448.0142857142855,121062.54,257.0,30,4035.4179999999997,213926.60000000003,457.0,53,3565.443333333334,298850.16000000003,636.0,75,3320.5573333333336,3929.925,1742.3912752027504,0.4317746699853028,0.2152833379778012,471.06046692607003,0.2937504037169549,185,0.1837837837837838,34,3,9,3,30,4,146.56,4.6,142141.26,280.0
BELGARD_BARBERS_001,2025-09-05,24068.000000000004,47.0,7,3438.2857142857147,58789.24999999999,121.0,14,4199.232142857142,122952.09,258.0,30,4098.403,217506.80000000002,462.0,54,3625.1133333333337,298949.61000000004,632.0,75,3321.6623333333337,3929.925,1689.852989898135,0.4123198694462538,0.23384094730881233,476.558488372093,0.2892359942803738,182,0.1978021978021978,36,4,9,3,30,5,146.56,4.6,144379.98,290.0
BELGARD_BARBERS_001,2025-09-06,28843.800000000003,59.0,7,4120.542857142857,60282.09999999999,126.0,14,4305.864285714285,126332.29,264.0,30,4211.076333333333,226061.7,478.0,55,3767.695,302728.7100000001,636.0,75,3363.6523333333344,3929.925,1861.8018664857677,0.4421201894984491,0.25193566873786066,478.5314015151515,0.3492145198982778,189,0.19576719576719576,37,5,9,3,30,6,146.56,4.6,138808.58,281.0
BELGARD_BARBERS_001,2025-09-07,28544.35,59.0,7,4077.7642857142855,56998.049999999996,120.0,14,4071.2892857142856,124541.09,264.0,30,4151.3696666666665,229343.55000000002,486.0,56,3822.3925000000004,304019.36,638.0,75,3377.992888888889,3779.1000000000004,1861.9228599908631,0.4485080851606959,0.22894565004018164,471.746553030303,0.3805886073423639,190,0.2,38,6,9,3,30,7,146.56,4.6,140699.22999999998,282.0
BELGARD_BARBERS_001,2025-09-08,27649.299999999996,57.0,7,3949.899999999999,55900.799999999996,115.0,14,3992.9142857142856,122799.62,263.0,30,4093.3206666666665,233520.45,495.0,57,3892.0075,304595.07,639.0,75,3384.389666666667,3779.1000000000004,1832.8481763327322,0.44776559805300675,0.2094708558480607,466.9187072243346,0.3377905403941803,185,0.21081081081081082,39,0,9,3,30,8,146.56,4.6,138015.18,277.0
BELGARD_BARBERS_001,2025-09-09,25064.699999999997,52.0,7,3580.6714285714284,52021.15,109.0,14,3715.796428571429,121209.52,261.0,30,4040.3173333333334,235212.19999999998,500.0,58,3920.203333333333,305291.2200000001,641.0,75,3392.1246666666675,3779.1000000000004,1877.9842877261308,0.46481108605812416,0.19108751309651129,464.4042911877395,0.31514603803397623,184,0.21739130434782608,40,1,9,3,30,9,146.56,4.6,143186.58000000002,285.0
BELGARD_BARBERS_001,2025-09-10,30734.449999999997,57.0,7,4390.635714285714,54803.55,108.0,14,3914.539285714286,125585.31999999999,262.0,30,4186.177333333333,242075.35,508.0,59,4034.5891666666666,307873.62000000005,639.0,75,3420.8180000000007,3929.925,1921.1383091454456,0.458924253840842,0.22373576534423423,479.33328244274804,0.3041653276035767,180,0.24444444444444444,44,2,9,3,30,10,146.56,4.6,140898.13,286.0
BELGARD_BARBERS_001,2025-09-11,31927.85,58.0,7,4561.121428571429,56791.450000000004,110.0,14,4056.5321428571433,127872.67,265.0,30,4262.422333333333,242372.6,506.0,59,4039.5433333333335,307971.97000000003,637.0,75,3421.910777777778,3929.925,1857.0096605917865,0.4356700287696628,0.24562637956954303,482.53837735849055,0.2987245046185397,181,0.2430939226519337,44,3,9,3,30,11,146.56,4.6,143235.20000000004,291.0
BELGARD_BARBERS_001,2025-09-12,33121.8,62.0,7,4731.685714285714,57189.8,109.0,14,4084.9857142857145,129264.42,268.0,30,4308.814,243316.83,505.0,59,4055.2805,303892.32,627.0,75,3376.5813333333335,4128.825,1851.8225858283508,0.42977547553186346,0.2760877273897544,482.3299253731343,0.2955082303390214,183,0.25136612021857924,46,4,9,3,30,12,146.56,4.6,140847.85,288.0
BELGARD_BARBERS_001,2025-09-13,34514.100000000006,61.0,7,4930.585714285715,63357.90000000001,120.0,14,4525.564285714287,132596.0,268.0,30,4419.866666666667,251672.83,516.0,59,4194.547166666666,311353.2700000001,636.0,75,3459.4807777777787,4128.825,2073.4630340058848,0.46912343524824685,0.2776098352845304,494.76119402985074,0.3631022051947269,183,0.24043715846994534,44,5,9,3,30,13,146.56,4.6,138857.75,284.0
BELGARD_BARBERS_001,2025-09-14,35114.1,64.0,7,5016.3,63658.450000000004,123.0,14,4547.032142857143,132698.74999999997,269.0,30,4423.291666666666,253564.03,521.0,59,4226.067166666667,311356.57,640.0,75,3459.5174444444447,4128.825,2072.4864028135917,0.4685393953176481,0.2785863166465379,493.3039033457248,0.39207415292156117,183,0.24043715846994534,44,6,9,3,30,14,146.56,4.6,138058.85,279.0
BELGARD_BARBERS_001,2025-09-15,34816.3,63.0,7,4973.757142857144,62465.600000000006,120.0,14,4461.828571428572,133195.44999999998,268.0,30,4439.848333333332,253763.48,520.0,59,4229.391333333334,309267.56999999995,638.0,75,3436.306333333333,4128.825,2066.078911911939,0.4653489841984706,0.2920409016697094,496.997947761194,0.3652178058634886,179,0.2569832402234637,46,0,9,3,30,15,146.56,4.6,136269.30000000002,277.0
BELGARD_BARBERS_001,2025-09-16,35812.99999999999,66.0,7,5116.142857142856,60877.7,118.0,14,4348.407142857142,133892.7,271.0,30,4463.09,249340.16000000003,517.0,59,4155.669333333334,309171.42,642.0,75,3435.238,4128.825,2042.1865268791355,0.45757233819598875,0.2992083809040307,494.06900369003694,0.34844431399172626,179,0.26256983240223464,47,1,9,3,30,16,146.56,4.6,139249.5,280.0
BELGARD_BARBERS_001,2025-09-17,32430.6,64.0,7,4632.942857142857,63165.05,121.0,14,4511.789285714286,135980.05000000002,273.0,30,4532.668333333334,246653.91000000003,511.0,59,4110.8985,306582.42,633.0,75,3406.471333333333,4128.825,1970.7235148748175,0.4347822011114463,0.3306051599436135,498.09542124542133,0.3430955496780594,180,0.26666666666666666,48,2,9,3,30,17,146.56,4.6,136266.00000000003,275.0
BELGARD_BARBERS_001,2025-09-18,33822.9,65.0,7,4831.842857142858,65750.74999999999,123.0,14,4696.482142857142,135183.35,268.0,30,4506.111666666667,248741.26,512.0,59,4145.687666666667,305785.72000000003,632.0,75,3397.6191111111116,4128.825,1956.5180937779635,0.4341921014188427,0.3262556864983752,504.4154850746269,0.3451175755002373,182,0.24725274725274726,45,3,9,3,30,18,146.56,4.6,134379.75,277.0
BELGARD_BARBERS_001,2025-09-19,33921.8,65.0,7,4845.971428571429,67043.59999999999,127.0,14,4788.828571428571,137470.7,271.0,30,4582.3566666666675,250034.11,513.0,59,4167.235166666666,305586.82,631.0,75,3395.409111111111,4226.625,1924.5012800607735,0.41998068244231823,0.34957423883660965,507.27195571955724,0.33937522686652505,181,0.2541436464088398,46,4,9,3,30,19,146.56,4.6,131396.24999999997,270.0
BELGARD_BARBERS_001,2025-09-20,28847.649999999998,61.0,7,4121.092857142857,63361.75000000001,122.0,14,4525.839285714286,137769.05,273.0,30,4592.301666666666,253216.50999999998,520.0,59,4220.275166666666,304393.4199999999,631.0,75,3382.1491111111104,4226.625,1925.2067612546336,0.4192248029411469,0.35780579619625175,504.64853479853474,0.37401143435336176,182,0.25824175824175827,47,5,9,3,30,20,146.56,4.6,135674.8,272.0
BELGARD_BARBERS_001,2025-09-21,30834.449999999997,63.0,7,4404.921428571428,65948.55,127.0,14,4710.6107142857145,136574.55,272.0,30,4552.485,255900.55999999994,527.0,59,4265.0093333333325,307576.92,638.0,75,3417.521333333333,4226.625,1885.6391028044047,0.41419995953954925,0.3321014138512084,502.11231617647053,0.4202528948475394,183,0.26229508196721313,48,6,9,3,30,21,146.56,4.6,132292.4,265.0
BELGARD_BARBERS_001,2025-09-22,29343.25,61.0,7,4191.892857142857,64159.55000000001,124.0,14,4582.825000000001,131900.4,267.0,30,4396.679999999999,258288.45999999996,533.0,60,4304.807666666666,306533.80000000005,636.0,75,3405.9311111111115,4128.825,1864.8351184756257,0.4241462008778501,0.29088929181708467,494.00898876404494,0.3816046046865666,180,0.26666666666666666,48,0,9,3,30,22,146.56,4.6,133386.35,267.0
BELGARD_BARBERS_001,2025-09-23,31180.870000000003,64.0,7,4454.410000000001,66993.87000000001,130.0,14,4785.276428571429,129860.56999999998,264.0,30,4328.685666666666,256647.52999999997,537.0,60,4277.458833333333,310362.62000000005,645.0,75,3448.4735555555562,4128.825,1821.1793802893833,0.42072340671753944,0.2552468786350621,491.8960984848484,0.3370376396776944,183,0.23497267759562843,43,1,9,3,30,23,146.56,4.6,131148.73,262.0
BELGARD_BARBERS_001,2025-09-24,29292.97,63.0,7,4184.71,61723.57000000001,127.0,14,4408.8264285714295,126179.27000000002,255.0,30,4205.975666666667,249735.21,522.0,60,4162.2535,304396.72000000003,637.0,75,3382.185777777778,3981.3,1876.5215312925552,0.4461560598565569,0.2435673091352626,494.82066666666674,0.3468707656970911,176,0.23295454545454544,41,2,9,3,30,24,146.56,4.6,135523.98,267.0
BELGARD_BARBERS_001,2025-09-25,26708.37,60.0,7,3815.4814285714283,60531.270000000004,125.0,14,4323.662142857143,123194.67,249.0,30,4106.489,250033.56,522.0,60,4167.226,306783.51999999996,641.0,75,3408.7057777777773,3880.475,1880.6063742515782,0.4579596765635019,0.20470620455753297,494.7577108433735,0.35527429879880357,174,0.21839080459770116,38,3,9,3,30,25,146.56,4.6,139600.33,275.0
BELGARD_BARBERS_001,2025-09-26,24919.369999999995,57.0,7,3559.9099999999994,58841.170000000006,122.0,14,4202.940714285714,122197.97,246.0,30,4073.2656666666667,249931.90999999997,519.0,60,4165.5318333333325,309867.56999999995,647.0,76,3442.9729999999995,3829.1000000000004,1889.5503465334168,0.46389077000217355,0.18306639833268146,496.7397154471545,0.3581720711072369,170,0.23529411764705882,40,4,9,3,30,26,146.56,4.6,139500.88,277.0
BELGARD_BARBERS_001,2025-09-27,29495.440000000002,66.0,7,4213.634285714286,58343.09000000001,127.0,14,4167.363571428572,129855.89000000001,261.0,30,4328.529666666667,253711.27999999997,527.0,60,4228.521333333333,319316.69,667.0,77,3547.963222222222,3880.475,2072.43182580189,0.4787842490167885,0.22000409687323286,497.5321455938698,0.40981598909375616,177,0.23163841807909605,41,5,9,3,30,27,146.56,4.6,139003.36000000002,272.0
BELGARD_BARBERS_001,2025-09-28,32678.940000000002,68.0,7,4668.42,63513.390000000014,131.0,14,4536.670714285715,134532.24000000002,266.0,30,4484.408,258784.87999999998,536.0,60,4313.081333333333,328368.8400000001,682.0,78,3648.5426666666676,3880.475,2239.275352302466,0.49934692657368956,0.229095671806131,505.76030075187975,0.46285685869795967,176,0.24431818181818182,43,6,9,3,30,28,146.56,4.6,137509.41,264.0
BELGARD_BARBERS_001,2025-09-29,36060.24,75.0,7,5151.462857142857,65403.490000000005,136.0,14,4671.677857142858,136522.34000000003,275.0,30,4550.744666666667,260723.87999999998,539.0,60,4345.397999999999,334138.0400000001,695.0,79,3712.64488888889,4029.375,2246.8632773338827,0.4937352987065448,0.2257419717910596,496.4448727272728,0.428428563413138,179,0.24581005586592178,44,0,9,3,30,29,146.56,4.6,132734.71000000002,252.0
BELGARD_BARBERS_001,2025-09-30,36208.32,74.0,7,5172.617142857142,67389.19,138.0,14,4813.513571428572,137615.19,277.0,30,4587.173,261117.28,538.0,60,4351.9546666666665,338812.19000000006,705.0,80,3764.5798888888894,4226.625,2239.6981405346423,0.48825238126720805,0.21850860796950644,496.8057400722022,0.39900224677232216,178,0.24157303370786518,43,1,9,3,30,30,146.56,4.6,135073.71,258.0
BELGARD_BARBERS_001,2025-10-01,35411.07,71.0,7,5058.7242857142855,64704.04,134.0,14,4621.717142857143,133338.84,268.0,30,4444.628,256642.03,528.0,60,4277.367166666667,339209.99,706.0,80,3768.9998888888886,4029.375,2338.224950578822,0.5260788868222092,0.179259254717115,497.5329850746269,0.4117987677108936,175,0.2342857142857143,41,2,10,4,31,1,146.84,4.6,138852.81000000003,266.0
BELGARD_BARBERS_001,2025-10-02,36503.92,73.0,7,5214.845714285714,63212.29,133.0,14,4515.163571428571,132742.13999999998,265.0,30,4424.737999999999,257138.18,527.0,60,4285.636333333333,342889.64,713.0,81,3809.8848888888892,3880.475,2342.1064811936567,0.5293209408542736,0.16138364518683002,500.91373584905654,0.41364987787600843,174,0.21839080459770116,38,3,10,4,31,2,146.84,4.6,138555.56,266.0
BELGARD_BARBERS_001,2025-10-03,40132.740000000005,80.0,7,5733.248571428572,65052.11000000001,137.0,14,4646.579285714286,138261.61,275.0,30,4608.720333333333,258826.9,530.0,60,4313.781666666667,349602.51,726.0,82,3884.4723333333336,4029.375,2297.4072406903733,0.4984913543297464,0.1864469451320585,502.76949090909085,0.39713677571091505,178,0.24719101123595505,44,4,10,4,31,3,146.84,4.6,137114.64,264.0
BELGARD_BARBERS_001,2025-10-04,37148.97,71.0,7,5306.995714285715,66644.41,137.0,14,4760.3150000000005,142141.26,280.0,30,4738.042,263203.8,537.0,60,4386.73,356067.86,737.0,83,3956.3095555555556,4351.485,2289.0692470469303,0.4831255710791357,0.1975913243054288,507.6473571428572,0.43178258023039895,180,0.24444444444444444,44,5,10,4,31,4,146.84,4.6,133931.13999999998,261.0
BELGARD_BARBERS_001,2025-10-05,33915.74,71.0,7,4845.105714285714,66594.68000000001,139.0,14,4756.762857142858,144379.98,290.0,30,4812.666,267332.07,548.0,60,4455.5345,361886.77999999997,752.0,84,4020.964222222222,4600.11,2286.5970162807444,0.4751206537666949,0.19689351459591875,497.862,0.4653902847195297,187,0.25668449197860965,48,6,10,4,31,5,146.84,4.6,132290.22,257.0
BELGARD_BARBERS_001,2025-10-06,31130.04,65.0,7,4447.148571428572,67190.28,140.0,14,4799.305714285714,138808.58,281.0,30,4626.952666666666,265140.87,545.0,60,4419.0145,364870.28,759.0,85,4054.1142222222225,4351.485,2199.7168539411814,0.47541373608342835,0.14129805255719896,493.9807117437722,0.4224388722944937,179,0.25139664804469275,45,0,10,4,31,6,146.84,4.6,133882.52,257.0
BELGARD_BARBERS_001,2025-10-07,31628.39,64.0,7,4518.341428571429,67836.70999999999,138.0,14,4845.479285714285,140699.22999999998,282.0,30,4689.974333333333,265240.32000000007,546.0,60,4420.672000000001,370042.78,768.0,86,4111.586444444445,4600.11,2187.325581010874,0.4663832732441125,0.14067268114243414,498.93343971631197,0.39343705008193725,178,0.2640449438202247,47,1,10,4,31,7,146.84,4.6,132589.67,257.0
BELGARD_BARBERS_001,2025-10-08,32325.64,66.0,7,4617.948571428571,67736.71,137.0,14,4838.336428571429,138015.18,277.0,30,4600.505999999999,260814.80000000002,540.0,60,4346.913333333334,371535.63,772.0,87,4128.173666666667,4600.11,2260.162362689312,0.49128560264660287,0.11441677881607193,498.24974729241876,0.4010884165060684,176,0.26704545454545453,47,2,10,4,31,8,146.84,4.6,135774.27000000002,264.0
BELGARD_BARBERS_001,2025-10-09,35509.14,72.0,7,5072.734285714286,72013.06,145.0,14,5143.79,143186.58000000002,285.0,30,4772.886,264396.10000000003,546.0,60,4406.601666666667,378398.78,785.0,88,4204.430888888889,4724.15,2228.7310862365907,0.46695669794681677,0.13520381857467934,502.409052631579,0.38660250143553954,179,0.2737430167597765,49,3,10,4,31,9,146.84,4.6,135180.87,268.0
BELGARD_BARBERS_001,2025-10-10,33370.97,68.0,7,4767.2814285714285,73503.70999999999,148.0,14,5250.264999999999,140898.13,286.0,30,4696.604333333334,266483.45,548.0,60,4441.390833333334,382973.48000000004,794.0,89,4255.260888888889,4624.424999999999,2194.7875748656306,0.46731370562525504,0.10371712944718792,492.6508041958042,0.3928816514456224,179,0.27932960893854747,50,4,10,4,31,10,146.84,4.6,132297.91999999998,264.0
BELGARD_BARBERS_001,2025-10-11,33021.79,69.0,7,4717.398571428572,70170.76,140.0,14,5012.197142857142,143235.20000000004,291.0,30,4774.506666666668,271107.87,556.0,60,4518.4645,385607.8,797.0,89,4284.531111111111,4724.15,2202.3023122607146,0.4612627997016196,0.11435920124022414,492.2171821305843,0.4291714606465449,183,0.273224043715847,50,5,10,4,31,11,146.84,4.6,134736.65,264.0
BELGARD_BARBERS_001,2025-10-12,29589.670000000002,60.0,7,4227.095714285714,63505.409999999996,131.0,14,4536.100714285714,140847.85,288.0,30,4694.928333333333,270112.26999999996,556.0,60,4501.871166666666,384164.68,793.0,89,4268.496444444444,4624.424999999999,2243.622263977136,0.4778821112236649,0.0999021305134038,489.0550347222222,0.4533917983128603,181,0.26519337016574585,48,6,10,4,31,12,146.84,4.6,136675.92,268.0
BELGARD_BARBERS_001,2025-10-13,34563.270000000004,64.0,7,4937.610000000001,65693.31,129.0,14,4692.379285714285,138857.75,284.0,30,4628.591666666666,271453.75,552.0,60,4524.229166666667,390530.57999999996,800.0,89,4339.228666666666,4624.424999999999,2112.9648650211598,0.4565027587630852,0.06668535406369469,488.9357394366197,0.38825387851956406,177,0.2655367231638418,47,0,10,4,31,13,146.84,4.6,130310.56999999998,262.0
BELGARD_BARBERS_001,2025-10-14,32473.720000000005,61.0,7,4639.102857142858,64102.11,125.0,14,4578.722142857143,138058.85,279.0,30,4601.961666666667,270757.6,548.0,60,4512.626666666666,391622.88,800.0,89,4351.365333333333,4624.424999999999,2127.194756499873,0.46223652228738826,0.05759027664573635,494.8345878136201,0.3623832155635079,176,0.2556818181818182,45,1,10,4,31,14,146.84,4.6,132201.22,261.0
BELGARD_BARBERS_001,2025-10-15,33070.42,63.0,7,4724.345714285714,65396.06,129.0,14,4671.147142857143,136269.30000000002,277.0,30,4542.31,269464.74999999994,545.0,60,4491.0791666666655,390032.78,797.0,89,4333.6975555555555,4624.424999999999,2171.2642992505544,0.4780088323453384,0.04813728733261868,491.9469314079423,0.36714219563760875,179,0.24581005586592178,44,2,10,4,31,15,146.84,4.6,132897.37000000002,260.0
BELGARD_BARBERS_001,2025-10-16,31875.92,61.0,7,4553.702857142857,67385.06,133.0,14,4813.2185714285715,139249.5,280.0,30,4641.65,273142.2,551.0,60,4552.37,388589.66000000003,797.0,89,4317.662888888889,4773.6,2152.2658722379074,0.46368551533138164,0.0750376116544118,497.31964285714287,0.35928466529502806,178,0.2808988764044944,50,3,10,4,31,16,146.84,4.6,134689.12,264.0
BELGARD_BARBERS_001,2025-10-17,27798.47,53.0,7,3971.21,61169.44,121.0,14,4369.245714285715,136266.00000000003,275.0,30,4542.200000000001,272246.05,548.0,60,4537.434166666667,382919.91000000003,786.0,89,4254.665666666667,4773.6,2269.35457064338,0.4996157304045132,0.06758094662667213,495.5127272727274,0.36715108684484754,177,0.2655367231638418,47,4,10,4,31,17,146.84,4.6,136380.87000000002,269.0
BELGARD_BARBERS_001,2025-10-18,24967.450000000004,51.0,7,3566.778571428572,57989.24,120.0,14,4142.088571428571,134379.75,277.0,30,4479.325,269563.10000000003,545.0,60,4492.718333333334,383121.01,789.0,89,4256.900111111111,4624.424999999999,2277.1677519289174,0.5083729695721827,0.052250436487416785,485.1254512635379,0.39675144506519777,178,0.25280898876404495,45,5,10,4,31,18,146.84,4.6,140653.91999999998,273.0
BELGARD_BARBERS_001,2025-10-19,24470.200000000004,47.0,7,3495.7428571428577,54059.87000000001,107.0,14,3861.4192857142866,131396.24999999997,270.0,30,4379.874999999999,268866.95,541.0,60,4481.115833333333,381430.36000000004,783.0,89,4238.115111111111,4550.385,2322.498620112615,0.530265959670679,0.033448805700731166,486.65277777777766,0.42014068133603527,178,0.24719101123595505,44,6,10,4,31,19,146.84,4.6,139660.52,274.0
BELGARD_BARBERS_001,2025-10-20,25664.700000000004,49.0,7,3666.385714285715,60227.97000000001,113.0,14,4301.997857142857,135674.8,272.0,30,4522.493333333333,273443.85,545.0,60,4557.3975,388891.30999999994,792.0,89,4321.014555555555,4550.385,2474.779003181676,0.5472156221748644,0.04662765542382541,498.80441176470583,0.3709742708299552,178,0.24719101123595505,44,0,10,4,31,20,146.84,4.6,132797.37,266.0
BELGARD_BARBERS_001,2025-10-21,25068.0,49.0,7,3581.1428571428573,57541.72000000001,110.0,14,4110.122857142857,132292.4,265.0,30,4409.746666666667,268866.94999999995,537.0,60,4481.115833333332,388192.95999999996,792.0,89,4313.255111111111,4102.86,2487.8955514896966,0.5641810606254849,0.022370936350829318,499.2166037735849,0.3360979920237293,170,0.2647058823529412,45,1,10,4,31,21,146.84,4.6,132598.46999999997,265.0
BELGARD_BARBERS_001,2025-10-22,26460.300000000003,51.0,7,3780.0428571428574,59530.72,114.0,14,4252.194285714286,133386.35,267.0,30,4446.211666666667,265286.75,534.0,60,4421.445833333333,391674.80999999994,800.0,90,4351.9423333333325,4102.86,2465.914067490435,0.5546101383290948,0.021661438988124226,499.5743445692884,0.33334153007410433,173,0.24277456647398843,42,2,10,4,31,22,146.84,4.6,134985.27,269.0
BELGARD_BARBERS_001,2025-10-23,23080.100000000002,46.0,7,3297.1571428571433,54956.02,107.0,14,3925.43,131148.73,262.0,30,4371.624333333334,261009.30000000002,526.0,60,4350.155000000001,387796.25999999995,799.0,90,4308.847333333333,3580.75,2496.0276814392946,0.5709611556526611,0.014569325655693799,500.56767175572526,0.3390289025292125,174,0.21264367816091953,37,3,10,4,31,23,146.84,4.6,136974.27,272.0
BELGARD_BARBERS_001,2025-10-24,28550.950000000004,55.0,7,4078.7071428571435,56349.42,108.0,14,4024.9585714285713,135523.98,267.0,30,4517.466,261703.25000000003,522.0,60,4361.720833333334,385259.18999999994,789.0,90,4280.657666666666,4127.175,2456.9200204179756,0.5438712810274555,0.05532054926450969,507.58044943820227,0.32808370887572813,177,0.20903954802259886,37,4,10,4,31,24,146.84,4.6,133890.21999999997,269.0
BELGARD_BARBERS_001,2025-10-25,31928.950000000004,58.0,7,4561.278571428572,56896.4,109.0,14,4064.0285714285715,139600.33,275.0,30,4653.3443333333325,262795.00000000006,524.0,60,4379.916666666668,389633.89,797.0,90,4329.265444444444,4624.424999999999,2459.107430092856,0.5284602328861664,0.07485770809104908,507.6375636363636,0.36623380474816936,183,0.20218579234972678,37,5,10,4,31,25,146.84,4.6,132700.12,269.0
BELGARD_BARBERS_001,2025-10-26,33024.0,64.0,7,4717.714285714285,57494.2,111.0,14,4106.728571428571,139500.88,277.0,30,4650.029333333334,261698.85000000003,523.0,60,4361.647500000001,389432.79,796.0,90,4327.031,4624.424999999999,2461.2867491807797,0.529305639329468,0.07464664185057468,503.61328519855596,0.3878897394769123,184,0.20652173913043478,38,6,10,4,31,26,146.84,4.6,134688.02000000002,269.0
BELGARD_BARBERS_001,2025-10-27,32824.0,66.0,7,4689.142857142857,58488.7,115.0,14,4177.7642857142855,139003.36000000002,272.0,30,4633.445333333334,268859.25,533.0,60,4480.9875,392714.6399999999,799.0,90,4363.495999999999,4624.424999999999,2430.3769388892924,0.5245291061070665,0.06186537889191035,511.04176470588243,0.3213004347520808,178,0.2247191011235955,40,0,10,4,31,27,146.84,4.6,130211.67,262.0
BELGARD_BARBERS_001,2025-10-28,37895.95,67.0,7,5413.707142857143,62963.95,116.0,14,4497.425,137509.41,264.0,30,4583.647,272041.65,530.0,60,4534.0275,396294.29,800.0,90,4403.269888888889,4624.424999999999,2353.4145736314713,0.5134371328401753,0.04096435505038443,520.8689772727273,0.2589618412296293,172,0.23255813953488372,40,1,10,4,31,28,146.84,4.6,129119.91999999998,267.0
BELGARD_BARBERS_001,2025-10-29,35408.6,60.0,7,5058.371428571429,61868.9,111.0,14,4419.207142857143,132734.71000000002,252.0,30,4424.490333333334,269257.05000000005,527.0,60,4487.617500000001,393458.59,791.0,90,4371.762111111111,4127.175,2428.122179771141,0.5487913854118054,0.012061091359067966,526.7250396825398,0.2682771522234086,167,0.2275449101796407,38,2,10,4,31,29,146.84,4.6,134888.02,275.0
BELGARD_BARBERS_001,2025-10-30,40133.3,70.0,7,5733.328571428572,63213.399999999994,116.0,14,4515.242857142856,135073.71,258.0,30,4502.456999999999,272688.9,535.0,60,4544.8150000000005,396190.99,796.0,90,4402.122111111111,4127.175,2472.0422359136587,0.5490429416457856,0.022792391114194732,523.541511627907,0.2636315386613724,171,0.23391812865497075,40,3,10,4,31,30,146.84,4.6,134935.82,269.0
BELGARD_BARBERS_001,2025-10-31,38739.899999999994,70.0,7,5534.271428571427,67290.85,125.0,14,4806.489285714286,138852.81000000003,266.0,30,4628.427000000001,272191.65,534.0,60,4536.5275,395494.84,794.0,90,4394.387111111111,4574.7,2374.294010787417,0.5129807623167475,0.053258823806652034,522.003045112782,0.25645638716278046,177,0.23163841807909605,41,4,10,4,31,31,146.84,4.6,132949.02,266.0
BELGARD_BARBERS_001,2025-11-01,35459.15,64.0,7,5065.592857142858,67388.09999999999,122.0,14,4813.435714285713,138555.56,266.0,30,4618.518666666667,271297.70000000007,531.0,60,4521.628333333335,395693.74000000005,793.0,90,4396.597111111112,4574.7,2378.8486131372233,0.515067445825463,0.05047575430432616,520.8855639097744,0.2814184432584301,180,0.2222222222222222,40,5,11,4,30,1,147.08,4.5,137026.47,276.0
BELGARD_BARBERS_001,2025-11-02,37746.5,67.0,7,5392.357142857143,70770.5,131.0,14,5055.035714285715,137114.64,264.0,30,4570.488,275376.25000000006,539.0,60,4589.604166666668,395941.54000000004,794.0,90,4399.350444444445,4574.7,2350.45441265074,0.5142677133493709,0.03890064174625363,519.3736363636364,0.3228250462532666,180,0.2,36,6,11,4,30,2,147.08,4.5,136529.22,271.0
BELGARD_BARBERS_001,2025-11-03,32076.750000000004,60.0,7,4582.392857142858,64900.74999999999,126.0,14,4635.767857142857,133931.13999999998,261.0,30,4464.371333333333,276072.4,541.0,60,4601.206666666667,397134.94,798.0,90,4412.6104444444445,4028.2749999999996,2334.3189004228957,0.5228774056032591,0.01173021945638908,513.1461302681992,0.28222480597118793,178,0.21910112359550563,39,0,11,4,30,3,147.08,4.5,137026.47,268.0
BELGARD_BARBERS_001,2025-11-04,28696.55,64.0,7,4099.507142857143,66592.5,131.0,14,4756.607142857143,132290.22,257.0,30,4409.674,276670.19999999995,547.0,60,4611.169999999999,399622.2899999999,805.0,90,4440.247666666666,3829.925,2321.1261230138557,0.5263713650972511,-0.006885576878106425,514.7479377431906,0.24173948762047565,179,0.18994413407821228,34,1,11,4,30,4,147.08,4.5,139413.27,269.0
BELGARD_BARBERS_001,2025-11-05,32277.85,70.0,7,4611.121428571429,67686.45,130.0,14,4834.746428571429,133882.52,257.0,30,4462.750666666666,272691.1,538.0,60,4544.8516666666665,399023.39,802.0,90,4433.593222222223,4376.35,2306.0637889514,0.516735968732453,0.006576481644346321,520.9436575875486,0.23886441635547345,177,0.1864406779661017,33,2,11,4,30,5,147.08,4.5,144686.32,276.0
BELGARD_BARBERS_001,2025-11-06,29144.35,63.0,7,4163.478571428571,69277.65,133.0,14,4948.403571428571,132589.67,257.0,30,4419.6556666666675,273288.89999999997,539.0,60,4554.815,397829.99000000005,803.0,90,4420.3332222222225,4028.825,2304.4771848291075,0.5214155487744498,-0.00015328155627469808,515.913112840467,0.2411935258606496,177,0.1864406779661017,33,3,11,4,30,6,147.08,4.5,146678.07,281.0
BELGARD_BARBERS_001,2025-11-07,29247.100000000002,64.0,7,4178.157142857143,67987.0,134.0,14,4856.214285714285,135774.27000000002,264.0,30,4525.809,273789.45000000007,541.0,60,4563.157500000001,396589.07000000007,804.0,90,4406.545222222223,4376.35,2239.6477659405136,0.49486130898155745,0.027065143272859027,514.2964772727273,0.23553630595841168,183,0.18032786885245902,33,4,11,4,30,7,147.08,4.5,153240.66999999998,279.0
BELGARD_BARBERS_001,2025-11-08,32134.45,74.0,7,4590.635714285714,67593.6,138.0,14,4828.114285714286,135180.87,268.0,30,4506.0289999999995,278367.45,553.0,60,4639.4575,399576.97000000003,814.0,90,4439.744111111111,4376.35,2221.464181372802,0.49299819894030916,0.014929889477864444,504.40623134328354,0.2829506867354827,186,0.17204301075268819,32,5,11,4,30,8,147.08,4.5,152939.02000000002,271.0
BELGARD_BARBERS_001,2025-11-09,28554.25,68.0,7,4079.1785714285716,66300.75,135.0,14,4735.767857142857,132297.91999999998,264.0,30,4409.930666666666,273196.05,550.0,60,4553.2675,398781.37,812.0,90,4430.904111111111,4028.825,2278.0510468906436,0.5165729847205407,-0.00473344579763102,501.1284848484848,0.3019039906296335,181,0.18232044198895028,33,6,11,4,30,9,147.08,4.5,157517.02000000002,276.0
BELGARD_BARBERS_001,2025-11-10,33827.299999999996,72.0,7,4832.471428571428,65904.05,132.0,14,4707.432142857143,134736.65,264.0,30,4491.221666666666,277971.85000000003,555.0,60,4632.864166666667,405844.52,820.0,90,4509.383555555556,4028.825,2378.772571996019,0.5296493356475804,-0.004027576866135973,510.36609848484846,0.2510460219992111,178,0.19101123595505617,34,0,11,4,30,10,147.08,4.5,150554.41999999998,268.0
BELGARD_BARBERS_001,2025-11-11,33975.37,71.0,7,4853.624285714286,62671.92,135.0,14,4476.565714285714,136675.92,268.0,30,4555.8640000000005,277523.7700000001,556.0,60,4625.396166666668,406788.19,824.0,90,4519.868777777778,4252.035,2346.842517529457,0.5151256748510177,0.00796377593951303,509.984776119403,0.23002076737438457,176,0.20454545454545456,36,1,11,4,30,11,147.08,4.5,153688.19999999998,270.0
BELGARD_BARBERS_001,2025-11-12,30991.32,69.0,7,4427.331428571429,63269.17,139.0,14,4519.226428571428,130310.56999999998,262.0,30,4343.685666666666,269168.32,546.0,60,4486.138666666667,401764.32,814.0,90,4464.048,4028.825,2317.30497335257,0.5334881828893627,-0.026962598371104818,497.36858778625947,0.24125671463182155,175,0.2,35,2,11,4,30,12,147.08,4.5,156671.15,272.0
BELGARD_BARBERS_001,2025-11-13,32085.269999999997,65.0,7,4583.61,61229.62,128.0,14,4373.544285714286,132201.22,261.0,30,4406.707333333334,270260.06999999995,540.0,60,4504.334499999999,402958.81999999995,809.0,90,4477.320222222222,4252.035,2307.8507744781846,0.5237131944345561,-0.01577123935393676,506.51808429118773,0.23780642871525692,176,0.19318181818181818,34,3,11,4,30,13,147.08,4.5,157119.50000000003,276.0
BELGARD_BARBERS_001,2025-11-14,30193.52,59.0,7,4313.36,59440.62,123.0,14,4245.7585714285715,132897.37000000002,260.0,30,4429.912333333335,269166.67,537.0,60,4486.111166666667,402362.12,805.0,90,4470.6902222222225,4252.035,2287.848686898799,0.5164546191317703,-0.009121161803203326,511.14373076923084,0.23656073856089097,177,0.1807909604519774,32,4,11,4,30,14,147.08,4.5,162987.87000000002,289.0
BELGARD_BARBERS_001,2025-11-15,31384.17,57.0,7,4483.452857142857,63518.619999999995,131.0,14,4537.044285714285,134689.12,264.0,30,4489.637333333333,273938.62000000005,544.0,60,4565.643666666668,407831.32,815.0,90,4531.459111111111,4252.035,2342.149444752168,0.5216789844834167,-0.00922920780091152,510.1860606060606,0.288803579680378,175,0.18857142857142858,33,5,11,4,30,15,147.08,4.5,162091.17000000004,281.0
BELGARD_BARBERS_001,2025-11-16,31881.42,58.0,7,4554.488571428571,60435.67,126.0,14,4316.833571428571,136380.87000000002,269.0,30,4546.029,272646.87000000005,544.0,60,4544.114500000001,408626.92000000004,817.0,90,4540.299111111111,4252.035,2264.422631081854,0.498110027692708,0.0012620069181932259,506.9920817843867,0.30127172527935914,178,0.19101123595505617,34,6,11,4,30,16,147.08,4.5,164874.67000000004,285.0
BELGARD_BARBERS_001,2025-11-17,30884.719999999998,60.0,7,4412.102857142857,64712.02,132.0,14,4622.2871428571425,140653.91999999998,273.0,30,4688.463999999999,275033.67000000004,550.0,60,4583.8945,410217.02,818.0,90,4557.966888888889,4450.385,2314.4691397706442,0.49365189532662396,0.02863055267672676,515.2158241758241,0.26876286135501953,179,0.18994413407821228,34,0,11,4,30,17,147.08,4.5,159504.37000000002,276.0
BELGARD_BARBERS_001,2025-11-18,27454.8,53.0,7,3922.1142857142854,61430.17,124.0,14,4387.869285714286,139660.52,274.0,30,4655.350666666666,271056.77,544.0,60,4517.612833333334,408527.47000000003,815.0,90,4539.194111111112,4450.385,2360.916863412649,0.5071404997087186,0.025589686784097676,509.70992700729926,0.2571449683847662,178,0.19101123595505617,34,1,11,4,30,18,147.08,4.5,165769.17000000004,287.0
BELGARD_BARBERS_001,2025-11-19,28151.500000000004,53.0,7,4021.642857142858,59142.81999999999,122.0,14,4224.487142857142,132797.37,266.0,30,4426.579,268472.17000000004,538.0,60,4474.536166666668,406241.22000000003,811.0,90,4513.791333333334,4252.035,2243.759638884923,0.5068834508284892,-0.019321303731807515,499.23823308270676,0.27043457261239434,175,0.17714285714285713,31,2,11,4,30,19,147.08,4.5,166665.32000000004,291.0
BELGARD_BARBERS_001,2025-11-20,25465.25,53.0,7,3637.8928571428573,57550.52,118.0,14,4110.751428571429,132598.46999999997,265.0,30,4419.948999999999,264890.87,530.0,60,4414.847833333333,401465.42,802.0,90,4460.726888888888,4252.035,2249.769061421416,0.5090033983245998,-0.009141534531168505,500.37158490566026,0.2708402291519654,173,0.1791907514450867,31,3,11,4,30,20,147.08,4.5,170344.97000000003,296.0
BELGARD_BARBERS_001,2025-11-21,28548.199999999997,60.0,7,4078.3142857142852,58741.719999999994,119.0,14,4195.837142857143,134985.27,269.0,30,4499.509,268371.62000000005,536.0,60,4472.860333333334,400272.02,803.0,90,4447.466888888889,4450.385,2257.377799848532,0.5016942514946702,0.011701517383103655,501.80397769516725,0.26605125136987173,176,0.18181818181818182,32,4,11,4,30,21,147.08,4.5,166318.07,289.0
BELGARD_BARBERS_001,2025-11-22,25365.25,54.0,7,3623.6071428571427,56749.41999999999,111.0,14,4053.5299999999993,136974.27,272.0,30,4565.808999999999,268123.00000000006,534.0,60,4468.716666666668,397983.57000000007,798.0,90,4422.0396666666675,4450.385,2220.3700407474876,0.48630375049580216,0.03251199540724725,503.58187499999997,0.2934160554387331,177,0.1864406779661017,33,5,11,4,30,22,147.08,4.5,166615.32,287.0
BELGARD_BARBERS_001,2025-11-23,26060.3,55.0,7,3722.9,57941.719999999994,113.0,14,4138.694285714285,133890.21999999997,269.0,30,4463.007333333332,269414.2,536.0,60,4490.236666666667,395593.47,791.0,90,4395.482999999999,4301.76,2224.456048421626,0.498420881320897,0.015362210099170603,497.733159851301,0.32171505879966444,174,0.21264367816091953,37,6,11,4,30,23,147.08,4.5,170595.52000000005,292.0
BELGARD_BARBERS_001,2025-11-24,23975.149999999998,54.0,7,3425.0214285714283,54859.87,114.0,14,3918.562142857143,132700.12,269.0,30,4423.337333333333,272300.44999999995,544.0,60,4538.340833333333,395495.12,793.0,90,4394.390222222222,4301.76,2195.2865303386307,0.49629643070525425,0.00658728734756564,493.30899628252786,0.27438822210560176,170,0.2235294117647059,38,0,11,4,30,24,147.08,4.5,170593.32,289.0
BELGARD_BARBERS_001,2025-11-25,28051.499999999996,59.0,7,4007.357142857142,55506.3,112.0,14,3964.7357142857145,134688.02000000002,269.0,30,4489.600666666667,274188.9,546.0,60,4569.8150000000005,396386.86999999994,792.0,90,4404.298555555555,4450.385,2180.8131369467574,0.48574768645646965,0.01936792205049609,500.6989591078068,0.24817908823665233,169,0.23668639053254437,40,1,11,4,30,25,147.08,4.5,167311.47000000003,285.0
BELGARD_BARBERS_001,2025-11-26,30238.3,62.0,7,4319.757142857143,58389.8,115.0,14,4170.7,130211.67,262.0,30,4340.389,269215.03,534.0,60,4486.917166666667,399070.92000000004,795.0,90,4434.1213333333335,4400.66,2017.4341988052545,0.46480492849955485,-0.02113887426325123,496.991106870229,0.2567108616301442,166,0.22289156626506024,37,2,11,4,30,26,147.08,4.5,163234.02,278.0
BELGARD_BARBERS_001,2025-11-27,34417.399999999994,69.0,7,4916.771428571427,59882.65,122.0,14,4277.332142857143,129119.91999999998,267.0,30,4303.997333333333,266629.33,531.0,60,4443.822166666667,401161.57,797.0,90,4457.350777777778,4400.66,1968.3099310253172,0.45732136397512885,-0.034404616573815994,483.5952059925093,0.25888143363161936,171,0.21637426900584794,37,3,11,4,30,27,147.08,4.5,160148.87,272.0
BELGARD_BARBERS_001,2025-11-28,35311.35,66.0,7,5044.478571428571,63859.549999999996,126.0,14,4561.396428571428,134888.02,275.0,30,4496.267333333333,267622.73000000004,527.0,60,4460.378833333334,404145.07,802.0,90,4490.500777777778,4524.975,1916.683258682271,0.426283207066633,0.001284167588633256,490.5018909090909,0.2478111102824402,173,0.2138728323699422,37,4,11,4,30,28,147.08,4.5,154082.41999999995,265.0
BELGARD_BARBERS_001,2025-11-29,38094.85,67.0,7,5442.121428571429,63460.1,121.0,14,4532.864285714286,134935.82,269.0,30,4497.8606666666665,270009.53,527.0,60,4500.158833333334,407624.72,804.0,90,4529.163555555555,4524.975,1918.7935800478613,0.4266013828013632,-0.00691140615809549,501.6201486988848,0.30005153561152254,170,0.2235294117647059,38,5,11,4,30,29,147.08,4.5,148315.41999999998,257.0
BELGARD_BARBERS_001,2025-11-30,37798.7,67.0,7,5399.814285714286,63858.99999999999,122.0,14,4561.357142857142,132949.02,266.0,30,4431.634,271801.8300000001,532.0,60,4530.030500000002,405140.67,800.0,90,4501.563,4400.66,1949.0470355938908,0.43980324990599196,-0.015534382169037797,499.8083458646616,0.3240008839478471,167,0.2215568862275449,37,6,11,4,30,30,147.08,4.5,146525.31999999995,253.0
BELGARD_BARBERS_001,2025-12-01,39785.50000000001,71.0,7,5683.642857142858,63760.649999999994,125.0,14,4554.332142857143,137026.47,276.0,30,4567.549,275582.03,542.0,60,4593.033833333334,408324.1699999999,807.0,90,4536.9352222222215,4525.525,2012.28347860393,0.440560895702253,0.006747677954014097,496.47271739130434,0.2896754181874495,172,0.21511627906976744,37,0,12,4,31,1,148.02,4.5,145331.63999999998,246.0
BELGARD_BARBERS_001,2025-12-02,39587.700000000004,69.0,7,5655.385714285715,67639.2,128.0,14,4831.371428571429,136529.22,271.0,30,4550.974,273643.86000000004,535.0,60,4560.731000000001,411905.47,810.0,90,4576.727444444444,4525.525,2008.4573914418334,0.4413247343188147,-0.005627043505879947,503.7978597785978,0.25211636014620165,169,0.23076923076923078,39,1,12,4,31,2,148.02,4.5,143541.54,245.0
BELGARD_BARBERS_001,2025-12-03,38891.549999999996,66.0,7,5555.935714285713,69129.84999999999,128.0,14,4937.846428571428,137026.47,268.0,30,4567.549,270957.61,529.0,60,4515.960166666667,413098.86999999994,809.0,90,4589.987444444444,4525.525,1999.9492045455388,0.4378604815286139,-0.004888563360146647,511.2927985074627,0.25120146494323325,166,0.23493975903614459,39,2,12,4,31,3,148.02,4.5,145132.73,252.0
BELGARD_BARBERS_001,2025-12-04,38989.9,66.0,7,5569.9857142857145,73407.3,135.0,14,5243.378571428571,139413.27,269.0,30,4647.1089999999995,271703.49,526.0,60,4528.3915,416083.4699999999,816.0,90,4623.149666666665,4626.625,2030.117188312619,0.4368559438379042,0.0051824697578111145,518.2649442379181,0.24690081510892042,168,0.23214285714285715,39,3,12,4,31,4,148.02,4.5,144634.38,249.0
BELGARD_BARBERS_001,2025-12-05,42076.15,71.0,7,6010.878571428571,77387.5,137.0,14,5527.678571428572,144686.32,276.0,30,4822.877333333334,278568.83999999997,533.0,60,4642.813999999999,417377.4199999999,814.0,90,4637.526888888888,4726.075,2234.3340782433493,0.4632782307774534,0.039967519086202996,524.2257971014493,0.2379025881645203,170,0.2647058823529412,45,4,12,4,31,5,148.02,4.5,141257.73,247.0
BELGARD_BARBERS_001,2025-12-06,40886.6,75.0,7,5840.942857142857,78981.45,142.0,14,5641.532142857142,146678.07,281.0,30,4889.269,279267.74000000005,538.0,60,4654.462333333334,419966.97,820.0,90,4666.299666666667,4873.6,2234.912001057088,0.4571055511687101,0.04778290064097179,521.9860142348755,0.27470125561373965,173,0.27167630057803466,47,5,12,4,31,6,148.02,4.5,146628.58,251.0
BELGARD_BARBERS_001,2025-12-07,49538.75,77.0,7,7076.964285714285,87337.45,144.0,14,6238.3892857142855,153240.66999999998,279.0,30,5108.022333333332,289014.94,543.0,60,4816.915666666667,427030.12,820.0,90,4744.779111111111,4973.05,2507.966712763792,0.4909858550142973,0.0765564030940018,549.2497132616487,0.3362860525211747,171,0.26900584795321636,46,6,12,4,31,7,148.02,4.5,142601.95,252.0
BELGARD_BARBERS_001,2025-12-08,48046.99999999999,69.0,7,6863.857142857142,87832.5,140.0,14,6273.75,152939.02000000002,271.0,30,5097.967333333334,288119.89,539.0,60,4801.998166666667,431306.4699999999,824.0,90,4792.29411111111,4973.05,2503.890308435966,0.4911546396274735,0.0637843202305779,564.3506273062732,0.29595423064695975,170,0.24705882352941178,42,0,12,4,31,8,148.02,4.5,138722.30000000002,247.0
BELGARD_BARBERS_001,2025-12-09,49542.049999999996,73.0,7,7077.435714285713,89129.75000000001,142.0,14,6366.410714285716,157517.02000000002,276.0,30,5250.567333333334,289814.94,540.0,60,4830.249,430713.06999999995,826.0,90,4785.700777777777,5223.325000000001,2430.062794774288,0.46281908991948056,0.0971365693639159,570.7138405797102,0.2766126479538528,173,0.23699421965317918,41,1,12,4,31,9,148.02,4.5,138320.09999999998,248.0
BELGARD_BARBERS_001,2025-12-10,47355.25000000001,72.0,7,6765.035714285716,86246.8,138.0,14,6160.4857142857145,150554.41999999998,268.0,30,5018.480666666666,285291.06999999995,532.0,60,4754.851166666665,428526.26999999996,823.0,90,4761.402999999999,4973.05,2435.8744800802483,0.4853808636266372,0.053991999136949076,561.770223880597,0.28940498724647207,170,0.23529411764705882,40,2,12,4,31,10,148.02,4.5,145133.25,256.0
BELGARD_BARBERS_001,2025-12-11,48250.3,72.0,7,6892.900000000001,87240.20000000001,138.0,14,6231.442857142858,153688.19999999998,270.0,30,5122.94,290364.11999999994,538.0,60,4839.401999999999,431211.97,826.0,90,4791.244111111111,5223.325000000001,2470.884009162173,0.4823175772431793,0.06922959490201519,569.2155555555555,0.28350387342684735,170,0.23529411764705882,40,3,12,4,31,11,148.02,4.5,140360.75,251.0
BELGARD_BARBERS_001,2025-12-12,42976.149999999994,65.0,7,6139.449999999999,85052.30000000002,136.0,14,6075.164285714287,156671.15,272.0,30,5222.371666666667,286981.72,534.0,60,4783.028666666666,425839.47000000003,818.0,90,4731.549666666667,5223.325000000001,2385.3210698870753,0.45675053828744,0.10373387887224261,575.9968749999999,0.27810608398546893,171,0.23391812865497075,40,4,12,4,31,12,148.02,4.5,143047.00000000003,254.0
BELGARD_BARBERS_001,2025-12-13,42526.7,60.0,7,6075.242857142856,83413.29999999999,135.0,14,5958.092857142857,157119.50000000003,276.0,30,5237.3166666666675,289320.72000000003,537.0,60,4822.012000000001,427379.57,816.0,90,4748.661888888889,5447.5,2385.120135141112,0.45540880701780073,0.10290367880710827,569.2735507246377,0.3118209388395456,173,0.23121387283236994,40,5,12,4,31,13,148.02,4.5,140111.30000000002,251.0
BELGARD_BARBERS_001,2025-12-14,39940.72,69.0,7,5705.817142857143,89479.47,146.0,14,6391.390714285714,162987.87000000002,289.0,30,5432.929000000001,295885.24,549.0,60,4931.420666666667,432154.54000000004,826.0,90,4801.717111111111,5670.85,2416.4698445161002,0.4447821505703645,0.1314554510985817,563.9718685121109,0.35369024701040624,178,0.25842696629213485,46,6,12,4,31,14,148.02,4.5,136629.73,241.0
BELGARD_BARBERS_001,2025-12-15,40536.32,67.0,7,5790.902857142857,88583.31999999999,136.0,14,6327.379999999999,162091.17000000004,281.0,30,5403.039000000002,296780.29000000004,545.0,60,4946.338166666667,436029.79000000004,825.0,90,4844.7754444444445,5670.85,2396.6712840887603,0.4435783795172975,0.11523001673807687,576.836903914591,0.30962093740208046,176,0.26136363636363635,46,0,12,4,31,15,148.02,4.5,132552.28,240.0
BELGARD_BARBERS_001,2025-12-16,39239.07,67.0,7,5605.581428571429,88781.12000000001,140.0,14,6341.508571428572,164874.67000000004,285.0,30,5495.822333333334,301255.54000000004,554.0,60,5020.925666666667,437521.54,829.0,90,4861.350444444444,5670.85,2323.2021869819873,0.4227214866265364,0.13051350568934295,578.5076140350878,0.2911170042068923,178,0.2696629213483146,48,1,12,4,31,16,148.02,4.5,134145.68000000002,238.0
BELGARD_BARBERS_001,2025-12-17,39834.670000000006,68.0,7,5690.6671428571435,87189.91999999998,140.0,14,6227.851428571427,159504.37000000002,276.0,30,5316.812333333334,300158.29000000004,549.0,60,5002.6381666666675,434538.04000000004,826.0,90,4828.200444444445,5447.5,2363.935018624219,0.4446150946129348,0.10119958657704631,577.9143840579711,0.30091852655823775,175,0.26285714285714284,46,2,12,4,31,17,148.02,4.5,136933.03,243.0
BELGARD_BARBERS_001,2025-12-18,39535.770000000004,70.0,7,5647.967142857144,87786.06999999998,142.0,14,6270.43357142857,165769.17000000004,287.0,30,5525.639000000001,305429.69000000006,561.0,60,5090.494833333334,436825.94,831.0,90,4853.6215555555555,5670.85,2237.5283546454407,0.4049356743438072,0.13845691031993224,577.5929268292684,0.2895461200656309,179,0.27932960893854747,50,3,12,4,31,18,148.02,4.5,137429.72999999998,240.0
BELGARD_BARBERS_001,2025-12-19,38145.67,72.0,7,5449.381428571428,81121.81999999999,137.0,14,5794.415714285714,166665.32000000004,291.0,30,5555.510666666668,299462.69,557.0,60,4991.044833333333,435137.49000000005,829.0,90,4834.861000000001,5670.85,2199.7749553002513,0.3959626913325911,0.1490528200638379,572.7330584192441,0.2879892469531153,179,0.2905027932960894,52,4,12,4,31,19,148.02,4.5,136881.38,236.0
BELGARD_BARBERS_001,2025-12-20,38690.72,73.0,7,5527.245714285715,81217.42000000001,133.0,14,5801.244285714287,170344.97000000003,296.0,30,5678.165666666668,302943.44,561.0,60,5049.057333333333,435235.83999999997,826.0,90,4835.953777777778,5870.025,2115.084060398362,0.3724942498269884,0.17415631488436278,575.4897635135136,0.3167972614630182,182,0.2857142857142857,52,5,12,4,31,20,148.02,4.5,132805.03,230.0
BELGARD_BARBERS_001,2025-12-21,31878.399999999998,60.0,7,4554.057142857143,71819.12,129.0,14,5129.937142857142,166318.07,289.0,30,5543.935666666667,301303.34,558.0,60,5021.722333333334,434689.69,825.0,90,4829.885444444444,5672.225,2223.725759288801,0.4011095894671218,0.1478399913280668,575.4950519031142,0.33554123132862224,178,0.29213483146067415,52,6,12,4,31,21,148.02,4.5,133548.97999999998,228.0
BELGARD_BARBERS_001,2025-12-22,29889.399999999998,60.0,7,4269.914285714285,70425.71999999999,127.0,14,5030.40857142857,166615.32,287.0,30,5553.844,303589.59,559.0,60,5059.8265,434738.32,821.0,90,4830.4257777777775,5672.225,2218.717153051285,0.3994921630948376,0.1497628274406544,580.5411846689896,0.3092699999015696,182,0.27472527472527475,50,0,12,4,31,22,148.02,4.5,131859.43,227.0
BELGARD_BARBERS_001,2025-12-23,31781.15,62.0,7,4540.164285714286,71020.22,129.0,14,5072.872857142857,170595.52000000005,292.0,30,5686.517333333335,304485.74,561.0,60,5074.762333333333,440009.72000000003,828.0,90,4888.996888888889,5919.2,2173.648788239004,0.38224604987968086,0.16312557822586315,584.2312328767125,0.28514857834484736,181,0.27624309392265195,50,1,12,4,31,23,148.02,4.5,127083.62999999998,220.0
BELGARD_BARBERS_001,2025-12-24,35064.1,67.0,7,5009.157142857142,74898.77,135.0,14,5349.912142857143,170593.32,289.0,30,5686.444,303293.44,558.0,60,5054.890666666667,442893.77,833.0,90,4921.041888888889,5919.2,2173.6560259412404,0.38225225218805287,0.15553659741025494,590.2883044982699,0.2851522556686275,184,0.27717391304347827,51,2,12,4,31,24,148.02,4.5,126883.62999999999,219.0
BELGARD_BARBERS_001,2025-12-25,29593.800000000003,57.0,7,4227.685714285714,69129.56999999999,127.0,14,4937.826428571428,167311.47000000003,285.0,30,5577.049000000001,301999.49,554.0,60,5033.324833333333,441500.37,831.0,90,4905.559666666667,5919.2,2286.4896766868783,0.40998199526073337,0.13688332809324733,587.0577894736844,0.2907455776941054,184,0.27717391304347827,51,3,12,4,31,25,148.02,4.5,130466.03,228.0
BELGARD_BARBERS_001,2025-12-26,26807.000000000004,49.0,7,3829.571428571429,64952.67,121.0,14,4639.476428571428,163234.02,278.0,30,5441.134,293445.69,540.0,60,4890.7615,432449.05,812.0,90,4804.989444444444,5919.2,2462.366908746677,0.4525466398634323,0.13239249802953656,587.1727338129496,0.29800816030873956,179,0.2737430167597765,49,4,12,4,31,26,148.02,4.5,133052.28,235.0
BELGARD_BARBERS_001,2025-12-27,24221.300000000003,45.0,7,3460.1857142857148,62912.020000000004,118.0,14,4493.715714285715,160148.87,272.0,30,5338.295666666667,289268.79,539.0,60,4821.1465,426778.19999999995,803.0,90,4741.98,5671.125,2481.7459937332874,0.46489481825253354,0.1257524634575995,588.7826102941176,0.3248625482028065,178,0.24719101123595505,44,5,12,4,31,27,148.02,4.5,131064.38,233.0
BELGARD_BARBERS_001,2025-12-28,23075.700000000004,42.0,7,3296.528571428572,54954.10000000001,102.0,14,3925.292857142858,154082.41999999995,265.0,30,5136.080666666665,288970.44,540.0,60,4816.174,421705.15,792.0,90,4685.612777777778,5446.4,2601.7048365266614,0.506554512161737,0.09613852237754217,581.4430943396225,0.3421708978869881,177,0.24293785310734464,43,6,12,4,31,28,148.02,4.5,132357.23,234.0
BELGARD_BARBERS_001,2025-12-29,19794.95,37.0,7,2827.85,49684.35,97.0,14,3548.8821428571428,148315.41999999998,257.0,30,4943.847333333333,283251.24,526.0,60,4720.854,418324.95000000007,784.0,90,4648.055000000001,5197.225,2664.671825748821,0.5389874820329851,0.06363787290239298,577.1028015564202,0.30786798837234863,173,0.23121387283236994,40,0,12,4,31,29,148.02,4.5,133948.43000000002,239.0
BELGARD_BARBERS_001,2025-12-30,13728.5,28.0,7,1961.2142857142858,45509.65000000001,90.0,14,3250.689285714286,146525.31999999995,253.0,30,4884.177333333331,279474.34,519.0,60,4657.9056666666675,418327.15,785.0,90,4648.079444444445,5197.225,2735.8526005250274,0.5601460417609111,0.050794718917956505,579.1514624505927,0.293967418054436,171,0.23391812865497075,40,1,12,4,31,30,148.02,4.5,138472.03,243.0
BELGARD_BARBERS_001,2025-12-31,14523.82,28.0,7,2074.8314285714287,49587.920000000006,95.0,14,3541.994285714286,145331.63999999998,246.0,30,4844.388,282358.11,522.0,60,4705.9685,420913.67,788.0,90,4676.818555555556,5197.225,2706.627679527176,0.5587140583139039,0.035829793791206654,590.7790243902439,0.2963819165599453,168,0.22023809523809523,37,2,12,4,31,31,148.02,4.5,136781.65999999997,242.0
BELGARD_BARBERS_001,2026-01-01,15817.77,29.0,7,2259.6814285714286,45411.57,86.0,14,3243.683571428571,143541.54,245.0,30,4784.718,280070.75999999995,516.0,60,4667.846,417185.39999999997,780.0,90,4635.3933333333325,5197.225,2727.160559923575,0.5699731018470838,0.03221402283013752,585.8838367346939,0.30007808192666735,169,0.21893491124260356,37,3,1,1,31,1,148.96,4.4,138720.65999999997,247.0
BELGARD_BARBERS_001,2026-01-02,20790.260000000002,40.0,7,2970.037142857143,47597.26,89.0,14,3399.804285714286,145132.73,252.0,30,4837.757666666667,282159.1999999999,520.0,60,4702.653333333332,416090.33999999997,781.0,90,4623.226,5396.12,2722.556227800978,0.5627723452458265,0.04640302392023821,575.9235317460318,0.29678811939939387,171,0.23976608187134502,41,4,1,1,31,2,148.96,4.4,139716.27,247.0
BELGARD_BARBERS_001,2026-01-03,23475.41,43.0,7,3353.63,47696.71,88.0,14,3406.907857142857,144634.38,249.0,30,4821.146,284047.64999999997,518.0,60,4734.1275,416337.87,775.0,90,4625.976333333333,5396.12,2713.4731962985493,0.5628274265700622,0.042189940588397645,580.8609638554217,0.3397540750684588,166,0.2469879518072289,41,5,1,1,31,3,148.96,4.4,141010.22,251.0
BELGARD_BARBERS_001,2026-01-04,29251.460000000003,53.0,7,4178.780000000001,52327.159999999996,95.0,14,3737.6542857142854,141257.73,247.0,30,4708.591,285944.05,523.0,60,4765.734166666666,419826.57000000007,780.0,90,4664.739666666667,5396.12,2568.762455408376,0.5455480111584072,0.009400596060415989,571.8936437246964,0.39369399465784977,167,0.2275449101796407,38,6,1,1,31,4,148.96,4.4,137620.97,244.0
BELGARD_BARBERS_001,2026-01-05,39199.76,69.0,7,5599.965714285715,58994.70999999999,106.0,14,4213.907857142856,146628.58,251.0,30,4887.619333333333,293306.64999999997,532.0,60,4888.444166666666,425896.32,789.0,90,4732.181333333333,5396.12,2818.576812288941,0.5766768277280475,0.032847008398663835,584.1776095617529,0.33923072841597457,167,0.23952095808383234,40,0,1,1,31,5,148.96,4.4,127273.76999999999,228.0
BELGARD_BARBERS_001,2026-01-06,45615.380000000005,76.0,7,6516.482857142858,59343.87999999999,104.0,14,4238.848571428571,142601.95,252.0,30,4753.3983333333335,295842.62,531.0,60,4930.710333333333,431616.88999999996,795.0,90,4795.743222222221,5396.12,2600.29980620323,0.5470401645005338,-0.008829682267531114,565.880753968254,0.2699883837493105,169,0.25443786982248523,43,1,1,1,31,6,148.96,4.4,126626.24999999999,232.0
BELGARD_BARBERS_001,2026-01-07,41437.659999999996,70.0,7,5919.665714285714,55961.479999999996,98.0,14,3997.2485714285713,138722.30000000002,247.0,30,4624.076666666667,291661.32,518.0,60,4861.022,426842.19,786.0,90,4742.691,5171.395,2632.9419485970866,0.569398420138021,-0.025009922285329833,561.6287449392713,0.2775391555647505,166,0.2469879518072289,41,2,1,1,31,7,148.96,4.4,129711.4,240.0
BELGARD_BARBERS_001,2026-01-08,44320.61,76.0,7,6331.515714285714,60138.38,105.0,14,4295.598571428572,138320.09999999998,248.0,30,4610.669999999999,295837.12,524.0,60,4930.618666666666,428135.04000000004,788.0,90,4757.0560000000005,5171.395,2625.541799259726,0.569449082076949,-0.03077239368214313,557.7423387096774,0.2783461695010342,164,0.25609756097560976,42,3,1,1,31,8,148.96,4.4,131307.0,246.0
BELGARD_BARBERS_001,2026-01-09,47355.770000000004,76.0,7,6765.110000000001,68146.03,116.0,14,4867.573571428571,145133.25,256.0,30,4837.775,295687.67,524.0,60,4928.127833333333,430424.31999999995,788.0,90,4782.492444444444,5396.12,2649.192264008975,0.5476055136935833,0.011559360772179339,566.9267578125,0.26527945870432856,168,0.2619047619047619,44,4,1,1,31,9,148.96,4.4,127130.09999999999,244.0
BELGARD_BARBERS_001,2026-01-10,43976.670000000006,74.0,7,6282.38142857143,67452.08,117.0,14,4818.005714285714,140360.75,251.0,30,4678.691666666667,294048.95,521.0,60,4900.815833333333,430724.86999999994,789.0,90,4785.831888888888,5171.395,2630.1863984466745,0.5621627980286529,-0.022386958988460326,559.2061752988047,0.29344542544835356,168,0.2619047619047619,44,5,1,1,31,10,148.96,4.4,126432.85,243.0
BELGARD_BARBERS_001,2026-01-11,44765.41999999999,72.0,7,6395.059999999999,74016.88,125.0,14,5286.92,143047.00000000003,254.0,30,4768.2333333333345,299718.14999999997,526.0,60,4995.3025,430028.72,788.0,90,4778.096888888888,5396.12,2670.5375691576073,0.5600685584089719,-0.0020643272384222033,563.1771653543308,0.33869406558683496,169,0.2603550295857988,44,6,1,1,31,11,148.96,4.4,122155.40000000001,240.0
BELGARD_BARBERS_001,2026-01-12,36009.42,60.0,7,5144.202857142857,75209.18000000001,129.0,14,5372.084285714286,140111.30000000002,251.0,30,4670.376666666667,297230.8,527.0,60,4953.846666666666,429432.02,788.0,90,4771.466888888889,5171.395,2698.431346081563,0.5777759565605834,-0.02118640337998079,558.2123505976097,0.3070931466626888,170,0.25882352941176473,44,0,1,1,31,12,148.96,4.4,121261.45000000003,238.0
BELGARD_BARBERS_001,2026-01-13,33968.5,58.0,7,4852.642857142857,79583.88,134.0,14,5684.562857142858,136629.73,241.0,30,4554.324333333334,299617.60000000003,530.0,60,4993.626666666667,432514.97,790.0,90,4805.721888888888,5072.5,2597.5900551032337,0.5703568443932151,-0.052312131531539574,566.9283402489627,0.2515788474441104,167,0.24550898203592814,41,1,1,1,31,13,148.96,4.4,121160.90000000001,238.0
BELGARD_BARBERS_001,2026-01-14,34366.3,60.0,7,4909.471428571429,75803.96,130.0,14,5414.568571428572,132552.28,240.0,30,4418.409333333333,294643.45,521.0,60,4910.724166666667,429332.56999999995,785.0,90,4770.361888888889,4773.6,2595.5691546222038,0.5874442494589012,-0.07377900539900806,552.3011666666666,0.25931768204967875,167,0.24550898203592814,41,2,1,1,31,14,148.96,4.4,121260.35,238.0
BELGARD_BARBERS_001,2026-01-15,35064.65,57.0,7,5009.2357142857145,79385.25999999998,133.0,14,5670.375714285713,134145.68000000002,238.0,30,4471.522666666668,299020.35000000003,523.0,60,4983.672500000001,435401.22000000003,792.0,90,4837.791333333334,4873.6,2622.5270637560425,0.5864953080313974,-0.0757098935092555,563.6373109243698,0.25623747257459195,165,0.23636363636363636,39,3,1,1,31,15,148.96,4.4,120960.90000000001,245.0
BELGARD_BARBERS_001,2026-01-16,31634.449999999997,55.0,7,4519.207142857143,78990.22,131.0,14,5642.158571428571,136933.03,243.0,30,4564.434333333334,296437.4,519.0,60,4940.623333333334,437091.32,792.0,90,4856.570222222223,5073.875,2589.139351293763,0.567242107611384,-0.060152715913004196,563.5104115226337,0.25102161253570443,165,0.24242424242424243,40,4,1,1,31,16,148.96,4.4,120063.1,243.0
BELGARD_BARBERS_001,2026-01-17,36604.75,59.0,7,5229.25,80581.41999999998,133.0,14,5755.8157142857135,137429.72999999998,240.0,30,4580.990999999999,303198.9,527.0,60,5053.3150000000005,442859.42000000004,801.0,90,4920.660222222223,5073.875,2607.215265818238,0.5691378275613811,-0.06902919666922769,572.6238749999999,0.305834843741598,164,0.21341463414634146,35,5,1,1,31,17,148.96,4.4,114842.8,236.0
BELGARD_BARBERS_001,2026-01-18,31980.050000000003,54.0,7,4568.578571428572,76745.47,126.0,14,5481.819285714286,136881.38,236.0,30,4562.712666666667,303546.70000000007,527.0,60,5059.111666666668,436344.07,793.0,90,4848.267444444445,5073.875,2618.8370833736276,0.5739649359263387,-0.05889831389252054,580.0058474576272,0.3263194015139239,162,0.20987654320987653,34,6,1,1,31,18,148.96,4.4,117679.5,246.0
BELGARD_BARBERS_001,2026-01-19,31384.450000000004,52.0,7,4483.492857142858,67393.87,112.0,14,4813.847857142857,132805.03,230.0,30,4426.834333333333,303150.00000000006,526.0,60,5052.500000000001,435748.47000000003,791.0,90,4841.649666666667,4774.975,2648.0385093721525,0.5981788135672615,-0.08567644540438668,577.4131739130435,0.2914050017533222,156,0.21794871794871795,34,0,1,1,31,19,148.96,4.4,118971.25,247.0
BELGARD_BARBERS_001,2026-01-20,28797.65,47.0,7,4113.95,62766.15,105.0,14,4483.296428571429,133548.97999999998,228.0,30,4451.632666666666,299867.05000000005,517.0,60,4997.784166666667,434852.32,786.0,90,4831.692444444445,4774.975,2627.11441393015,0.5901462700643951,-0.07865976200839875,585.7411403508771,0.2759908761564484,152,0.23026315789473684,35,1,1,1,31,20,148.96,4.4,124341.55,255.0
BELGARD_BARBERS_001,2026-01-21,29196.550000000003,47.0,7,4170.935714285714,63562.85,107.0,14,4540.203571428571,131859.43,227.0,30,4395.314333333333,298474.75000000006,514.0,60,4974.579166666667,435449.02,786.0,90,4838.322444444445,4178.275,2641.940410965248,0.6010811083360321,-0.0915623371939156,580.8785462555065,0.2795272207683592,149,0.22818791946308725,34,2,1,1,31,21,148.96,4.4,123844.29999999999,255.0
BELGARD_BARBERS_001,2026-01-22,24719.100000000006,44.0,7,3531.3000000000006,59783.75,101.0,14,4270.267857142857,127083.62999999998,220.0,30,4236.120999999999,297679.1500000001,512.0,60,4961.319166666668,431569.37000000005,781.0,90,4795.215222222223,3182.9500000000003,2632.2435187349847,0.6213806259866008,-0.11659418739564431,577.6528636363636,0.29003184753221173,147,0.2108843537414966,31,3,1,1,31,22,148.96,4.4,129017.90000000001,263.0
BELGARD_BARBERS_001,2026-01-23,25014.7,43.0,7,3573.5285714285715,56649.15,98.0,14,4046.3678571428572,126883.62999999999,219.0,30,4229.454333333333,297476.95,508.0,60,4957.949166666667,430177.06999999995,777.0,90,4779.745222222222,3182.9500000000003,2629.359575538859,0.621678204400093,-0.11512975342920995,579.377305936073,0.2904890094963393,145,0.2206896551724138,32,4,1,1,31,23,148.96,4.4,129117.34999999999,263.0
BELGARD_BARBERS_001,2026-01-24,22630.1,45.0,7,3232.871428571428,59234.85,104.0,14,4231.060714285714,130466.03,228.0,30,4348.867666666667,297777.5,513.0,60,4962.958333333333,432465.51999999996,782.0,90,4805.172444444444,4178.275,2592.435993883852,0.5961174707049456,-0.09496116592138948,572.2194298245614,0.32292965456218764,149,0.2348993288590604,35,5,1,1,31,24,148.96,4.4,128024.50000000001,260.0
BELGARD_BARBERS_001,2026-01-25,22977.899999999998,48.0,7,3282.5571428571425,54957.950000000004,102.0,14,3925.5678571428575,133052.28,235.0,30,4435.076,296286.3,513.0,60,4938.105,426497.9699999999,775.0,90,4738.8663333333325,4178.275,2501.003576740878,0.5639144800992989,-0.06410611989548254,566.179914893617,0.33908024725318503,151,0.23841059602649006,36,6,1,1,31,25,148.96,4.4,129913.5,262.0
BELGARD_BARBERS_001,2026-01-26,22480.65,48.0,7,3211.5214285714287,53865.100000000006,100.0,14,3847.507142857143,131064.38,233.0,30,4368.812666666667,291213.25,505.0,60,4853.554166666667,420333.17,772.0,90,4670.368555555556,3979.925,2553.821912850011,0.5845574318933972,-0.06456789979244326,562.5080686695279,0.3184244262247302,150,0.24666666666666667,37,0,1,1,31,26,148.96,4.4,130608.55,263.0
BELGARD_BARBERS_001,2026-01-27,21883.95,48.0,7,3126.2785714285715,50681.600000000006,95.0,14,3620.1142857142863,132357.23,234.0,30,4411.907666666667,286439.65,499.0,60,4773.994166666667,421327.67,774.0,90,4681.418555555555,3979.925,2501.862857759771,0.5670705388197768,-0.05757034661407334,565.6291880341881,0.31005446396845865,150,0.24,36,1,1,1,31,27,148.96,4.4,131504.7,267.0
BELGARD_BARBERS_001,2026-01-28,21883.95,49.0,7,3126.2785714285715,51080.500000000015,96.0,14,3648.607142857144,133948.43000000002,239.0,30,4464.947666666668,282263.85000000003,496.0,60,4704.397500000001,417199.67000000004,765.0,90,4635.551888888889,3979.925,2451.560485926849,0.5490681344888138,-0.036803432754392906,560.4536820083683,0.30637126541908694,153,0.23529411764705882,36,2,1,1,31,28,148.96,4.4,133840.67,271.0
BELGARD_BARBERS_001,2026-01-29,25116.9,51.0,7,3588.128571428572,49836.000000000015,95.0,14,3559.7142857142867,138472.03,243.0,30,4615.734333333333,284997.3500000001,496.0,60,4749.955833333335,417946.37,762.0,90,4643.848555555555,5073.875,2358.727796288617,0.5110189681530524,-0.006054078182327616,569.8437448559671,0.29636273838117344,157,0.22929936305732485,36,3,1,1,31,29,148.96,4.4,136775.81999999998,283.0
BELGARD_BARBERS_001,2026-01-30,24421.85,51.0,7,3488.835714285714,49436.55000000001,94.0,14,3531.1821428571434,136781.65999999997,242.0,30,4559.388666666666,282113.30000000005,488.0,60,4701.888333333334,419139.77,764.0,90,4657.1085555555555,4775.525,2338.734104497179,0.5129490542439343,-0.02098295277491824,565.2134710743801,0.30002523730155056,156,0.23717948717948717,37,4,1,1,31,30,148.96,4.4,139260.97,291.0
BELGARD_BARBERS_001,2026-01-31,24072.4,48.0,7,3438.914285714286,46702.50000000001,93.0,14,3335.892857142858,138720.65999999997,247.0,30,4624.021999999999,282262.2,492.0,60,4704.37,418791.42,763.0,90,4653.237999999999,4949.425,2321.0463363425843,0.5019539994278973,-0.006278638659789282,561.6221052631578,0.33132447610903815,155,0.23870967741935484,37,5,1,1,31,31,148.96,4.4,139362.62,292.0
BELGARD_BARBERS_001,2026-02-01,27454.25,52.0,7,3922.035714285714,50432.15000000001,100.0,14,3602.2964285714293,139716.27,247.0,30,4657.209,284849.0,499.0,60,4747.483333333334,421875.47,767.0,90,4687.505222222222,4949.425,2338.5313382083064,0.502131499404108,-0.006463186873605142,565.652914979757,0.37452653151991533,156,0.23076923076923078,36,6,2,1,28,1,149.2,4.3,136079.66999999998,288.0
BELGARD_BARBERS_001,2026-02-02,33421.25,61.0,7,4774.464285714285,55901.90000000001,109.0,14,3992.9928571428577,141010.22,251.0,30,4700.340666666667,285644.60000000003,500.0,60,4760.743333333334,425057.87000000005,769.0,90,4722.865222222223,4949.425,2375.7618831284885,0.5054446159565927,-0.004769256477947348,561.7937051792828,0.32806841943796705,161,0.22981366459627328,37,0,2,1,28,2,149.2,4.3,130409.92,279.0
BELGARD_BARBERS_001,2026-02-03,34515.2,63.0,7,4930.742857142856,56399.15,111.0,14,4028.5107142857146,137620.97,244.0,30,4587.365666666667,278878.70000000007,491.0,60,4647.978333333334,423565.02,767.0,90,4706.278,4749.700000000001,2369.394453670506,0.5165043787303286,-0.025266746531618756,564.020368852459,0.28911872950757433,157,0.21656050955414013,34,1,2,1,28,3,149.2,4.3,128619.81999999999,277.0
BELGARD_BARBERS_001,2026-02-04,32525.100000000002,58.0,7,4646.442857142857,54409.05,107.0,14,3886.3607142857145,127273.76999999999,228.0,30,4242.459,273902.35000000003,479.0,60,4565.039166666667,420580.42000000004,760.0,90,4673.115777777778,3829.375,2115.0082233368107,0.4985335682293714,-0.09215623970321785,558.2182894736842,0.31262372443277203,149,0.20134228187919462,30,2,2,1,28,4,149.2,4.3,130213.21999999999,281.0
BELGARD_BARBERS_001,2026-02-05,33769.600000000006,65.0,7,4824.228571428573,58886.50000000001,116.0,14,4206.178571428572,126626.24999999999,232.0,30,4220.874999999999,269228.20000000007,484.0,60,4487.136666666668,422468.87000000005,763.0,90,4694.098555555556,3829.375,2087.7067665163927,0.49461468688752763,-0.10081244566019776,545.8028017241379,0.3142223670052616,148,0.22297297297297297,33,3,2,1,28,5,149.2,4.3,124442.91999999998,269.0
BELGARD_BARBERS_001,2026-02-06,34367.4,68.0,7,4909.628571428571,58789.25,119.0,14,4199.232142857143,129711.4,240.0,30,4323.713333333333,268433.7,487.0,60,4473.895,421372.72,758.0,90,4681.91911111111,4749.700000000001,2055.875832418442,0.47548846880500295,-0.07650832260807006,540.4641666666666,0.30674867436478215,155,0.2129032258064516,33,4,2,1,28,6,149.2,4.3,121159.97,262.0
BELGARD_BARBERS_001,2026-02-07,36906.95,75.0,7,5272.421428571428,60979.350000000006,123.0,14,4355.667857142857,131307.0,246.0,30,4376.9,269627.10000000003,494.0,60,4493.785000000001,427144.12,770.0,90,4746.045777777777,4749.700000000001,2114.9194581591046,0.48320031487105136,-0.07777964964143713,533.7682926829268,0.3598585757042656,165,0.17575757575757575,29,5,2,1,28,7,149.2,4.3,117674.81999999999,253.0
BELGARD_BARBERS_001,2026-02-08,34769.600000000006,73.0,7,4967.085714285715,62223.850000000006,125.0,14,4444.560714285714,127130.09999999999,244.0,30,4237.67,272263.35,500.0,60,4537.7225,422817.77,768.0,90,4697.975222222222,4402.175,1978.195914362377,0.46681216667706,-0.0979794912593196,521.025,0.4049434398305359,165,0.1696969696969697,28,6,2,1,28,8,149.2,4.3,115932.52,249.0
BELGARD_BARBERS_001,2026-02-09,29399.3,66.0,7,4199.9,62820.55,127.0,14,4487.182142857143,126432.85,243.0,30,4214.428333333333,266793.6,494.0,60,4446.5599999999995,420481.8,764.0,90,4672.0199999999995,4402.175,2000.2470332304515,0.47461882728194094,-0.09794300252710098,520.2997942386831,0.38592145949411094,163,0.1656441717791411,27,0,2,1,28,9,149.2,4.3,117225.36999999998,251.0
BELGARD_BARBERS_001,2026-02-10,29299.85,68.0,7,4185.692857142857,63815.05,131.0,14,4558.217857142858,122155.40000000001,240.0,30,4071.846666666667,265202.39999999997,494.0,60,4420.039999999999,421873.55,766.0,90,4687.483888888889,3655.75,1929.193701737133,0.47378839619135943,-0.1313363921487849,508.98083333333335,0.33999479351711015,159,0.16352201257861634,26,1,2,1,28,10,149.2,4.3,119216.56999999999,257.0
BELGARD_BARBERS_001,2026-02-11,29997.1,70.0,7,4285.3,62522.200000000004,128.0,14,4465.871428571429,121261.45000000003,238.0,30,4042.048333333334,261372.74999999997,489.0,60,4356.2125,418492.25000000006,765.0,90,4649.913888888889,3655.75,1960.1109392703318,0.48493010909988243,-0.13072619624377746,509.50189075630266,0.34250126482901194,154,0.17532467532467533,27,2,2,1,28,11,149.2,4.3,122698.96999999999,262.0
BELGARD_BARBERS_001,2026-02-12,28503.149999999998,64.0,7,4071.878571428571,62272.75000000001,129.0,14,4448.053571428572,121160.90000000001,238.0,30,4038.696666666667,257790.62999999998,479.0,60,4296.510499999999,420778.5,768.0,90,4675.316666666667,3655.75,1958.2601656374013,0.48487428674697886,-0.13616617769206352,509.0794117647059,0.3427855025837543,154,0.18831168831168832,29,3,2,1,28,12,149.2,4.3,122500.62,264.0
BELGARD_BARBERS_001,2026-02-13,25915.250000000004,58.0,7,3702.178571428572,60282.65,126.0,14,4305.903571428572,121260.35,238.0,30,4042.0116666666668,253812.63,478.0,60,4230.2105,415903.80000000005,759.0,90,4621.153333333334,3655.75,1955.7118505667502,0.4838461666736283,-0.1253240533027109,509.49726890756307,0.3425043717917687,155,0.1935483870967742,30,4,2,1,28,13,149.2,4.3,125982.47,273.0
BELGARD_BARBERS_001,2026-02-14,24718.550000000003,56.0,7,3531.221428571429,61625.49999999999,131.0,14,4401.821428571428,120960.90000000001,245.0,30,4032.03,255106.58000000002,483.0,60,4251.776333333333,419981.25000000006,768.0,90,4666.458333333334,3655.75,1943.531063494141,0.4820229669655585,-0.13595499799098176,493.7179591836735,0.3951578567950469,159,0.20754716981132076,33,5,2,1,28,14,149.2,4.3,123098.41999999998,266.0
BELGARD_BARBERS_001,2026-02-15,24567.45,54.0,7,3509.6357142857146,59337.04999999999,127.0,14,4238.360714285714,120063.1,243.0,30,4002.1033333333335,256996.13000000006,486.0,60,4283.268833333334,416500.5000000001,762.0,90,4627.783333333335,3580.2,1935.673187719341,0.4836639702921233,-0.1352007980782738,494.0868312757202,0.43207363461379883,158,0.22151898734177214,35,6,2,1,28,15,149.2,4.3,121009.97,263.0
BELGARD_BARBERS_001,2026-02-16,25014.7,52.0,7,3573.5285714285715,54413.99999999999,118.0,14,3886.7142857142853,114842.8,236.0,30,3828.0933333333332,252272.53,476.0,60,4204.542166666667,418041.7,763.0,90,4644.9077777777775,3033.5,1831.0467666398424,0.4783182141082878,-0.17585159566617392,486.6220338983051,0.3850345864085515,156,0.22435897435897437,35,0,2,1,28,16,149.2,4.3,119865.47,262.0
BELGARD_BARBERS_001,2026-02-17,27504.15,60.0,7,3929.164285714286,56803.999999999985,128.0,14,4057.42857142857,117679.5,246.0,30,3922.65,254560.88000000003,482.0,60,4242.681333333334,421226.2,773.0,90,4680.291111111112,3580.2,1840.2789813413256,0.46914177439774785,-0.1618790569057671,478.3719512195122,0.35335126338912043,159,0.2389937106918239,38,1,2,1,28,17,149.2,4.3,121554.02,258.0
BELGARD_BARBERS_001,2026-02-18,29094.25,61.0,7,4156.321428571428,59091.34999999999,131.0,14,4220.810714285713,118971.25,247.0,30,3965.7083333333335,251776.28,477.0,60,4196.271333333333,422121.25000000006,773.0,90,4690.236111111111,3629.925,1807.0429559127501,0.45566713535734477,-0.1544757578539342,481.664979757085,0.34951469367599314,162,0.24691358024691357,40,2,2,1,28,18,149.2,4.3,121357.31999999999,261.0
BELGARD_BARBERS_001,2026-02-19,31978.3,64.0,7,4568.328571428571,60481.45,128.0,14,4320.103571428571,124341.55,255.0,30,4144.718333333333,257890.53000000003,483.0,60,4298.1755,424208.6000000001,772.0,90,4713.42888888889,4153.0,1923.7012460134993,0.46413316691327217,-0.1206575019931233,487.61392156862746,0.33441918650684344,164,0.25609756097560976,42,3,2,1,28,19,149.2,4.3,118373.81999999999,257.0
BELGARD_BARBERS_001,2026-02-20,31780.500000000004,64.0,7,4540.071428571429,57695.75,122.0,14,4121.125,123844.29999999999,255.0,30,4128.1433333333325,255703.72999999998,482.0,60,4261.728833333333,422319.05000000005,769.0,90,4692.43388888889,4153.0,1936.5816177710892,0.4691168550602061,-0.12025540879579111,485.6639215686274,0.3357619204113552,162,0.2716049382716049,44,4,2,1,28,20,149.2,4.3,123844.67,261.0
BELGARD_BARBERS_001,2026-02-21,32776.100000000006,62.0,7,4682.300000000001,57494.65,118.0,14,4106.760714285714,129017.90000000001,263.0,30,4300.596666666667,256101.52999999997,483.0,60,4268.358833333333,426697.05,775.0,90,4741.078333333333,4402.175,1977.1972453000794,0.45974951815990167,-0.09290748553335415,490.5623574144487,0.3785850645530581,167,0.25748502994011974,43,5,2,1,28,21,149.2,4.3,121158.42000000001,257.0
BELGARD_BARBERS_001,2026-02-22,34068.95,63.0,7,4866.992857142856,58636.40000000001,117.0,14,4188.314285714287,129117.34999999999,263.0,30,4303.911666666666,256000.97999999995,482.0,60,4266.682999999999,426594.3,771.0,90,4739.9366666666665,4402.175,1978.903841511058,0.4597919276172548,-0.09198962574042846,490.9404942965779,0.4198858635187293,171,0.23976608187134502,41,6,2,1,28,22,149.2,4.3,120263.37,258.0
BELGARD_BARBERS_001,2026-02-23,35811.799999999996,69.0,7,5115.971428571428,60826.5,121.0,14,4344.75,128024.50000000001,260.0,30,4267.483333333334,258490.53,488.0,60,4308.1755,425802.0,773.0,90,4731.133333333333,4204.375,1970.770383899544,0.4618109152309622,-0.09799977454309738,492.40192307692314,0.38228229752898857,167,0.24550898203592814,41,0,2,1,28,23,149.2,4.3,118479.96,255.0
BELGARD_BARBERS_001,2026-02-24,35211.9,64.0,7,5030.271428571429,62716.05000000001,124.0,14,4479.717857142858,129913.5,262.0,30,4330.45,262965.77999999997,497.0,60,4382.763,426199.80000000005,775.0,90,4735.553333333334,4402.175,1958.8997168053297,0.45235477070635377,-0.0855450894158094,495.85305343511453,0.35375422877530044,172,0.22093023255813954,38,1,2,1,28,24,149.2,4.3,118282.16,256.0
BELGARD_BARBERS_001,2026-02-25,34117.95,64.0,7,4873.992857142856,63212.200000000004,125.0,14,4515.157142857143,130608.55,263.0,30,4353.618333333334,261672.93,496.0,60,4361.2155,421821.8,768.0,90,4686.908888888889,4402.175,1927.8903942082795,0.4428248520196295,-0.07111095253967425,496.61045627376427,0.35187168068246677,173,0.20809248554913296,36,2,2,1,28,25,149.2,4.3,124697.78,262.0
BELGARD_BARBERS_001,2026-02-26,29047.100000000002,60.0,7,4149.585714285715,61025.4,124.0,14,4358.957142857143,131504.7,267.0,30,4383.490000000001,263861.93000000005,501.0,60,4397.698833333334,417944.35000000003,766.0,90,4643.8261111111115,4402.175,1897.7271585768067,0.4329260836860142,-0.056060693247797166,492.5269662921349,0.34947382108776337,174,0.21839080459770116,38,3,2,1,28,26,149.2,4.3,127680.18000000001,267.0
BELGARD_BARBERS_001,2026-02-27,31880.32,65.0,7,4554.331428571429,63660.82,129.0,14,4547.201428571429,133840.67,271.0,30,4461.355666666667,267789.1,510.0,60,4463.151666666667,416104.52,767.0,90,4623.383555555556,4724.425,1882.5139260391204,0.4219600647633758,-0.03504530544393025,493.87701107011077,0.3433743271010224,173,0.21965317919075145,38,4,2,1,28,27,149.2,4.3,128525.50999999998,268.0
BELGARD_BARBERS_001,2026-02-28,32874.82,71.0,7,4696.402857142857,65650.92,133.0,14,4689.351428571428,136775.81999999998,283.0,30,4559.1939999999995,275247.85000000003,526.0,60,4587.464166666668,421773.17,779.0,90,4686.368555555556,4724.425,1997.435139041399,0.4381114598416736,-0.02713712206966612,483.30678445229677,0.39637122994400625,177,0.24858757062146894,44,5,2,1,28,28,149.2,4.3,124547.51,259.0
BELGARD_BARBERS_001,2026-03-01,34565.47,79.0,7,4937.924285714286,68634.42,142.0,14,4902.458571428571,139260.97,291.0,30,4642.032333333334,276042.63,533.0,60,4600.7105,421374.27,779.0,90,4681.936333333333,4898.325000000001,2047.3157685168862,0.44103867045810885,-0.008522969378267797,478.5600343642612,0.44000088466998327,179,0.26256983240223464,47,6,3,1,31,1,150.0,4.4,126536.51000000001,253.0
BELGARD_BARBERS_001,2026-03-02,35410.520000000004,80.0,7,5058.645714285715,71222.31999999999,149.0,14,5087.308571428571,139362.62,292.0,30,4645.420666666667,278083.28,539.0,60,4634.721333333334,421624.82,784.0,90,4684.720222222222,4949.15,2047.8630055547064,0.4408347817129241,-0.008388879952560657,477.26924657534244,0.4043505353157109,183,0.2568306010928962,47,0,3,1,31,2,150.0,4.4,126185.41,251.0
BELGARD_BARBERS_001,2026-03-03,33620.42,78.0,7,4802.917142857143,68832.31999999999,142.0,14,4916.594285714285,136079.66999999998,288.0,30,4535.989,275795.94,535.0,60,4596.599,420928.67,787.0,90,4676.985222222222,4550.8,2040.704890009577,0.4498919397753339,-0.03014681798700003,472.4988541666666,0.36732489136694707,178,0.2640449438202247,47,1,3,1,31,3,150.0,4.4,133647.46,261.0
BELGARD_BARBERS_001,2026-03-04,33222.62,77.0,7,4746.088571428571,67340.56999999999,141.0,14,4810.040714285714,130409.92,279.0,30,4346.997333333334,271420.1400000001,530.0,60,4523.669000000001,416054.5200000001,779.0,90,4622.828,4204.375,2032.9077243297481,0.4676579184305338,-0.059667084015815997,467.4190681003584,0.38329484444128176,176,0.23863636363636365,42,2,3,1,31,4,150.0,4.4,141852.63,277.0
BELGARD_BARBERS_001,2026-03-05,31630.32,73.0,7,4518.617142857142,60677.42,133.0,14,4334.101428571428,128619.81999999999,277.0,30,4287.327333333333,266240.79,521.0,60,4437.3465,407498.52,768.0,90,4527.761333333334,4204.375,2094.4736767263403,0.48852665399306433,-0.05310218059196903,464.3314801444043,0.3886294507331763,177,0.22598870056497175,40,3,3,1,31,5,150.0,4.4,145930.08,281.0
BELGARD_BARBERS_001,2026-03-06,28897.65,68.0,7,4128.2357142857145,60777.96999999999,133.0,14,4341.28357142857,130213.21999999999,281.0,30,4340.440666666666,257486.99000000005,509.0,60,4291.449833333334,404115.57,760.0,90,4490.173,4204.375,2026.8891010921693,0.4669777234044676,-0.03334667357657117,463.39224199288253,0.3838738493679828,176,0.23295454545454544,41,4,3,1,31,6,150.0,4.4,146027.33,279.0
BELGARD_BARBERS_001,2026-03-07,21436.7,51.0,7,3062.3857142857146,54311.52,122.0,14,3879.3942857142856,124442.91999999998,269.0,30,4148.097333333333,251069.17,501.0,60,4184.486166666667,393671.12000000005,753.0,90,4374.123555555556,4128.825,2079.6773004097427,0.5013569193996114,-0.05167348826604312,462.6130855018587,0.4080670077494164,171,0.22807017543859648,39,5,3,1,31,7,150.0,4.4,151103.03,292.0
BELGARD_BARBERS_001,2026-03-08,16266.400000000001,39.0,7,2323.7714285714287,50831.869999999995,118.0,14,3630.847857142857,121159.97,262.0,30,4038.6656666666668,250871.37000000002,502.0,60,4181.1895,389593.67000000004,749.0,90,4328.818555555556,3629.925,2109.0035899174177,0.5222030650677986,-0.06702819375889757,462.44263358778625,0.43472856587864783,164,0.25,41,6,3,1,31,8,150.0,4.4,151003.58000000002,292.0
BELGARD_BARBERS_001,2026-03-09,15219.150000000001,36.0,7,2174.164285714286,50629.67,116.0,14,3616.4049999999997,117674.81999999999,253.0,30,3922.4939999999997,248981.82,499.0,60,4149.697,387301.92000000004,747.0,90,4303.354666666667,3580.2,2010.8753977502765,0.512652255873502,-0.08850320184315141,465.1178656126482,0.38418201956884235,156,0.2564102564102564,40,0,3,1,31,9,150.0,4.4,149016.78000000003,290.0
BELGARD_BARBERS_001,2026-03-10,14622.45,34.0,7,2088.921428571429,48242.869999999995,112.0,14,3445.9192857142853,115932.52,249.0,30,3864.4173333333333,243062.62,493.0,60,4051.0436666666665,388195.87,749.0,90,4313.287444444444,3132.675,2026.2982302249807,0.5243476714449873,-0.10406682070059114,465.5924497991968,0.35348149078446667,155,0.25161290322580643,39,1,3,1,31,10,150.0,4.4,151604.68000000002,295.0
BELGARD_BARBERS_001,2026-03-11,16214.75,38.0,7,2316.3928571428573,49437.369999999995,115.0,14,3531.240714285714,117225.36999999998,251.0,30,3907.5123333333327,243658.22,494.0,60,4060.970333333333,384018.97000000003,745.0,90,4266.877444444444,3232.675,1999.5487737431888,0.5117191202919272,-0.08422203726029487,467.03334661354575,0.34958302968035,154,0.2792207792207792,43,2,3,1,31,11,150.0,4.4,153792.58000000002,299.0
BELGARD_BARBERS_001,2026-03-12,19896.600000000002,48.0,7,2842.371428571429,51526.92,121.0,14,3680.4942857142855,119216.56999999999,257.0,30,3973.8856666666666,241371.97000000003,497.0,60,4022.866166666667,384418.97000000003,751.0,90,4271.32188888889,3630.475,2000.823056475648,0.5034928592079896,-0.06963563738803025,463.8777042801556,0.34374416240963823,161,0.2857142857142857,46,3,3,1,31,12,150.0,4.4,157869.48000000004,303.0
BELGARD_BARBERS_001,2026-03-13,22482.850000000002,51.0,7,3211.8357142857144,51380.49999999999,119.0,14,3670.0357142857138,122698.96999999999,262.0,30,4089.965666666666,243960.42000000004,500.0,60,4066.0070000000005,384071.72000000003,751.0,90,4267.463555555556,4027.725,1959.8842824389458,0.47919333367809347,-0.041593299293163466,468.3166793893129,0.33398813372271996,164,0.2804878048780488,46,4,3,1,31,13,150.0,4.4,161747.48000000004,309.0
BELGARD_BARBERS_001,2026-03-14,26560.85,59.0,7,3794.407142857143,47997.549999999996,110.0,14,3428.3964285714283,122500.62,264.0,30,4083.354,243661.52000000005,502.0,60,4061.025333333334,380291.24999999994,743.0,90,4225.458333333333,4027.725,1956.892691061691,0.4792366008584343,-0.03363051345514789,464.0175,0.37431320755764336,165,0.2787878787878788,46,5,3,1,31,14,150.0,4.4,161249.68000000002,307.0
BELGARD_BARBERS_001,2026-03-15,30737.750000000004,69.0,7,4391.107142857143,47004.15,108.0,14,3357.4392857142857,125982.47,273.0,30,4199.415666666667,247242.82000000004,511.0,60,4120.713666666667,379795.0999999999,751.0,90,4219.945555555555,4128.825,1967.848461971743,0.4686005430688277,-0.00486496534578762,461.4742490842491,0.41212995744566683,166,0.28313253012048195,47,6,3,1,31,15,150.0,4.4,160454.08000000002,304.0
BELGARD_BARBERS_001,2026-03-16,30142.149999999998,69.0,7,4306.021428571428,45361.30000000001,105.0,14,3240.092857142858,123098.41999999998,266.0,30,4103.280666666667,244059.32,511.0,60,4067.6553333333336,378204.99999999994,749.0,90,4202.277777777777,4027.725,1934.687335602204,0.47149768508861545,-0.02355796459592019,462.77601503759394,0.37087965873160683,163,0.27607361963190186,45,0,3,1,31,16,150.0,4.4,158465.08000000002,300.0
BELGARD_BARBERS_001,2026-03-17,29644.899999999998,68.0,7,4234.985714285714,44267.350000000006,102.0,14,3161.9535714285716,121009.97,263.0,30,4033.6656666666668,241073.07,506.0,60,4017.8845,378006.1,749.0,90,4200.067777777777,3680.2,1971.5863381512245,0.48878278496008826,-0.039618910911754956,460.1139543726236,0.34358532606858755,160,0.275,44,1,3,1,31,17,150.0,4.4,160554.55000000002,301.0
BELGARD_BARBERS_001,2026-03-18,27654.8,63.0,7,3950.6857142857143,43869.55,101.0,14,3133.539285714286,119865.47,262.0,30,3995.5156666666667,234708.26999999996,498.0,60,3911.8044999999993,372137.99999999994,738.0,90,4134.866666666666,3680.2,2012.749071953884,0.5037520159777167,-0.03370144946229603,457.5017938931298,0.3468659489676218,161,0.2670807453416149,43,2,3,1,31,18,150.0,4.4,161251.80000000002,303.0
BELGARD_BARBERS_001,2026-03-19,29841.6,61.0,7,4263.085714285714,49738.200000000004,109.0,14,3552.7285714285717,121554.02,258.0,30,4051.800666666667,239233.52000000002,504.0,60,3987.2253333333338,376114.8999999999,740.0,90,4179.054444444443,3680.2,2075.896347383355,0.5123392087032633,-0.030450375669775043,471.1396124031008,0.34204751105722375,157,0.28662420382165604,45,3,3,1,31,19,150.0,4.4,158367.75,300.0
BELGARD_BARBERS_001,2026-03-20,27752.600000000002,60.0,7,3964.6571428571433,50235.45,111.0,14,3588.246428571428,121357.31999999999,261.0,30,4045.2439999999997,240328.57,508.0,60,4005.476166666667,373133.6,738.0,90,4145.928888888889,3680.2,2078.94037727813,0.5139221212065651,-0.02428524260479359,464.97057471264367,0.3426019130943235,157,0.28662420382165604,45,4,3,1,31,20,150.0,4.4,160155.65000000002,301.0
BELGARD_BARBERS_001,2026-03-21,27851.500000000004,57.0,7,3978.7857142857147,54412.35,116.0,14,3886.5964285714285,118373.81999999999,257.0,30,3945.794,242715.37000000002,512.0,60,4045.256166666667,376264.35000000003,740.0,90,4180.715,3680.2,1957.2844699678515,0.4960432475612897,-0.056191584453855414,460.59852140077817,0.3932436243081452,153,0.29411764705882354,45,5,3,1,31,21,150.0,4.4,160155.65000000002,304.0
BELGARD_BARBERS_001,2026-03-22,29642.7,52.0,7,4234.671428571429,60380.45,121.0,14,4312.8892857142855,123844.67,261.0,30,4128.155666666667,247688.97,516.0,60,4128.1495,379548.39999999997,743.0,90,4217.204444444444,4079.1,2056.0106396444603,0.4980458116553083,-0.021115594216705835,474.50065134099617,0.43932855568188767,153,0.30718954248366015,47,6,3,1,31,22,150.0,4.4,154387.55000000002,300.0
BELGARD_BARBERS_001,2026-03-23,30836.1,53.0,7,4405.157142857142,60978.25,122.0,14,4355.589285714285,121158.42000000001,257.0,30,4038.6140000000005,250176.32,520.0,60,4169.605333333334,377259.94999999995,740.0,90,4191.777222222222,4079.1,1974.4531138564253,0.4888937427187706,-0.03653897001258666,471.4335408560312,0.38913061098023555,149,0.3087248322147651,46,0,3,1,31,23,150.0,4.4,150707.90000000002,294.0
BELGARD_BARBERS_001,2026-03-24,33322.35,58.0,7,4760.335714285714,62967.25,126.0,14,4497.660714285715,120263.37,258.0,30,4008.779,249380.72,521.0,60,4156.345333333334,376264.35,740.0,90,4180.715,4079.1,1960.8205131327886,0.4891316066894156,-0.04112597964702214,466.1370930232558,0.3473721882232304,151,0.304635761589404,46,1,3,1,31,24,150.0,4.4,150311.75,295.0
BELGARD_BARBERS_001,2026-03-25,34426.29,62.0,7,4918.041428571429,62081.090000000004,125.0,14,4434.363571428572,118479.96,255.0,30,3949.3320000000003,246504.46,515.0,60,4108.407666666667,376970.49,743.0,90,4188.561,3680.2,1981.645928214557,0.5017673693208261,-0.0571148420662847,464.62729411764707,0.3526009799463133,153,0.27450980392156865,42,2,3,1,31,25,150.0,4.4,154380.31,301.0
BELGARD_BARBERS_001,2026-03-26,31940.04,62.0,7,4562.862857142857,61781.64000000001,123.0,14,4412.974285714286,118282.16,256.0,30,3942.7386666666666,248195.66,518.0,60,4136.594333333333,381247.94,753.0,90,4236.088222222223,3680.2,1978.8887065063113,0.5019071447054174,-0.0692501053251594,462.0396875,0.3531906248583895,151,0.2980132450331126,45,3,3,1,31,26,150.0,4.4,153388.01,299.0
BELGARD_BARBERS_001,2026-03-27,37458.41,65.0,7,5351.2014285714295,65211.01,125.0,14,4657.9292857142855,124697.78,262.0,30,4156.592666666666,255306.33000000002,525.0,60,4255.105500000001,386370.71,758.0,90,4293.007888888889,4226.625,2109.3076783294455,0.5074607611288939,-0.031776140587882695,475.9457251908397,0.3350191960113484,155,0.3032258064516129,47,4,3,1,31,27,150.0,4.4,151948.19,305.0
BELGARD_BARBERS_001,2026-03-28,38353.46,70.0,7,5479.065714285714,66204.96,127.0,14,4728.925714285715,127680.18000000001,267.0,30,4256.006,259184.88,534.0,60,4319.7480000000005,391542.11,768.0,90,4350.467888888888,4525.525,2117.307131494468,0.49748687654445695,-0.021713041286925527,478.20292134831465,0.37314875339304815,158,0.310126582278481,49,5,3,1,31,28,150.0,4.4,152047.64,305.0
BELGARD_BARBERS_001,2026-03-29,36561.159999999996,72.0,7,5223.022857142857,66203.86,124.0,14,4728.847142857143,128525.50999999998,268.0,30,4284.183666666666,262366.18,539.0,60,4372.769666666666,396314.61,778.0,90,4403.495666666667,4525.525,2135.510303491078,0.4984637610442655,-0.02709483760893916,479.5727985074626,0.4178948599387002,161,0.3105590062111801,50,6,3,1,31,29,150.0,4.4,153439.94,309.0
BELGARD_BARBERS_001,2026-03-30,36263.91,73.0,7,5180.558571428572,67100.01,126.0,14,4792.857857142857,124547.51,259.0,30,4151.583666666666,261323.33,542.0,60,4355.388833333333,399795.36,785.0,90,4442.170666666667,4376.9,2004.203768262238,0.48275644409002755,-0.0654155415910781,480.878416988417,0.36494988940365003,157,0.31210191082802546,49,0,3,1,31,30,150.0,4.4,151550.39,306.0
BELGARD_BARBERS_001,2026-03-31,40838.61,74.0,7,5834.087142857143,74160.96,132.0,14,5297.211428571429,126536.51000000001,253.0,30,4217.883666666667,265797.48,544.0,60,4429.958,402579.14,786.0,90,4473.101555555556,4376.9,2128.400744812066,0.5046134301029954,-0.05705613559609679,500.14430830039527,0.3034116398500322,160,0.275,44,1,3,1,31,31,150.0,4.4,148268.54,304.0
BELGARD_BARBERS_001,2026-04-01,43115.97,76.0,7,6159.424285714286,77542.26,138.0,14,5538.732857142857,126185.41,251.0,30,4206.180333333334,265548.03,543.0,60,4425.8005,404268.69,790.0,90,4491.874333333333,4376.9,2124.8915379841287,0.5051831756105865,-0.06360240264958428,502.73071713147414,0.3042558565209718,157,0.27388535031847133,43,2,4,2,30,1,152.15,5.6,149959.19,304.0
BELGARD_BARBERS_001,2026-04-02,48985.72,83.0,7,6997.96,80925.76,145.0,14,5780.411428571429,133647.46,261.0,30,4454.915333333333,269727.13,549.0,60,4495.452166666667,409443.4,796.0,90,4549.3711111111115,4525.525,2398.0397329481893,0.5382907538118995,-0.020762381320592826,512.0592337164751,0.2872680857533694,162,0.2654320987654321,43,3,4,2,30,2,152.15,5.6,143592.18999999997,294.0
BELGARD_BARBERS_001,2026-04-03,50377.47,92.0,7,7196.7814285714285,87835.88,157.0,14,6273.9914285714285,141852.63,277.0,30,4728.421,272262.55,556.0,60,4537.7091666666665,413272.76999999996,807.0,90,4591.919666666667,4624.975,2531.376154661531,0.5353533779376944,0.02972642015586957,512.1033574007221,0.2706516615166035,168,0.27380952380952384,46,4,4,2,30,3,152.15,5.6,138345.65,284.0
BELGARD_BARBERS_001,2026-04-04,49880.22,87.0,7,7125.745714285715,88233.68000000001,157.0,14,6302.405714285715,145930.08,281.0,30,4864.335999999999,274549.89999999997,558.0,60,4575.831666666666,412170.87,802.0,90,4579.676333333333,4674.7,2451.4664388859173,0.503967332619687,0.062157158267880375,519.3241281138789,0.29988985135895224,169,0.27218934911242604,46,5,4,2,30,4,152.15,5.6,137947.85,289.0
BELGARD_BARBERS_001,2026-04-05,46399.47,79.0,7,6628.495714285715,82960.63,151.0,14,5925.759285714286,146027.33,279.0,30,4867.577666666666,276240.55,560.0,60,4604.009166666667,403514.32,788.0,90,4483.492444444444,4674.7,2448.384933739904,0.5029986373934053,0.08566652603555669,523.3954480286737,0.3173970927223007,169,0.27218934911242604,46,6,4,2,30,5,152.15,5.6,144015.40000000002,296.0
BELGARD_BARBERS_001,2026-04-06,47992.22,84.0,7,6856.0314285714285,84256.13,157.0,14,6018.295,151103.03,292.0,30,5036.767666666667,275545.95,561.0,60,4592.4325,402172.19999999995,793.0,90,4468.58,4774.425,2333.8477687753953,0.46336220434005765,0.12715172754357473,517.4761301369863,0.30147012935478523,174,0.27011494252873564,47,0,4,2,30,6,152.15,5.6,141625.95,287.0
BELGARD_BARBERS_001,2026-04-07,40733.47,78.0,7,5819.067142857143,81572.07999999999,152.0,14,5826.577142857142,151003.58000000002,292.0,30,5033.452666666667,272163.55,554.0,60,4536.059166666667,401874.94999999995,794.0,90,4465.277222222222,4774.425,2338.3803915259145,0.46456787147548045,0.12724303915932067,517.1355479452055,0.28914811158781795,176,0.26136363636363635,46,1,4,2,30,7,152.15,5.6,149083.6,294.0
BELGARD_BARBERS_001,2026-04-08,38050.52,75.0,7,5435.788571428571,81166.48999999999,151.0,14,5797.606428571428,149016.78000000003,290.0,30,4967.226000000001,266691.60000000003,543.0,60,4444.860000000001,397998.6,789.0,90,4422.206666666666,4774.425,2394.788978032094,0.48211798255849314,0.12324601141813085,513.8509655172414,0.29300324433261804,176,0.26136363636363635,46,2,4,2,30,8,152.15,5.6,151968.75000000003,298.0
BELGARD_BARBERS_001,2026-04-09,32579.67,68.0,7,4654.238571428571,81565.38999999998,151.0,14,5826.099285714285,151604.68000000002,295.0,30,5053.489333333334,267537.2,544.0,60,4458.953333333334,394667.30000000005,788.0,90,4385.192222222223,4923.05,2350.0594136318246,0.4650369791285779,0.15239858990091149,513.9141694915255,0.2880016632731918,173,0.2832369942196532,49,3,4,2,30,9,152.15,5.6,151917.65,298.0
BELGARD_BARBERS_001,2026-04-10,28154.699999999997,60.0,7,4022.0999999999995,78532.17,152.0,14,5609.440714285714,153792.58000000002,299.0,30,5126.419333333334,271017.95,550.0,60,4516.965833333334,397450.8,793.0,90,4416.12,4973.6,2327.825840250846,0.4540841645775457,0.16084239860631833,514.3564548494984,0.28390446405151665,177,0.288135593220339,51,4,4,2,30,10,152.15,5.6,151916.55,297.0
BELGARD_BARBERS_001,2026-04-11,31836.0,70.0,7,4548.0,81716.22,157.0,14,5836.872857142857,157869.48000000004,303.0,30,5262.316000000002,277086.05,560.0,60,4618.100833333333,399241.44999999995,800.0,90,4436.01611111111,5023.325,2431.6879025738485,0.4620946181441494,0.18627071412550045,521.021386138614,0.33390874537624365,172,0.3081395348837209,53,5,4,2,30,11,152.15,5.6,147249.80000000002,288.0
BELGARD_BARBERS_001,2026-04-12,38203.0,81.0,7,5457.571428571428,84602.47,160.0,14,6043.033571428571,161747.48000000004,309.0,30,5391.582666666668,284446.44999999995,571.0,60,4740.774166666666,405707.89999999997,809.0,90,4507.865555555555,5023.325,2519.7593789644984,0.4673505971711889,0.19603892357038188,523.4546278317154,0.381252925857021,177,0.2937853107344633,52,6,4,2,30,12,152.15,5.6,141679.5,281.0
BELGARD_BARBERS_001,2026-04-13,36707.5,74.0,7,5243.928571428572,84699.72,158.0,14,6049.9800000000005,161249.68000000002,307.0,30,5374.989333333334,283750.3,571.0,60,4729.171666666666,404911.2,809.0,90,4499.013333333333,5023.325,2524.749941796129,0.46972185156512475,0.19470402399340903,525.2432573289904,0.3522059702692122,175,0.29714285714285715,52,0,4,2,30,13,152.15,5.6,174352.12,285.0
BELGARD_BARBERS_001,2026-04-14,40188.25,81.0,7,5741.178571428572,80921.72,159.0,14,5780.122857142857,160454.08000000002,304.0,30,5348.469333333333,286436.55,577.0,60,4773.9425,407696.9,815.0,90,4529.9655555555555,5023.325,2521.5124136992777,0.4714456149134901,0.18068653453092232,527.8094736842106,0.3161374893053514,176,0.3068181818181818,54,1,4,2,30,14,152.15,5.6,175446.06999999998,280.0
BELGARD_BARBERS_001,2026-04-15,39590.45,79.0,7,5655.778571428571,77640.96999999999,154.0,14,5545.78357142857,158465.08000000002,300.0,30,5282.169333333334,281563.5,566.0,60,4692.725,402524.4000000001,811.0,90,4472.493333333334,5023.325,2597.3449243486234,0.49171936006632305,0.18103459069810435,528.2169333333334,0.32010553997132996,179,0.2849162011173184,51,2,4,2,30,15,152.15,5.6,178529.02000000002,287.0
BELGARD_BARBERS_001,2026-04-16,38594.770000000004,74.0,7,5513.538571428572,71174.43999999999,142.0,14,5083.888571428571,160554.55000000002,301.0,30,5351.818333333334,281564.52,564.0,60,4692.742,401627.62,807.0,90,4462.529111111111,5023.325,2535.3791170304075,0.4737416255778003,0.1992791979794617,533.4038205980067,0.3159396603833401,180,0.2722222222222222,49,3,4,2,30,16,152.15,5.6,179374.41999999998,291.0
BELGARD_BARBERS_001,2026-04-17,35114.020000000004,67.0,7,5016.288571428572,63268.72,127.0,14,4519.194285714286,161251.80000000002,303.0,30,5375.06,281117.26999999996,565.0,60,4685.287833333333,395960.06999999995,801.0,90,4399.556333333333,5023.325,2501.0273821092005,0.46530222585593467,0.22172773633462595,532.1841584158417,0.3145735427449492,182,0.27472527472527475,50,4,4,2,30,17,152.15,5.6,184246.37,297.0
BELGARD_BARBERS_001,2026-04-18,30339.870000000003,58.0,7,4334.267142857143,62175.87,128.0,14,4441.1335714285715,158367.75,300.0,30,5278.925,279921.76999999996,558.0,60,4665.362833333333,397601.26999999996,804.0,90,4417.791888888888,4823.875,2485.8952825461092,0.47090937691785906,0.1949238743628765,527.8925,0.3473118737874346,182,0.2802197802197802,51,5,4,2,30,18,152.15,5.6,179968.91999999998,289.0
BELGARD_BARBERS_001,2026-04-19,26160.769999999997,52.0,7,3737.2528571428566,64363.77,133.0,14,4597.4121428571425,160155.65000000002,301.0,30,5338.521666666667,281512.9699999999,562.0,60,4691.882833333332,400484.22,809.0,90,4449.824666666666,4873.05,2451.39538663334,0.4591899292906631,0.1997150599341968,532.0785714285715,0.3732406568235338,180,0.28888888888888886,52,6,4,2,30,19,152.15,5.6,180665.06999999998,288.0
BELGARD_BARBERS_001,2026-04-20,26757.47,54.0,7,3822.4957142857143,63464.97,128.0,14,4533.212142857143,160155.65000000002,304.0,30,5338.521666666667,278529.47,561.0,60,4642.157833333333,402871.02,816.0,90,4476.344666666667,4873.05,2451.39538663334,0.4591899292906631,0.19260737592890154,526.8277960526317,0.34219273562937047,181,0.292817679558011,53,0,4,2,30,20,152.15,5.6,182355.71999999997,291.0
BELGARD_BARBERS_001,2026-04-21,23576.170000000006,48.0,7,3368.0242857142866,63764.41999999999,129.0,14,4554.601428571428,154387.55000000002,300.0,30,5146.251666666667,278232.22000000003,561.0,60,4637.203666666667,402076.52,816.0,90,4467.516888888889,4724.425,2472.3016750403303,0.48040823402670685,0.15192662829453463,514.6251666666667,0.30407471327836993,182,0.27472527472527475,50,1,4,2,30,21,152.15,5.6,186232.06999999998,296.0
BELGARD_BARBERS_001,2026-04-22,23078.920000000006,47.0,7,3296.9885714285724,62669.37,126.0,14,4476.3835714285715,150707.90000000002,294.0,30,5023.596666666667,271866.32000000007,551.0,60,4531.105333333335,400884.22000000003,814.0,90,4454.269111111112,4724.425,2586.2127314825093,0.5148129722760072,0.1278161559963622,512.6119047619048,0.3114989327035942,180,0.26666666666666666,48,2,4,2,30,22,152.15,5.6,191602.37,306.0
BELGARD_BARBERS_001,2026-04-23,23079.55,52.0,7,3297.078571428571,61674.32,126.0,14,4405.308571428572,150311.75,295.0,30,5010.391666666666,270575.12000000005,553.0,60,4509.585333333334,399692.47,816.0,90,4441.027444444444,4724.425,2589.9874356208547,0.516923148513843,0.12820551760707422,509.5313559322034,0.31231989515124403,178,0.2808988764044944,50,3,4,2,30,23,152.15,5.6,191103.47,304.0
BELGARD_BARBERS_001,2026-04-24,27554.799999999996,60.0,7,3936.399999999999,62668.82,127.0,14,4476.344285714285,154380.31,301.0,30,5146.010333333334,272860.26999999996,556.0,60,4547.671166666666,400884.76999999996,816.0,90,4454.275222222222,4873.05,2555.8773112018807,0.49667162435453344,0.15529689491571386,512.8913953488372,0.304088973522595,177,0.288135593220339,51,4,4,2,30,24,152.15,5.6,190306.77000000002,303.0
BELGARD_BARBERS_001,2026-04-25,26960.3,61.0,7,3851.4714285714285,57300.17,119.0,14,4092.8692857142855,153388.01,299.0,30,5112.933666666667,271670.17,555.0,60,4527.836166666666,401583.67,817.0,90,4462.040777777777,4873.05,2568.1470179145163,0.502284438903898,0.14587336183266641,513.0033779264214,0.33006686767759746,177,0.2768361581920904,49,5,4,2,30,25,152.15,5.6,189607.32,301.0
BELGARD_BARBERS_001,2026-04-26,29250.95,69.0,7,4178.707142857143,55411.719999999994,121.0,14,3957.9799999999996,151948.19,305.0,30,5064.939666666667,276645.97000000003,567.0,60,4610.766166666667,407254.52,830.0,90,4525.050222222222,4873.05,2517.2743212258815,0.4969998631558325,0.11931126019178384,498.1907868852459,0.3796856678582351,182,0.2692307692307692,49,6,4,2,30,26,152.15,5.6,186023.82000000004,289.0
BELGARD_BARBERS_001,2026-04-27,30245.45,71.0,7,4320.778571428572,57002.92,125.0,14,4071.637142857143,152047.64,305.0,30,5068.254666666667,279727.82,572.0,60,4662.1303333333335,411232.52,839.0,90,4569.250222222223,4873.05,2518.394330191009,0.496895774940869,0.10920926195233771,498.51685245901643,0.34084711870568984,183,0.2786885245901639,51,0,4,2,30,27,152.15,5.6,183737.57000000004,285.0
BELGARD_BARBERS_001,2026-04-28,35613.55,81.0,7,5087.650000000001,59189.719999999994,129.0,14,4227.837142857143,153439.94,309.0,30,5114.664666666667,281965.45,577.0,60,4699.424166666667,415806.12,848.0,90,4620.068,4873.05,2549.0047563859553,0.49837182347424447,0.10705397986927179,496.5693851132686,0.29821798679014083,185,0.2702702702702703,50,1,4,2,30,28,152.15,5.6,178864.52,275.0
BELGARD_BARBERS_001,2026-04-29,37106.4,85.0,7,5300.914285714286,60185.31999999999,132.0,14,4298.951428571428,151550.39,306.0,30,5051.679666666667,276097.9,565.0,60,4601.631666666667,412873.72000000003,848.0,90,4587.485777777778,4873.05,2591.8712948684824,0.513071189365164,0.10118699247799068,495.2627124183007,0.30193620748847955,184,0.266304347826087,49,2,4,2,30,29,152.15,5.6,179759.57,277.0
BELGARD_BARBERS_001,2026-04-30,38795.4,83.0,7,5542.2,61874.95,135.0,14,4419.6392857142855,148268.54,304.0,30,4942.284666666667,274805.04999999993,557.0,60,4580.084166666666,414066.01999999996,848.0,90,4600.7335555555555,4873.05,2487.9843162002094,0.5034077322539648,0.07423840285179661,487.7254605263158,0.3086194144759232,183,0.26229508196721313,48,3,4,2,30,30,152.15,5.6,181850.22,283.0
BELGARD_BARBERS_001,2026-05-01,38694.850000000006,79.0,7,5527.835714285715,66249.65,139.0,14,4732.117857142856,149959.19,304.0,30,4998.639666666667,276144.6,555.0,60,4602.41,415507.22,847.0,90,4616.746888888889,5023.325,2500.3890085551134,0.5002138932375761,0.08271901990054475,493.2868092105263,0.30514001842768024,185,0.25405405405405407,47,4,5,2,31,1,154.56,6.7,178370.57,280.0
BELGARD_BARBERS_001,2026-05-02,39189.9,78.0,7,5598.557142857143,66150.20000000001,139.0,14,4725.014285714286,143592.18999999997,294.0,30,4786.406333333332,277239.64999999997,555.0,60,4620.660833333332,413319.32,843.0,90,4592.436888888889,4873.05,2281.216069739243,0.47660309444529886,0.04223671421892372,488.40880952380945,0.34776647671436733,177,0.2542372881355932,45,5,5,2,31,2,154.56,6.7,181055.71999999997,283.0
BELGARD_BARBERS_001,2026-05-03,36774.93,71.0,7,5253.561428571428,66025.88,140.0,14,4716.134285714286,138345.65,284.0,30,4611.5216666666665,280198.28,561.0,60,4669.971333333334,410608.2,840.0,90,4562.3133333333335,4711.4400000000005,2074.5566507908516,0.4498637978405938,0.010785829411102732,487.1325704225352,0.3945612312349539,172,0.2616279069767442,45,6,5,2,31,3,154.56,6.7,182174.54,284.0
BELGARD_BARBERS_001,2026-05-04,35780.43,71.0,7,5111.49,66025.88,142.0,14,4716.134285714286,137947.85,289.0,30,4598.261666666667,283877.93,570.0,60,4731.298833333333,412497.75,847.0,90,4583.308333333333,4711.4400000000005,2070.9325185385824,0.45037291669393514,0.0032625632503451296,477.32820069204155,0.3567690978873538,175,0.26857142857142857,47,0,5,2,31,4,154.56,6.7,179688.28999999998,277.0
BELGARD_BARBERS_001,2026-05-05,36974.93,66.0,7,5282.132857142858,72588.48000000001,147.0,14,5184.891428571429,144015.40000000002,296.0,30,4800.513333333334,290042.73000000004,575.0,60,4834.045500000001,420255.94999999995,856.0,90,4669.510555555555,4873.05,2158.9210168621016,0.4497271160296957,0.028054927003413388,486.5385135135136,0.32378363702770674,178,0.2640449438202247,47,1,5,2,31,5,154.56,6.7,177402.86000000002,277.0
BELGARD_BARBERS_001,2026-05-06,38067.78,65.0,7,5438.254285714285,75174.18000000001,150.0,14,5369.584285714286,141625.95,287.0,30,4720.865000000001,292728.98,579.0,60,4878.816333333333,417171.89999999997,848.0,90,4635.243333333333,4711.4400000000005,2162.021984952589,0.457971576173559,0.018471881735083517,493.47020905923347,0.3292463704568266,178,0.25280898876404495,45,2,5,2,31,6,154.56,6.7,178992.96000000002,280.0
BELGARD_BARBERS_001,2026-05-07,41548.53,68.0,7,5935.504285714285,80343.93000000001,151.0,14,5738.852142857143,149083.6,294.0,30,4969.453333333334,300087.18,586.0,60,5001.4529999999995,421247.1499999999,848.0,90,4680.523888888888,4873.05,2238.2731309833976,0.4504063084705623,0.061730150577873566,507.08707482993196,0.3127763885497801,182,0.25824175824175827,47,3,5,2,31,7,154.56,6.7,175713.31000000003,282.0
BELGARD_BARBERS_001,2026-05-08,40060.079999999994,69.0,7,5722.86857142857,78754.93000000001,148.0,14,5625.352142857143,151968.75000000003,298.0,30,5065.625000000001,300985.5299999999,588.0,60,5016.4254999999985,418660.35,841.0,90,4651.781666666667,4924.425,2169.1565480277504,0.4282110397093646,0.08896447920133843,509.96224832214773,0.30683828089656584,181,0.27071823204419887,49,4,5,2,31,8,154.56,6.7,177701.21000000005,288.0
BELGARD_BARBERS_001,2026-05-09,40905.13,72.0,7,5843.589999999999,80095.03000000001,150.0,14,5721.073571428572,151917.65,298.0,30,5063.921666666666,303522.3299999999,593.0,60,5058.705499999998,419454.8499999999,842.0,90,4660.609444444443,4924.425,2169.1692481240884,0.42835758349159997,0.08653636976661505,509.7907718120805,0.3400057860294706,183,0.273224043715847,50,5,5,2,31,9,154.56,6.7,174171.01000000004,281.0
BELGARD_BARBERS_001,2026-05-10,41725.6,73.0,7,5960.8,78500.53,144.0,14,5607.180714285714,151916.55,297.0,30,5063.884999999999,305709.12999999995,596.0,60,5095.152166666666,422934.49999999994,847.0,90,4699.272222222222,4924.425,2169.1623785657453,0.4283593285719849,0.07758920116471923,511.5035353535353,0.37601321251700365,184,0.2608695652173913,48,6,5,2,31,10,154.56,6.7,171485.86000000004,275.0
BELGARD_BARBERS_001,2026-05-11,41137.950000000004,69.0,7,5876.85,76918.38,140.0,14,5494.17,147249.80000000002,288.0,30,4908.326666666667,305119.27999999997,591.0,60,5085.321333333332,424335.85,848.0,90,4714.842777777778,4824.975,2041.1698320282471,0.41585859512778567,0.041037187878422365,511.28402777777785,0.32645905121772656,182,0.25274725274725274,46,0,5,2,31,11,154.56,6.7,168792.76000000004,271.0
BELGARD_BARBERS_001,2026-05-12,35867.100000000006,66.0,7,5123.8714285714295,72842.03,132.0,14,5203.002142857143,141679.5,281.0,30,4722.65,303426.98000000004,590.0,60,5057.116333333334,426125.94999999995,852.0,90,4734.732777777777,4711.4400000000005,1914.231353936439,0.40532992153482456,-0.0025519450293979284,504.19750889679716,0.27610437642707664,179,0.2346368715083799,42,1,5,2,31,12,154.56,6.7,177742.16000000003,280.0
BELGARD_BARBERS_001,2026-05-13,69433.67,72.0,7,9919.095714285713,107501.45,137.0,14,7678.675,174352.12,285.0,30,5811.7373333333335,335601.8,592.0,60,5593.363333333333,458102.42,856.0,90,5090.026888888889,4824.975,6107.864370010701,1.0509532726090227,0.14178912217927175,611.7618245614035,0.22436394808391205,183,0.22404371584699453,41,2,5,2,31,13,154.56,6.7,158196.94,275.0
BELGARD_BARBERS_001,2026-05-14,66550.72,67.0,7,9507.245714285715,108099.25,135.0,14,7721.375,175446.06999999998,280.0,30,5848.202333333333,335900.15,584.0,60,5598.3358333333335,461882.62000000005,857.0,90,5132.029111111112,4824.975,6107.79843010157,1.0443890416185848,0.1395497193637636,626.5931071428571,0.22296498291469286,181,0.20994475138121546,38,3,5,2,31,14,154.56,6.7,156803.54,279.0
BELGARD_BARBERS_001,2026-05-15,66150.72,68.0,7,9450.102857142858,106210.8,137.0,14,7586.4857142857145,178529.02000000002,287.0,30,5950.967333333334,336994.10000000003,587.0,60,5616.568333333334,460092.52,853.0,90,5112.139111111112,4824.975,6057.7111891131135,1.0179372276473224,0.1640855626168407,622.0523344947736,0.219114685108337,179,0.24022346368715083,43,4,5,2,31,15,154.56,6.7,158595.84,283.0
BELGARD_BARBERS_001,2026-05-16,66051.54,67.0,7,9435.934285714286,106956.66999999998,139.0,14,7639.762142857142,179374.41999999998,291.0,30,5979.147333333332,339928.97000000003,592.0,60,5665.4828333333335,460938.93999999994,855.0,90,5121.543777777777,4900.110000000001,6050.897467367923,1.0120000612185267,0.16745020500980012,616.406941580756,0.2455322224874651,184,0.23369565217391305,43,5,5,2,31,16,154.56,6.7,156557.12,277.0
BELGARD_BARBERS_001,2026-05-17,67443.84,67.0,7,9634.834285714285,109169.43999999999,140.0,14,7797.817142857142,184246.37,297.0,30,6141.545666666667,345498.17,600.0,60,5758.302833333333,465363.63999999996,862.0,90,5170.707111111111,4948.1849999999995,6006.87557928173,0.9780722810357235,0.18775740622967452,620.3581481481482,0.27628359788038165,189,0.2275132275132275,43,6,5,2,31,17,154.56,6.7,154667.56999999998,276.0
BELGARD_BARBERS_001,2026-05-18,63058.990000000005,59.0,6,9008.427142857143,104196.94,128.0,13,7442.638571428572,179968.91999999998,289.0,29,5998.963999999999,338336.67,589.0,59,5638.9445,459890.69,847.0,89,5109.896555555556,4948.1849999999995,6099.482140095502,1.016755916537506,0.17398932341944096,622.7298269896194,0.2590825126916359,186,0.22580645161290322,42,0,5,2,31,18,154.56,6.7,157750.52,282.0
BELGARD_BARBERS_001,2026-05-19,65146.340000000004,59.0,6,9306.62,101013.44,125.0,13,7215.245714285715,180665.06999999998,288.0,29,6022.168999999999,340820.72,589.0,59,5680.345333333333,462178.04,850.0,89,5135.311555555555,4972.5,6096.099484328401,1.0122763881798074,0.17269788499687255,627.3092708333332,0.23166182594122928,191,0.19895287958115182,38,1,5,2,31,19,154.56,6.7,156262.62000000002,285.0
BELGARD_BARBERS_001,2026-05-20,34761.07,60.0,6,4965.867142857142,104194.74,132.0,13,7442.481428571429,182355.71999999997,291.0,29,6078.523999999999,342511.37000000005,595.0,59,5708.522833333334,460885.19000000006,852.0,89,5120.946555555556,4997.775,6093.949575157641,1.002537717241495,0.18699227458361123,626.6519587628865,0.2295140508891084,194,0.211340206185567,41,2,5,2,31,20,154.56,6.7,151986.27000000002,277.0
BELGARD_BARBERS_001,2026-05-21,34362.17,64.0,6,4908.881428571428,100912.89,131.0,13,7208.063571428572,186232.06999999998,296.0,29,6207.735666666666,340619.62,596.0,59,5676.993666666666,464464.29000000004,857.0,89,5160.714333333333,5246.4,6048.95327489403,0.9744218503656268,0.20288302465621189,629.1623986486486,0.22473680285033615,195,0.22564102564102564,44,3,5,2,31,21,154.56,6.7,150296.72000000003,275.0
BELGARD_BARBERS_001,2026-05-22,36152.27,66.0,6,5164.61,102302.98999999999,134.0,13,7307.356428571428,191602.37,306.0,29,6386.745666666667,342310.2700000001,600.0,59,5705.171166666668,463468.69,857.0,89,5149.6521111111115,5469.75,5968.0377549384875,0.9344411170287436,0.24022856862240238,626.1515359477124,0.21843779907315342,196,0.24489795918367346,48,4,5,2,31,22,154.56,6.7,147610.47000000003,270.0
BELGARD_BARBERS_001,2026-05-23,34808.6,65.0,6,4972.657142857142,100860.13999999998,132.0,13,7204.295714285713,191103.47,304.0,29,6370.115666666667,341415.22000000003,599.0,59,5690.253666666667,461678.59,857.0,89,5129.762111111111,5469.75,5975.135738152277,0.9379948576787659,0.24179553138905563,628.6298355263158,0.23774241252657524,195,0.24615384615384617,48,5,5,2,31,23,154.56,6.7,149698.92,273.0
BELGARD_BARBERS_001,2026-05-24,33615.200000000004,66.0,6,4802.171428571429,101059.03999999998,133.0,13,7218.502857142856,190306.77000000002,303.0,29,6343.559,344687.0800000001,604.0,59,5744.784666666668,463167.0400000001,859.0,89,5146.300444444446,5469.75,5976.423789879891,0.9421247268102797,0.23264451201018077,628.0751485148515,0.26852460372271564,196,0.2602040816326531,51,6,5,2,31,24,154.56,6.7,150593.97000000003,270.0
BELGARD_BARBERS_001,2026-05-25,36598.700000000004,73.0,7,5228.385714285715,99657.68999999997,132.0,13,7118.406428571427,189607.32,301.0,29,6320.244000000001,342995.3300000001,600.0,59,5716.588833333334,461277.49000000005,856.0,89,5125.305444444445,5469.75,5988.110687139753,0.947449289479924,0.23314484736725394,629.9246511627907,0.25009108298139543,194,0.25773195876288657,50,0,5,2,31,25,154.56,6.7,150593.97000000003,270.0
BELGARD_BARBERS_001,2026-05-26,34609.7,70.0,7,4944.242857142856,99756.04,129.0,13,7125.431428571428,186023.82000000004,289.0,29,6200.794000000001,337972.01,594.0,59,5632.8668333333335,462669.79,856.0,89,5140.7754444444445,5246.4,6007.787224972048,0.9688738611494023,0.20619818294166148,643.6810380622838,0.21693377762052188,186,0.25806451612903225,48,1,5,2,31,26,154.56,6.7,148506.62,269.0
BELGARD_BARBERS_001,2026-05-27,31627.300000000003,65.0,7,4518.185714285714,66388.37,125.0,13,4742.026428571428,183737.57000000004,285.0,29,6124.585666666668,335785.21,590.0,59,5596.420166666667,463465.39,857.0,89,5149.615444444445,4997.775,6024.74605562076,0.9836985526075193,0.18932874361988516,644.6932280701756,0.2196330886492076,182,0.25824175824175827,47,2,5,2,31,27,154.56,6.7,151489.02,277.0
BELGARD_BARBERS_001,2026-05-28,28246.0,60.0,7,4035.1428571428573,62608.16999999999,124.0,13,4472.012142857142,178864.52,275.0,29,5962.150666666666,332304.46,584.0,59,5538.407666666667,460829.97000000003,852.0,89,5120.3330000000005,4948.1849999999995,6052.214785950089,1.015105978415969,0.16440682015538166,650.4164363636363,0.22561685235283108,175,0.2571428571428571,45,3,5,2,31,28,154.56,6.7,159146.67,287.0
BELGARD_BARBERS_001,2026-05-29,25263.6,56.0,7,3609.085714285714,61415.87,122.0,13,4386.847857142858,179759.57,277.0,29,5991.9856666666665,331309.95999999996,583.0,59,5521.832666666666,455857.47000000003,842.0,89,5065.0830000000005,4948.1849999999995,6036.713311440082,1.0074645780650369,0.18299851486474483,648.9515162454874,0.22449347203044598,178,0.25842696629213485,46,4,5,2,31,29,154.56,6.7,162826.87,295.0
BELGARD_BARBERS_001,2026-05-30,29542.15,62.0,7,4220.307142857143,64350.75,127.0,13,4596.482142857143,181850.22,283.0,29,6061.674,330118.75999999995,587.0,59,5501.979333333333,456655.26999999996,840.0,89,5073.947444444444,4948.1849999999995,6045.787013852208,0.9973791091127975,0.1946662960880754,642.5802826855123,0.2651280817807094,176,0.2840909090909091,50,5,5,2,31,30,154.56,6.7,160888.41999999998,290.0
BELGARD_BARBERS_001,2026-05-31,26758.65,56.0,7,3822.664285714286,60373.850000000006,122.0,13,4312.417857142857,178370.57,280.0,29,5945.685666666667,328329.76,584.0,59,5472.162666666667,454515.17000000004,835.0,89,5050.168555555556,4900.110000000001,6072.179836633454,1.0212749507892676,0.17732420240230917,637.0377500000001,0.28647522963008976,178,0.2696629213483146,48,6,5,2,31,31,154.56,6.7,163275.77,296.0
BELGARD_BARBERS_001,2026-06-01,30638.300000000003,60.0,7,4376.900000000001,67237.0,133.0,14,4802.642857142857,181055.71999999997,283.0,29,6035.1906666666655,324647.91000000003,577.0,59,5410.798500000001,458295.37000000005,838.0,89,5092.170777777778,4948.1849999999995,6065.250016524701,1.0049806794048874,0.18519015367752867,639.7728621908126,0.2591508846006081,184,0.25,46,0,6,2,30,1,154.91,6.4,162579.62,296.0
BELGARD_BARBERS_001,2026-06-02,32925.65,66.0,7,4703.664285714286,67535.35,136.0,14,4823.953571428572,182174.54,284.0,29,6072.484666666667,320520.19000000006,568.0,59,5342.003166666667,462372.82,845.0,89,5137.475777777778,4997.775,6060.0511457240655,0.9979524821180937,0.1819977220979383,641.459647887324,0.23203829689922642,185,0.23783783783783785,44,1,6,2,30,2,154.91,6.4,163076.87,298.0
BELGARD_BARBERS_001,2026-06-03,31731.15,63.0,7,4533.021428571429,63358.450000000004,128.0,14,4525.603571428572,179688.28999999998,277.0,29,5989.609666666666,317636.14,566.0,59,5293.935666666667,463566.22,847.0,89,5150.735777777778,4973.46,6091.4466303511645,1.017002270490386,0.1628648653476088,648.6941877256317,0.23524888572315986,184,0.21739130434782608,40,2,6,2,30,3,154.91,6.4,166261.47,304.0
BELGARD_BARBERS_001,2026-06-04,35513.27,68.0,7,5073.324285714285,63759.270000000004,128.0,14,4554.233571428572,177402.86000000002,277.0,29,5913.428666666668,321418.26,573.0,59,5356.9710000000005,467445.59,852.0,89,5193.83988888889,4973.46,6071.917924347974,1.026801584430145,0.1385465846410061,640.4435379061373,0.23827952942810504,186,0.21505376344086022,40,3,6,2,30,4,154.91,6.4,167752.4,309.0
BELGARD_BARBERS_001,2026-06-05,37301.17,68.0,7,5328.738571428571,62564.77,124.0,14,4468.9121428571425,178992.96000000002,280.0,29,5966.432000000001,320618.91,567.0,59,5343.648499999999,471721.94000000006,859.0,89,5241.35488888889,5047.5,6057.383509223764,1.0152438692377226,0.13833772497416574,639.2605714285716,0.23616275187582794,184,0.23369565217391305,43,4,6,2,30,5,154.91,6.4,171730.40000000002,314.0
BELGARD_BARBERS_001,2026-06-06,35411.62,67.0,7,5058.802857142858,64953.77,129.0,14,4639.554999999999,175713.31000000003,282.0,29,5857.110333333334,324796.91000000003,576.0,59,5413.281833333333,475800.49000000005,868.0,89,5286.672111111112,5047.5,6026.674185832781,1.028950086791851,0.10790119194707004,623.0968439716313,0.27454192286287243,186,0.23655913978494625,44,5,6,2,30,6,154.91,6.4,172076.82,312.0
BELGARD_BARBERS_001,2026-06-07,39390.72,77.0,7,5627.245714285715,66149.37,133.0,14,4724.955,177701.21000000005,288.0,29,5923.373666666668,329669.96,586.0,59,5494.499333333334,478686.74000000005,876.0,89,5318.741555555556,5270.85,6026.454919386401,1.0174024565257151,0.11367954332722907,617.0180902777779,0.3100987325860076,188,0.23404255319148937,44,6,6,2,30,7,154.91,6.4,169391.67,307.0
BELGARD_BARBERS_001,2026-06-08,34020.42,70.0,7,4860.0599999999995,64658.719999999994,130.0,14,4618.48,174171.01000000004,281.0,29,5805.700333333335,326088.66000000003,579.0,59,5434.811000000001,477693.34,874.0,89,5307.703777777778,5270.85,6077.138344420276,1.046753706788565,0.09382523524401698,619.8256583629894,0.2875442359781917,184,0.23369565217391305,43,0,6,2,30,8,154.91,6.4,170286.72,309.0
BELGARD_BARBERS_001,2026-06-09,31036.92,64.0,7,4433.845714285714,63962.56999999999,130.0,14,4568.754999999999,171485.86000000004,275.0,29,5716.195333333335,323402.41,572.0,59,5390.040166666667,477194.99,871.0,89,5302.1665555555555,4997.91,6101.153344419251,1.067345146314556,0.0780867167109196,623.5849454545456,0.2601504287292257,182,0.23626373626373626,43,1,6,2,30,9,154.91,6.4,172474.62000000002,316.0
BELGARD_BARBERS_001,2026-06-10,30242.42,63.0,7,4320.345714285714,61973.56999999999,126.0,14,4426.683571428571,168792.76000000004,271.0,29,5626.4253333333345,316042.55999999994,559.0,59,5267.375999999999,473912.04000000004,862.0,89,5265.689333333334,4997.91,6139.77221135808,1.091238548032169,0.06850689001275434,622.8515129151293,0.2643011465657649,181,0.22099447513812154,40,2,6,2,30,10,154.91,6.4,178541.07000000004,324.0
BELGARD_BARBERS_001,2026-06-11,36206.4,69.0,7,5172.342857142858,71719.67,137.0,14,5122.833571428571,177742.16000000003,280.0,29,5924.738666666668,319421.66,561.0,59,5323.694333333333,481169.13999999996,870.0,89,5346.323777777778,5270.85,6240.087495645518,1.0532257786749384,0.10818927415004231,634.7934285714286,0.25099346154001945,189,0.21693121693121692,41,3,6,2,30,11,154.91,6.4,171878.47000000003,319.0
BELGARD_BARBERS_001,2026-06-12,48637.65000000001,67.0,7,6948.235714285715,85938.81999999999,135.0,14,6138.487142857142,158196.94,275.0,29,5273.231333333333,332549.05999999994,560.0,59,5542.484333333332,493798.74,867.0,89,5486.652666666667,5270.85,3270.087315584232,0.6201296906724426,-0.038898276654168895,575.2616,0.2820036847741808,186,0.20967741935483872,39,4,6,2,30,12,154.91,6.4,162133.47000000003,327.0
BELGARD_BARBERS_001,2026-06-13,47640.95,64.0,7,6805.849999999999,83052.57,131.0,14,5932.3264285714295,156803.54,279.0,29,5226.784666666667,332249.61,559.0,59,5537.4935,492703.69,863.0,89,5474.4854444444445,5022.225,3264.127894148485,0.6245001664149581,-0.045246403573717786,562.0198566308244,0.31622130469758525,186,0.21505376344086022,40,5,6,2,30,13,154.91,6.4,164719.17000000004,329.0
BELGARD_BARBERS_001,2026-06-14,47045.35,63.0,7,6720.7642857142855,86436.06999999999,140.0,14,6174.004999999999,158595.84,283.0,29,5286.528,337124.86,570.0,59,5618.747666666666,495589.94000000006,870.0,89,5506.55488888889,5270.85,3266.2474926041145,0.6178436002994998,-0.03995726789773024,560.4093286219081,0.3521736131288185,188,0.22340425531914893,42,6,6,2,30,14,154.91,6.4,163026.32000000004,323.0
BELGARD_BARBERS_001,2026-06-15,48437.65000000001,63.0,7,6919.664285714287,82458.06999999999,133.0,14,5889.862142857142,156557.12,277.0,29,5218.5706666666665,335931.54000000004,568.0,59,5598.859,496486.09,869.0,89,5516.512111111111,5270.85,3294.175314033275,0.6312409133548078,-0.0540090257110728,565.1881588447653,0.3253087435435706,187,0.20855614973262032,39,0,6,2,30,15,154.91,6.4,162130.17000000004,322.0
BELGARD_BARBERS_001,2026-06-16,50625.55,68.0,7,7232.221428571429,81662.46999999999,132.0,14,5833.03357142857,154667.56999999998,276.0,29,5155.585666666666,338913.94000000006,573.0,59,5648.565666666667,500165.74,876.0,89,5557.397111111111,5022.225,3280.184157100212,0.6362389007146513,-0.07230209330211235,560.3897463768116,0.28491654714689063,185,0.21081081081081082,39,1,6,2,30,16,154.91,6.4,162034.02000000002,323.0
BELGARD_BARBERS_001,2026-06-17,52016.75,70.0,7,7430.964285714285,82259.16999999998,133.0,14,5875.654999999999,157750.52,282.0,30,5258.350666666666,337719.44,571.0,59,5628.657333333334,496087.19,871.0,89,5512.0798888888885,5022.225,3163.2640253298846,0.6015696224639802,-0.04603148490893305,559.3990070921985,0.27934836601489493,188,0.21808510638297873,41,2,6,2,30,17,154.91,6.4,165417.52000000005,331.0
BELGARD_BARBERS_001,2026-06-18,43666.799999999996,64.0,7,6238.114285714285,79873.2,133.0,14,5705.228571428571,156262.62000000002,285.0,30,5208.754000000001,336927.69,573.0,59,5615.4615,497083.33999999997,874.0,89,5523.148222222222,4972.5,3171.2150574184243,0.6088241175180137,-0.05692301013347156,548.2898947368421,0.2820082627566336,187,0.24064171122994651,45,3,6,2,30,18,154.91,6.4,167701.02000000002,332.0
BELGARD_BARBERS_001,2026-06-19,28550.399999999998,62.0,7,4078.628571428571,77188.05000000002,129.0,14,5513.432142857144,151986.27000000002,277.0,30,5066.209000000001,334341.98999999993,568.0,59,5572.366499999999,494497.63999999996,872.0,89,5494.418222222222,4477.175,3198.628521488911,0.6313652913823552,-0.0779353163343709,548.6868953068592,0.28994296655875557,182,0.21428571428571427,39,4,6,2,30,19,154.91,6.4,170585.07000000004,338.0
BELGARD_BARBERS_001,2026-06-20,27855.35,60.0,7,3979.335714285714,75496.3,124.0,14,5392.592857142858,150296.72000000003,275.0,30,5009.890666666668,336528.79,571.0,59,5608.813166666666,490916.33999999997,871.0,89,5454.625999999999,4129.65,3197.1461036826095,0.6381668416348557,-0.08153360713151214,546.5335272727274,0.3216623755994142,182,0.1978021978021978,36,5,6,2,30,20,154.91,6.4,169590.57000000004,337.0
BELGARD_BARBERS_001,2026-06-21,25166.9,53.0,7,3595.2714285714287,72212.25,116.0,14,5158.017857142857,147610.47000000003,270.0,30,4920.349000000001,339212.83999999997,576.0,59,5653.547333333333,489920.74,870.0,89,5443.563777777777,3831.3,3198.3164268662244,0.6500182053887282,-0.09611622075848403,546.7054444444445,0.35177044013205827,179,0.18994413407821228,34,6,6,2,30,21,154.91,6.4,171681.22000000006,340.0
BELGARD_BARBERS_001,2026-06-22,27950.4,61.0,7,3992.914285714286,76388.04999999999,124.0,14,5456.289285714285,149698.92,273.0,30,4989.964000000001,340802.39,577.0,59,5680.039833333333,491114.14,872.0,89,5456.823777777778,4129.65,3191.109559325304,0.6395055273595768,-0.08555522347615552,548.3476923076923,0.32294688565555446,180,0.19444444444444445,35,0,6,2,30,22,154.91,6.4,170388.37000000002,335.0
BELGARD_BARBERS_001,2026-06-23,29541.600000000002,60.0,7,4220.228571428572,80167.15,128.0,14,5726.224999999999,150593.97000000003,270.0,30,5019.799000000001,340900.74000000005,573.0,59,5681.679000000001,495281.05000000005,874.0,89,5503.1227777777785,4129.65,3201.482641333908,0.6377710823349515,-0.08782718418158741,557.7554444444446,0.2833855166976472,175,0.2,35,1,6,2,30,23,154.91,6.4,167904.32,336.0
BELGARD_BARBERS_001,2026-06-24,29442.15,61.0,7,4206.021428571429,81458.9,131.0,14,5818.492857142856,150593.97000000003,270.0,30,5019.799000000001,340201.29000000004,571.0,59,5670.021500000001,493589.29999999993,870.0,89,5484.325555555555,4129.65,3201.482641333908,0.6377710823349515,-0.08470076235445112,557.7554444444446,0.2833855166976472,177,0.20903954802259886,37,2,6,2,30,24,154.91,6.4,171585.07,342.0
BELGARD_BARBERS_001,2026-06-25,26853.700000000004,54.0,7,3836.2428571428577,70520.49999999999,118.0,14,5037.178571428571,148506.62,269.0,30,4950.220666666666,334530.44000000006,558.0,59,5575.507333333334,486478.62999999995,863.0,89,5405.318111111111,4129.65,3256.3865282016027,0.6578265389519208,-0.0841943869147963,552.069219330855,0.28736867083770407,176,0.21022727272727273,37,3,6,2,30,25,154.91,6.4,183915.77000000002,358.0
BELGARD_BARBERS_001,2026-06-26,31130.050000000003,65.0,7,4447.150000000001,59680.45,127.0,14,4262.8892857142855,151489.02,277.0,30,5049.634,335226.59,562.0,59,5587.109833333334,487274.23000000004,867.0,89,5414.158111111112,4624.975,3261.6339332391876,0.6459149184355119,-0.06732793975170825,546.8917689530685,0.28171117616313046,178,0.21910112359550563,39,4,6,2,30,26,154.91,6.4,184115.77000000002,353.0
BELGARD_BARBERS_001,2026-06-27,37095.950000000004,72.0,7,5299.421428571429,64951.299999999996,132.0,14,4639.378571428571,159146.67,287.0,30,5304.889,338011.19,562.0,59,5633.519833333334,491451.13,871.0,89,5460.568111111111,4972.5,3357.0658771972794,0.632824904950373,-0.028509691289141936,554.5180139372823,0.3325203097243567,180,0.2388888888888889,43,5,6,2,30,27,154.91,6.4,181033.92,347.0
BELGARD_BARBERS_001,2026-06-28,40480.0,81.0,7,5782.857142857143,65646.9,134.0,14,4689.064285714286,162826.87,295.0,30,5427.562333333333,342586.44,572.0,59,5709.774,494136.82999999996,878.0,89,5490.409222222222,5022.225,3348.208303846187,0.6168898850379277,-0.011446667515149445,551.9554915254237,0.3677756011645989,184,0.2391304347826087,44,6,6,2,30,28,154.91,6.4,179540.52000000002,340.0
BELGARD_BARBERS_001,2026-06-29,40731.65,79.0,7,5818.807142857143,68682.05,140.0,14,4905.8607142857145,160888.41999999998,290.0,30,5362.947333333333,342738.64,573.0,59,5712.310666666667,491007.17999999993,877.0,89,5455.635333333333,5022.225,3319.246045761932,0.6189219918553366,-0.01698940532804427,554.7876551724138,0.3233607490209675,183,0.22950819672131148,42,0,6,2,30,29,154.91,6.4,177847.94,336.0
BELGARD_BARBERS_001,2026-06-30,39440.450000000004,82.0,7,5634.35,68982.05,142.0,14,4927.289285714286,163275.77,296.0,30,5442.525666666666,341646.33999999997,576.0,59,5694.105666666666,491605.52999999997,880.0,89,5462.283666666666,5172.225,3287.3522736397686,0.6040122683800117,-0.0036171684236342427,551.607331081081,0.30096229220049003,187,0.23529411764705882,44,1,6,2,30,30,154.91,6.4,179439.69,336.0
BELGARD_BARBERS_001,2026-07-01,42623.95,86.0,7,6089.135714285714,72066.1,147.0,14,5147.578571428572,162579.62,296.0,30,5419.3206666666665,343635.33999999997,579.0,59,5727.255666666666,487227.5299999999,873.0,89,5413.639222222221,5172.225,3279.690455579544,0.6051847929487492,0.0010494686127446862,549.2554729729729,0.30225098324131894,182,0.23626373626373626,43,2,7,3,31,1,155.2,6.5,180335.84000000003,341.0
BELGARD_BARBERS_001,2026-07-02,47495.9,95.0,7,6785.128571428571,74349.6,149.0,14,5310.685714285714,163076.87,298.0,30,5435.895666666666,345251.41,582.0,59,5754.190166666666,483597.05999999994,866.0,89,5373.300666666666,5172.225,3282.6664020951866,0.6038869403297696,0.011649264368976953,547.2378187919463,0.30132936694210527,184,0.23369565217391305,43,3,7,3,31,2,155.2,6.5,184016.59000000003,348.0
BELGARD_BARBERS_001,2026-07-03,46503.59999999999,90.0,7,6643.371428571428,77633.65000000002,155.0,14,5545.260714285716,166261.47,304.0,30,5542.049,345949.75999999995,581.0,59,5765.829333333332,483897.6099999999,870.0,89,5376.64011111111,5470.575000000001,3236.735491704927,0.5840322760958857,0.03076435942719402,546.9127302631579,0.2955576538569038,187,0.23529411764705882,44,4,7,3,31,3,155.2,6.5,185307.24,352.0
BELGARD_BARBERS_001,2026-07-04,44119.0,90.0,7,6302.714285714285,81214.95000000001,162.0,14,5801.067857142858,167752.4,309.0,30,5591.746666666667,345155.25999999995,586.0,59,5752.587666666665,489170.66,882.0,89,5435.229555555556,5470.575000000001,3260.3926621122732,0.5830723129050207,0.02879678024843102,542.8880258899676,0.3397781492246907,189,0.24338624338624337,46,5,7,3,31,4,155.2,6.5,183216.59000000003,346.0
BELGARD_BARBERS_001,2026-07-05,46204.7,87.0,7,6600.671428571428,86684.7,168.0,14,6191.7642857142855,171730.40000000002,314.0,30,5724.346666666667,350723.36,594.0,59,5845.3893333333335,492349.31,881.0,89,5470.547888888889,5669.75,3316.9579851357107,0.5794474336172938,0.04639366713035509,546.9121019108281,0.3846060452895934,190,0.25263157894736843,48,6,7,3,31,5,155.2,6.5,177746.84000000003,337.0
BELGARD_BARBERS_001,2026-07-06,46600.02,89.0,7,6657.145714285713,87331.66999999998,168.0,14,6237.976428571427,172076.82,312.0,30,5735.894,347790.13,594.0,59,5796.502166666667,496873.73000000004,888.0,89,5520.819222222222,5669.75,3318.392979678166,0.5785310850720333,0.038957040453718506,551.5282692307693,0.3491426096786307,189,0.26455026455026454,50,0,7,3,31,6,155.2,6.5,173619.12000000002,329.0
BELGARD_BARBERS_001,2026-07-07,45506.62,88.0,7,6500.9457142857145,84947.06999999999,170.0,14,6067.647857142857,169391.67,307.0,30,5646.389,347092.87999999995,595.0,59,5784.881333333333,499061.62999999995,893.0,89,5545.129222222222,5470.575000000001,3322.9607529644904,0.5885107726308779,0.018261031207708944,551.7643973941368,0.3141541729885537,186,0.27419354838709675,51,1,7,3,31,7,155.2,6.5,174910.87000000002,326.0
BELGARD_BARBERS_001,2026-07-08,41727.520000000004,83.0,7,5961.074285714286,84351.47,169.0,14,6025.1050000000005,170286.72,309.0,30,5676.224,344457.73000000004,590.0,59,5740.962166666667,496375.38,888.0,89,5515.282,5470.575000000001,3289.382948690732,0.5795019626939902,0.029181100803186588,551.089708737864,0.31250293622426933,188,0.2765957446808511,52,2,7,3,31,8,155.2,6.5,183480.07,332.0
BELGARD_BARBERS_001,2026-07-09,40434.670000000006,82.0,7,5776.38142857143,87930.56999999999,177.0,14,6280.754999999999,172474.62000000002,316.0,30,5749.154,343960.48,591.0,59,5732.674666666667,495877.03,888.0,89,5509.744777777778,5470.575000000001,3248.463124093813,0.5650332421246348,0.04345196227379211,545.805759493671,0.30853872877064464,194,0.26288659793814434,51,3,7,3,31,9,155.2,6.5,187980.62,336.0
BELGARD_BARBERS_001,2026-07-10,42522.020000000004,83.0,7,6074.574285714286,89025.62,173.0,14,6358.972857142857,178541.07000000004,324.0,30,5951.3690000000015,347333.83,595.0,59,5788.897166666667,494583.62999999995,883.0,89,5495.373666666666,5669.75,3177.6426874968706,0.5339347446775473,0.08297803952791605,551.0526851851853,0.29805523177384335,200,0.255,51,4,7,3,31,10,155.2,6.5,184906.47,333.0
BELGARD_BARBERS_001,2026-07-11,40332.47,79.0,7,5761.7814285714285,84451.46999999999,169.0,14,6032.247857142856,171878.47000000003,319.0,30,5729.2823333333345,349620.6300000001,599.0,59,5827.010500000002,491300.12999999995,880.0,89,5458.890333333333,5668.925,2948.5162169896953,0.5146397132211546,0.04953241107426565,538.8039811912226,0.3425926470022685,196,0.25510204081632654,50,5,7,3,31,11,155.2,6.5,183632.87,331.0
BELGARD_BARBERS_001,2026-07-12,39040.72,80.0,7,5577.245714285715,85245.42,167.0,14,6088.958571428571,162133.47000000003,327.0,30,5404.449000000001,320330.4100000001,602.0,59,5338.840166666668,494682.52999999997,887.0,89,5496.472555555555,5668.925,2025.9837552727317,0.3748733229368491,-0.01674229328454313,495.821009174312,0.4110348097774012,199,0.2613065326633166,52,6,7,3,31,12,155.2,6.5,180474.66999999998,328.0
BELGARD_BARBERS_001,2026-07-13,40283.3,81.0,7,5754.757142857144,86883.31999999999,170.0,14,6205.951428571428,164719.17000000004,329.0,30,5490.639000000001,321522.7100000001,608.0,59,5358.711833333335,496968.77999999997,888.0,89,5521.875333333333,5670.025,2060.48139397302,0.3752716931440985,-0.005656834218036644,500.6661702127661,0.37439479569985684,201,0.2537313432835821,51,0,7,3,31,13,155.2,6.5,177801.61999999997,324.0
BELGARD_BARBERS_001,2026-07-14,40680.0,79.0,7,5811.428571428572,86186.62,167.0,14,6156.187142857142,163026.32000000004,323.0,30,5434.210666666668,321622.16000000003,606.0,59,5360.369333333334,500151.17999999993,893.0,89,5557.235333333332,5668.925,2061.582012460226,0.379371014286569,-0.02213774643098876,504.72544891640877,0.3398307095443238,202,0.24257425742574257,49,1,7,3,31,14,155.2,6.5,176621.96999999997,323.0
BELGARD_BARBERS_001,2026-07-15,40281.100000000006,76.0,7,5754.442857142858,82008.62,159.0,14,5857.7585714285715,162130.17000000004,322.0,30,5404.339000000002,318687.2900000001,599.0,59,5311.454833333335,498061.7099999999,890.0,89,5534.018999999999,5668.925,2104.3495319953386,0.3893814825449214,-0.023433240832747004,503.50984472049703,0.34170907240768317,201,0.24378109452736318,49,2,7,3,31,15,155.2,6.5,191278.78999999998,343.0
BELGARD_BARBERS_001,2026-07-16,40184.950000000004,75.0,7,5740.7071428571435,80619.62,157.0,14,5758.544285714285,162034.02000000002,323.0,30,5401.134000000001,316701.59,599.0,59,5278.359833333334,500947.95999999996,896.0,89,5566.088444444444,5668.925,2105.0778915574597,0.38974739222494004,-0.029635613248130355,501.6533126934985,0.34191184048880596,205,0.21951219512195122,45,3,7,3,31,16,155.2,6.5,190690.34,339.0
BELGARD_BARBERS_001,2026-07-17,38893.2,77.0,7,5556.171428571428,81415.22,160.0,14,5815.372857142857,165417.52000000005,331.0,30,5513.917333333335,323168.04,613.0,60,5386.134,503136.9599999999,902.0,89,5590.410666666666,5670.025,2068.170742462903,0.3750819276814637,-0.013682954239735867,499.7508157099699,0.33491827226039894,207,0.21739130434782608,45,4,7,3,31,17,155.2,6.5,189307.93999999997,333.0
BELGARD_BARBERS_001,2026-07-18,39489.35,77.0,7,5641.335714285714,79821.82,156.0,14,5701.558571428572,167701.02000000002,332.0,30,5590.034000000001,323963.64,617.0,60,5399.394,504628.7099999999,905.0,89,5606.985666666666,5795.575000000001,2052.3443093993756,0.36714343944945155,-0.003023311931657391,505.12355421686755,0.36771809736160216,209,0.20095693779904306,42,5,7,3,31,18,155.2,6.5,187238.73999999996,330.0
BELGARD_BARBERS_001,2026-07-19,37002.0,73.0,7,5286.0,76042.72000000002,153.0,14,5431.622857142858,170585.07000000004,338.0,30,5686.169000000001,322571.34,615.0,60,5376.189,504927.05999999994,906.0,89,5610.300666666666,5795.575000000001,1965.768951751197,0.3457106096831094,0.013523042318231315,504.68955621301785,0.39239981552899084,211,0.20853080568720378,44,6,7,3,31,19,155.2,6.5,186953.03999999995,328.0
BELGARD_BARBERS_001,2026-07-20,32726.750000000004,68.0,7,4675.250000000001,73010.05,149.0,14,5215.003571428571,169590.57000000004,337.0,30,5653.019000000001,319887.29000000004,612.0,60,5331.454833333334,506119.3599999999,908.0,89,5623.548444444444,5795.575000000001,1997.3768782753546,0.35332923492303037,0.00524056222627034,503.236112759644,0.36947868032992626,210,0.22380952380952382,47,0,7,3,31,20,155.2,6.5,187864.59,328.0
BELGARD_BARBERS_001,2026-07-21,33821.8,70.0,7,4831.685714285714,74501.8,149.0,14,5321.557142857143,171681.22000000006,340.0,30,5722.707333333336,319291.69,610.0,60,5321.528166666667,510894.05999999994,916.0,89,5676.600666666666,5795.575000000001,1959.961540777324,0.3424885157696322,0.00812223183804539,504.9447647058825,0.3441255834505369,212,0.2169811320754717,46,1,7,3,31,21,155.2,6.5,184693.73999999996,322.0
BELGARD_BARBERS_001,2026-07-22,36208.600000000006,74.0,7,5172.657142857143,76489.7,150.0,14,5463.55,170388.37000000002,335.0,30,5679.612333333334,320087.29,608.0,60,5334.788166666666,511190.7599999999,912.0,89,5679.897333333332,5795.575000000001,1974.8333181844037,0.34770565353452293,-5.017696329223664e-05,508.62200000000007,0.3467366933553035,211,0.20853080568720378,44,2,7,3,31,22,155.2,6.5,183612.43999999997,322.0
BELGARD_BARBERS_001,2026-07-23,35411.9,73.0,7,5058.842857142858,75596.85,148.0,14,5399.775000000001,167904.32,336.0,30,5596.810666666667,318498.29000000004,606.0,60,5308.304833333334,508805.06,909.0,89,5653.3895555555555,5670.85,1988.0608979940453,0.35521317700355387,-0.010007958647266446,499.71523809523813,0.3518664677597336,214,0.205607476635514,44,3,7,3,31,23,155.2,6.5,184627.83999999997,324.0
BELGARD_BARBERS_001,2026-07-24,35609.7,72.0,7,5087.099999999999,74502.9,149.0,14,5321.635714285714,171585.07,342.0,30,5719.502333333334,322179.04000000004,612.0,60,5369.650666666667,511786.36,913.0,89,5686.515111111111,5795.575000000001,1935.8892940260184,0.33847163288029986,0.005800955695653975,501.7107309941521,0.3443184188461152,212,0.2169811320754717,46,4,7,3,31,24,155.2,6.5,189736.63999999998,332.0
BELGARD_BARBERS_001,2026-07-25,43068.450000000004,80.0,7,6152.635714285715,82557.8,157.0,14,5896.9857142857145,183915.77000000002,358.0,30,6130.525666666667,332422.39,627.0,60,5540.373166666667,518446.20999999996,916.0,89,5760.513444444444,6043.65,2256.25233334791,0.36803570460780655,0.06423250736079278,513.7312011173185,0.39585512433218745,217,0.23963133640552994,52,5,7,3,31,25,155.2,6.5,183548.24,329.0
BELGARD_BARBERS_001,2026-07-26,44660.75,80.0,7,6380.107142857143,81662.75,153.0,14,5833.053571428572,184115.77000000002,353.0,30,6137.192333333334,335604.79000000004,630.0,60,5593.413166666667,519342.36,915.0,89,5770.470666666666,6043.65,2258.110966804899,0.36793876485510696,0.0635514306978544,521.5744192634561,0.4327013921729789,214,0.24766355140186916,53,6,7,3,31,26,155.2,6.5,187655.38999999996,339.0
BELGARD_BARBERS_001,2026-07-27,48539.3,82.0,7,6934.185714285714,81266.05,150.0,14,5804.717857142858,181033.92,347.0,30,6034.464000000001,340180.59,634.0,60,5669.6765000000005,519045.11000000004,909.0,89,5767.167888888889,6043.65,2135.7593204800332,0.35392693045812074,0.04634789835511599,521.7115850144093,0.38348503970968534,211,0.24170616113744076,51,0,7,3,31,27,155.2,6.5,186579.59,340.0
BELGARD_BARBERS_001,2026-07-28,48339.3,81.0,7,6905.614285714286,82161.1,151.0,14,5868.650000000001,179540.52000000002,340.0,30,5984.684,342367.39,635.0,60,5706.123166666667,522126.95999999996,912.0,89,5801.410666666667,5795.575000000001,2130.906329348461,0.35605995727568257,0.03159116702190601,528.0603529411766,0.3478855358110804,207,0.2318840579710145,48,1,7,3,31,28,155.2,6.5,190288.94,346.0
BELGARD_BARBERS_001,2026-07-29,48191.22,80.0,7,6884.46,84399.82,154.0,14,6028.558571428572,177847.94,336.0,30,5928.264666666667,338736.36,626.0,60,5645.606,520586.57999999996,909.0,89,5784.295333333333,5670.85,2154.1443505976,0.3633684512619488,0.02488969270010788,529.3093452380953,0.3511963647147108,207,0.21739130434782608,45,2,7,3,31,29,155.2,6.5,188011.22,345.0
BELGARD_BARBERS_001,2026-07-30,50975.82,82.0,7,7282.26,86387.72,155.0,14,6170.551428571429,179439.69,336.0,30,5981.323,342715.45999999996,632.0,60,5711.9243333333325,521086.02999999997,912.0,89,5789.844777777777,5918.925,2156.9401331549125,0.3606125489552917,0.03307139130173975,534.0466964285714,0.34808101819614157,202,0.23267326732673269,47,3,7,3,31,30,155.2,6.5,190031.57000000004,351.0
BELGARD_BARBERS_001,2026-07-31,51374.72,85.0,7,7339.245714285715,86984.42,157.0,14,6213.172857142857,180335.84000000003,341.0,30,6011.194666666667,342915.45999999996,637.0,60,5715.257666666666,523971.18000000005,920.0,89,5821.902000000001,5968.1,2165.493218306526,0.360243402249912,0.03251388750045359,528.8441055718475,0.3463512854682685,208,0.23557692307692307,49,4,7,3,31,31,155.2,6.5,190456.32,350.0
BELGARD_BARBERS_001,2026-08-01,47596.72,85.0,7,6799.5314285714285,90665.17,165.0,14,6476.083571428571,184016.59000000003,348.0,30,6133.886333333334,347093.46,646.0,60,5784.8910000000005,529268.0,930.0,89,5880.7555555555555,5968.1,2277.777528298851,0.3713432894771364,0.04304392103811305,528.7833045977012,0.39347349062386167,212,0.24056603773584906,51,5,8,3,31,1,155.85,6.6,186296.47000000003,340.0
BELGARD_BARBERS_001,2026-08-02,47695.07,89.0,7,6813.581428571429,92355.82,169.0,14,6596.844285714286,185307.24,352.0,30,6176.907999999999,351568.71,656.0,60,5859.4785,531257.0,933.0,89,5902.855555555556,6290.485000000001,2280.8122082120954,0.36924820771364825,0.046427096490022635,526.4410227272728,0.4283003189729663,216,0.25,54,6,8,3,31,2,155.85,6.6,184223.42,334.0
BELGARD_BARBERS_001,2026-08-03,46301.67,89.0,7,6614.524285714286,94840.97000000002,171.0,14,6774.355000000001,183216.59000000003,346.0,30,6107.219666666668,350968.99,655.0,60,5849.483166666667,528371.85,932.0,89,5870.798333333333,6016.725,2260.2062400564,0.37008759524283247,0.04027072979001467,529.5277167630059,0.3902943505279734,214,0.24766355140186916,53,0,8,3,31,3,155.85,6.6,182448.17,332.0
BELGARD_BARBERS_001,2026-08-04,44411.02,84.0,7,6344.431428571428,92750.32,165.0,14,6625.022857142858,177746.84000000003,337.0,30,5924.894666666668,349477.24,651.0,60,5824.620666666667,528470.2,931.0,89,5871.89111111111,5719.475,2235.955141469723,0.37738310421772714,0.009026658456806391,527.4386943620178,0.35138993188289586,208,0.2548076923076923,53,1,8,3,31,4,155.85,6.6,185109.72,340.0
BELGARD_BARBERS_001,2026-08-05,42371.2,82.0,7,6053.028571428571,90562.42,162.0,14,6468.744285714286,173619.12000000002,329.0,30,5787.304000000001,345695.94000000006,641.0,60,5761.599000000001,521409.25000000006,923.0,89,5793.436111111112,5670.025,2332.5907552613394,0.4030530891864915,-0.0010584583990406182,527.717689969605,0.35974407657405466,203,0.24630541871921183,50,2,8,3,31,5,155.85,6.6,187113.57,345.0
BELGARD_BARBERS_001,2026-08-06,40977.799999999996,78.0,7,5853.971428571428,91953.62000000001,160.0,14,6568.115714285715,174910.87000000002,326.0,30,5830.362333333334,344302.54,633.0,60,5738.375666666666,522003.75,921.0,89,5800.041666666667,5670.025,2314.3580202173894,0.3969492611095106,0.005227663594370879,536.5364110429449,0.35708729823366603,203,0.2413793103448276,49,3,8,3,31,6,155.85,6.6,186932.82,348.0
BELGARD_BARBERS_001,2026-08-07,44871.75,74.0,7,6410.25,96246.47000000002,159.0,14,6874.747857142858,183480.07,332.0,30,6116.002333333334,353766.79,641.0,60,5896.113166666666,527937.7999999999,922.0,89,5865.975555555555,5719.475,2399.1163461487004,0.39226871008094233,0.0426232219022773,552.6508132530121,0.34040999657346976,209,0.23444976076555024,49,4,8,3,31,7,155.85,6.6,187252.62000000002,357.0
BELGARD_BARBERS_001,2026-08-08,44398.7,70.0,7,6342.671428571428,91995.42000000001,155.0,14,6571.101428571429,187980.62,336.0,30,6266.020666666666,360455.24000000005,652.0,60,6007.587333333334,531941.1,927.0,89,5910.456666666666,6016.725,2462.788282351169,0.39303864659311727,0.060158464912750675,559.4661309523809,0.38265380761059303,206,0.2524271844660194,52,5,8,3,31,8,155.85,6.6,182872.96999999997,352.0
BELGARD_BARBERS_001,2026-08-09,42121.25,64.0,7,6017.321428571428,89816.32,153.0,14,6415.4514285714295,184906.47,333.0,30,6163.549,363447.54,657.0,60,6057.459,532240.3,928.0,89,5913.781111111111,5719.475,2462.5244666389954,0.39953028143996183,0.042234889015356325,555.2746846846846,0.41434758881071065,202,0.25742574257425743,52,6,8,3,31,9,155.85,6.6,184282.32,356.0
BELGARD_BARBERS_001,2026-08-10,40748.75,64.0,7,5821.25,87050.42000000001,153.0,14,6217.887142857144,183632.87,331.0,30,6121.095666666666,355511.33999999997,650.0,60,5925.188999999999,533253.5,930.0,89,5925.038888888889,5719.475,2481.5854920550064,0.40541524380493643,0.03308953433967132,554.782084592145,0.3863488600924225,203,0.2512315270935961,51,0,8,3,31,10,155.85,6.6,183882.31999999998,354.0
BELGARD_BARBERS_001,2026-08-11,41768.549999999996,71.0,7,5966.935714285713,86179.57,155.0,14,6155.683571428572,180474.66999999998,328.0,30,6015.822333333333,342608.13999999996,655.0,60,5710.135666666666,500805.07999999996,930.0,89,5564.500888888889,5570.85,2476.8874541713076,0.4117288239127365,0.08110726432727078,550.2276524390244,0.3501219866477661,204,0.24019607843137256,49,1,8,3,31,11,155.85,6.6,186171.31999999998,355.0
BELGARD_BARBERS_001,2026-08-12,44465.8,76.0,7,6352.257142857144,86837.0,158.0,14,6202.642857142857,177801.61999999997,324.0,30,5926.720666666665,342520.79,653.0,60,5708.679833333333,499324.3300000001,932.0,89,5548.048111111112,5470.85,2467.863189533182,0.4163960693158784,0.06825329340551023,548.7704320987654,0.35538568208771104,205,0.22926829268292684,47,2,8,3,31,12,155.85,6.6,187520.77,358.0
BELGARD_BARBERS_001,2026-08-13,42391.100000000006,76.0,7,6055.8714285714295,83368.9,154.0,14,5954.921428571428,176621.96999999997,323.0,30,5887.398999999999,339648.29000000004,646.0,60,5660.804833333334,498244.13000000006,929.0,89,5536.04588888889,5470.85,2498.285259365378,0.42434447866797853,0.06346643762767434,546.8172445820433,0.35775928668443685,207,0.21256038647342995,44,3,8,3,31,13,155.85,6.6,189812.52,361.0
BELGARD_BARBERS_001,2026-08-14,48079.82,87.0,7,6868.545714285714,92951.57,161.0,14,6639.397857142858,191278.78999999998,343.0,30,6375.959666666666,353408.96,665.0,60,5890.149333333334,509966.0800000001,942.0,89,5666.289777777779,5570.85,3058.4758677839127,0.4796887100421191,0.12524419271179732,557.6641107871719,0.33034582663347045,219,0.2191780821917808,48,4,8,3,31,14,155.85,6.6,180647.99999999997,351.0
BELGARD_BARBERS_001,2026-08-15,42894.670000000006,78.0,7,6127.81,87293.37,148.0,14,6235.240714285714,190690.34,339.0,30,6356.344666666667,352724.36000000004,662.0,60,5878.739333333334,507391.93000000005,938.0,89,5637.6881111111115,5570.85,3069.896092633249,0.4829656435611655,0.12747362773388993,562.508377581121,0.353851432642052,219,0.2146118721461187,47,5,8,3,31,15,155.85,6.6,181347.45,352.0
BELGARD_BARBERS_001,2026-08-16,43294.670000000006,77.0,7,6184.952857142858,85415.92,141.0,14,6101.137142857143,189307.93999999997,333.0,30,6310.264666666666,354725.4600000001,664.0,60,5912.091000000001,512475.98000000004,946.0,90,5694.177555555556,5470.85,3078.2612523378984,0.48781808924727066,0.1081959782778501,568.4923123123123,0.38329137171953803,216,0.22685185185185186,49,6,8,3,31,16,155.85,6.6,184737.55,355.0
BELGARD_BARBERS_001,2026-08-17,43095.22,76.0,7,6156.46,83843.96999999999,140.0,14,5988.854999999999,187238.73999999996,330.0,30,6241.291333333332,354939.76,662.0,60,5915.662666666667,511202.38000000006,947.0,90,5680.026444444446,5370.85,3101.5883780440986,0.49694657922459307,0.09881378095305382,567.3901212121211,0.354065349937732,215,0.22790697674418606,49,0,8,3,31,17,155.85,6.6,184528.74999999997,353.0
BELGARD_BARBERS_001,2026-08-18,43480.37,73.0,7,6211.481428571429,85248.92,144.0,14,6089.208571428571,186953.03999999995,328.0,30,6231.767999999998,357538.11000000004,666.0,60,5958.968500000001,509524.3800000001,943.0,90,5661.382000000001,5277.450000000001,3104.9902192872255,0.4982518956558117,0.1007503114963797,569.9787804878047,0.3264129858492807,216,0.22685185185185186,49,1,8,3,31,18,155.85,6.6,183129.3,349.0
BELGARD_BARBERS_001,2026-08-19,42789.72,72.0,7,6112.817142857143,87255.51999999999,148.0,14,6232.5371428571425,187864.59,328.0,30,6262.153,357455.16000000003,665.0,60,5957.586,507751.88000000006,940.0,90,5641.687555555556,5277.450000000001,3080.34718668762,0.4918990619819764,0.10997869668153659,572.7578963414634,0.3248291761635335,217,0.2350230414746544,51,2,8,3,31,19,155.85,6.6,185221.05000000002,351.0
BELGARD_BARBERS_001,2026-08-20,41893.57,69.0,7,5984.795714285714,84284.67,145.0,14,6020.333571428571,184693.73999999996,322.0,30,6156.457999999999,356374.9600000001,662.0,60,5939.582666666668,503985.43000000005,932.0,90,5599.838111111112,5034.6,3152.380987353739,0.5120445859216028,0.09939928223718653,573.5830434782607,0.3304058924790846,216,0.22685185185185186,49,3,8,3,31,20,155.85,6.6,192593.00000000003,363.0
BELGARD_BARBERS_001,2026-08-21,28542.25,53.0,7,4077.464285714286,76622.07,140.0,14,5473.005,183612.43999999997,322.0,30,6120.414666666666,354000.81000000006,657.0,60,5900.013500000001,503699.73,930.0,90,5596.663666666666,5034.6,3178.606947009684,0.5193450313622026,0.09358271841837196,570.2249689440993,0.3323516641900734,215,0.2372093023255814,51,4,8,3,31,21,155.85,6.6,190898.5,360.0
BELGARD_BARBERS_001,2026-08-22,29349.399999999998,58.0,7,4192.771428571428,72244.07,136.0,14,5160.290714285715,184627.83999999997,324.0,30,6154.261333333332,352532.16,660.0,60,5875.535999999999,503126.13,930.0,90,5590.290333333333,5089.55,3162.059181804091,0.5137999526730246,0.10088402683438424,569.839012345679,0.3581201513271238,213,0.23943661971830985,51,5,8,3,31,22,155.85,6.6,195486.95,368.0
BELGARD_BARBERS_001,2026-08-23,36038.399999999994,71.0,7,5148.342857142857,79333.07,148.0,14,5666.647857142858,189736.63999999998,332.0,30,6324.554666666666,361321.70999999996,674.0,60,6022.028499999999,511915.68,944.0,90,5687.952,5089.55,3318.6304963350294,0.5247216082779315,0.11192124452995844,571.4959036144578,0.4105269282727891,220,0.2409090909090909,53,6,8,3,31,23,155.85,6.6,191389.7,359.0
BELGARD_BARBERS_001,2026-08-24,39377.95,79.0,7,5625.421428571428,82473.17,155.0,14,5890.940714285714,183548.24,329.0,30,6118.274666666666,367464.01,687.0,60,6124.400166666667,515970.63,956.0,90,5733.007,5089.55,3032.2505935500926,0.4956055029811388,0.0672016738627157,557.8973860182371,0.34959692340280685,216,0.2638888888888889,57,0,8,3,31,24,155.85,6.6,187943.0,350.0
BELGARD_BARBERS_001,2026-08-25,45363.09999999999,91.0,7,6480.442857142856,88843.47,164.0,14,6345.962142857143,187655.38999999996,339.0,30,6255.179666666665,371771.16,692.0,60,6196.186,523260.18,969.0,90,5814.0019999999995,5089.55,3153.100754627084,0.5040783674735511,0.07588192550787998,553.5557227138642,0.30537225709317495,219,0.273972602739726,60,1,8,3,31,25,155.85,6.6,184749.59999999998,339.0
BELGARD_BARBERS_001,2026-08-26,47254.299999999996,94.0,7,6750.614285714285,90044.02,166.0,14,6431.715714285715,186579.59,340.0,30,6219.319666666666,367613.51,687.0,60,6126.891833333333,526760.18,974.0,90,5852.890888888889,5089.55,3148.7037528041947,0.5062778441314285,0.06260645973657297,548.7635,0.3071330042048008,223,0.2556053811659193,57,2,8,3,31,26,155.85,6.6,187240.79999999996,344.0
BELGARD_BARBERS_001,2026-08-27,53934.5,105.0,7,7704.928571428572,95828.06999999999,174.0,14,6844.862142857142,190288.94,346.0,30,6342.964666666667,369829.4600000001,686.0,60,6163.824333333335,532656.33,981.0,90,5918.403666666666,5089.55,3189.4514816466826,0.5028329258095635,0.07173572873901657,549.9680346820809,0.3011459835763445,227,0.2687224669603524,61,3,8,3,31,27,155.85,6.6,185833.64999999997,340.0
BELGARD_BARBERS_001,2026-08-28,52590.0,103.0,7,7512.857142857143,81132.25,156.0,14,5795.160714285715,188011.22,345.0,30,6267.040666666667,365859.16000000003,681.0,60,6097.652666666667,526747.58,971.0,90,5852.750888888889,5089.55,3265.113410806158,0.5209976421842523,0.07078547945108737,544.9600579710145,0.3047943096162027,226,0.2610619469026549,59,4,8,3,31,28,155.85,6.6,195147.34999999998,353.0
BELGARD_BARBERS_001,2026-08-29,56379.549999999996,109.0,7,8054.221428571428,85728.95,167.0,14,6123.496428571429,190031.57000000004,351.0,30,6334.385666666668,369471.26,687.0,60,6157.854333333334,532747.03,983.0,90,5919.411444444445,5089.55,3297.412444972252,0.5205575755079408,0.07010396660493834,541.4004843304845,0.34830712602121844,231,0.26406926406926406,61,5,8,3,31,29,155.85,6.6,193141.84999999998,344.0
BELGARD_BARBERS_001,2026-08-30,52094.4,103.0,7,7442.057142857143,88132.79999999999,174.0,14,6295.199999999999,190456.32,350.0,30,6348.544,370792.16000000003,691.0,60,6179.869333333334,533371.78,987.0,90,5926.3531111111115,5089.55,3301.420649151513,0.5200280015624863,0.0712395770169918,544.1609142857143,0.3868459182661935,226,0.2831858407079646,64,6,8,3,31,30,155.85,6.6,189553.94999999998,338.0
BELGARD_BARBERS_001,2026-08-31,50344.950000000004,96.0,7,7192.135714285715,89722.9,175.0,14,6408.778571428571,186296.47000000003,340.0,30,6209.882333333334,370313.06,688.0,60,6171.884333333333,533389.93,986.0,90,5926.554777777778,5089.55,3234.0805118535964,0.5207957797354286,0.047806451839088826,547.9307941176471,0.34209531721132447,219,0.2785388127853881,61,0,8,3,31,31,155.85,6.6,187851.75,334.0
